<?xml version="1.0" encoding="ISO-8859-1"?>
<?xml-stylesheet type="text/xsl" href="../KITH/Epikrise/v1.1/Epikrisev1-1-2html.xsl"?>
<Message xmlns="http://www.kith.no/xmlstds/epikrise/2006-09-23" xmlns:xsd="http://www.w3.org/2001/XMLSchema.xsd" xmlns:kith="http://www.kith.no/xmlstds" xmlns:xsi="http://www.w3.org/2001/XMLSchema-instance" xsi:schemaLocation="http://www.kith.no/xmlstds/epikrise/2006-09-23 Epikrise-v1.1.xsd">
  <Type V="E"/>
  <MsgVersion>v1.1 2006-09-23</MsgVersion>
  <MIGversion>v1.1 2006-09-23</MIGversion>
  <GenDate V="[GenDate]"/>
  <MsgId>[MsgId]</MsgId>
  
  <ServRprt>
    <ServType V="N"/>  <!-- Ny -->
    <IssueDate V="[IssueDate]"/>
    <ApprDate V="[ApprDate]"/>
    <Status V="[StatusValue]"/>
    <Ack V="J"/>
    <MsgDescr>[FORM.Oppholdstype.Option]</MsgDescr>
    <ServProvId>[MsgId]</ServProvId>
    <Event>
      <ReportedEvent>
        <StartDateTime V="[FORM.GBD_INNDATO.AsYMD]"/><EndDateTime V="[FORM.GBD_UTDATO.AsYMD]"/>
      </ReportedEvent>
      <ServType V="N"/>
      <AdmOutcome V="[FORM.AdmOutcome]"/>
      <Id>1</Id>
      <Service>
        <AdmCat V="1"/>  <!-- Heldognsopphold -->
      </Service>
      [PROBLEMS.KITH]
      <Comment>
        <Heading V="�I"/>
        <TextResultValue>[FORM.EPIKRISE_ARSAK]</TextResultValue>
      </Comment>
      <Comment>
        <Heading V="TS"/>
        <TextResultValue>[FORM.EPIKRISE_TIDL_SYKD]</TextResultValue>
      </Comment>
      <Comment>
        <Heading V="FA"/>
        <TextResultValue>[FORM.EPIKRISE_FAM_SOS]</TextResultValue>
      </Comment>
      <Comment>
        <Heading V="FU"/>
        <TextResultValue>[FORM.EPIKRISE_FUNN]</TextResultValue>
      </Comment>
      <Comment>
        <Heading V="FO"/>
        <TextResultValue>[FORM.EPIKRISE_FORLOP]</TextResultValue>
      </Comment>
      <Comment>
        <Heading V="UP"/>
        <TextResultValue>[FORM.EPIKRISE_UBESVART]</TextResultValue>
      </Comment>
      <Comment>
        <Heading V="HJ"/>
        <TextResultValue>[FORM.EPIKRISE_HJELPETILTAK]</TextResultValue>
      </Comment>
      <Comment>
        <Heading V="VU"/>
        <TextResultValue>[FORM.EPIKRISE_VURDERING]</TextResultValue>
      </Comment>
      <Comment>
        <Heading V="OP"/>
        <TextResultValue>[FORM.EPIKRISE_PLAN]</TextResultValue>
      </Comment>
      <Comment>
        <Heading V="ME"/>
        <TextResultValue>[DRUGLIST.CURRENT.TEXT]</TextResultValue>
      </Comment>
      <Comment>
        <Heading V="IP"/>
        <TextResultValue>[FORM.EPIKRISE_INFO]</TextResultValue>
      </Comment>
      <Comment>
        <Heading V="TB"/>
        <TextResultValue>[FORM.COMMENT]</TextResultValue>
      </Comment>
    </Event>

    <Patient>
       <Sex V="[Patient.GenderId]"/>
       <DateOfBirth V="[Patient.DOBYMD]"/>
       <Name>[Patient.ReverseName]</Name>
       <OffId>[Patient.NationalId]</OffId>
       <TypeOffId V="FNR"/>
       <Address>
           <Type V="H"/>
           <StreetAdr>[DATA.ADDRESS]</StreetAdr>
           <PostalCode>[DATA.ZIP]</PostalCode>
           <City>[DATA.CITY]</City>
       </Address>
      </Patient>
      <ServProvider>
         <Role V="SPR" DN="Tjenesteyter"/>
         <HCP>
           <Inst>
             <Name>[Patient.CenterName]</Name>
             <Id>[Patient.CenterId]</Id>
             <TypeId V="LIN" DN="Lokal identifikator for institusjoner" ></TypeId>
             <Dept>
               <Name>[Patient.GroupName]</Name>
               <Id>[Patient.GroupId]</Id>
               <TypeId V="LAV" DN="Lokal identifikator for avdelinger" ></TypeId>
             </Dept>
             <HCPerson>
               <Name>[User.FullName]</Name>
               <Id>[User.HPRNo]</Id>
               <TypeId V="HPR" DN="Off. identifikator for helsepersonell (HPR-nummer)" ></TypeId>
             </HCPerson>
           </Inst>
         </HCP>
      </ServProvider>
     <Requester>
       <Role V="REQ" DN="Rekvirent"/>
       <ComMethod V="EDI" DN="EDI" ></ComMethod>
       <HCP>
         <Inst>
           <Name>Sykepleietjenesten</Name>
           <Id>50078</Id>
           <TypeId V="HER" DN="Identifikator fra Helsetjenesteenhetsregisteret (HER-id)" />
         </Inst>
       </HCP>
     </Requester>
   </ServRprt>
</Message>
