<?xml version="1.0" encoding="ISO-8859-1"?>
<FEST.GruppeVilkar>
	<row Id="{1AC881DA-6427-4738-B75E-428AF570350D}" RefRefusjonsgruppe="RID_131141" RefVilkar="ID_5010"/>
	<row Id="{23385C94-AF5C-4773-B6AF-336B417AB0C1}" RefRefusjonsgruppe="RID_131142" RefVilkar="ID_5010"/>
	<row Id="{CADF1194-A687-428F-8AB5-C9B8521C0E7F}" RefRefusjonsgruppe="RID_131143" RefVilkar="ID_5010"/>
	<row Id="{EBAA9E27-C14D-4883-BB63-A48D0D4C3DD3}" RefRefusjonsgruppe="RID_131189" RefVilkar="ID_5010"/>
	<row Id="{083AB3E2-B7AC-41C0-9B47-0108636D5BF3}" RefRefusjonsgruppe="RID_131190" RefVilkar="ID_5010"/>
	<row Id="{BA1E51E9-775D-4B0F-81E2-7FF0D01C582F}" RefRefusjonsgruppe="RID_131191" RefVilkar="ID_5010"/>
	<row Id="{5B6C052F-2DE2-4F3B-89D7-3FDCA8741E0C}" RefRefusjonsgruppe="RID_131192" RefVilkar="ID_5010"/>
	<row Id="{36941873-87FD-4CDB-8006-0026C2FE5DEC}" RefRefusjonsgruppe="RID_131193" RefVilkar="ID_5010"/>
	<row Id="{92A1E597-54AB-40BA-831F-A64642B68231}" RefRefusjonsgruppe="RID_131194" RefVilkar="ID_5010"/>
	<row Id="{6B762ED0-3561-4033-BCE6-0CA7376CA765}" RefRefusjonsgruppe="RID_131195" RefVilkar="ID_5010"/>
	<row Id="{2C8357B5-6B45-425B-94B9-0592F00653CF}" RefRefusjonsgruppe="RID_131248" RefVilkar="ID_5010"/>
	<row Id="{417891AE-3AB2-4E39-8F8B-C1D8F7AB92BC}" RefRefusjonsgruppe="RID_131249" RefVilkar="ID_5010"/>
	<row Id="{C2270B2D-2240-40D0-BA7F-3954D9D699A2}" RefRefusjonsgruppe="RID_131250" RefVilkar="ID_5010"/>
	<row Id="{A2B77C80-EE96-45A2-9433-8761E5F3251B}" RefRefusjonsgruppe="RID_131251" RefVilkar="ID_5010"/>
	<row Id="{5F28FCA9-DB51-4F55-9E50-FA38D23BF3FF}" RefRefusjonsgruppe="RID_131252" RefVilkar="ID_5010"/>
	<row Id="{C308E2B7-C313-4742-ADBB-B929A523CFB1}" RefRefusjonsgruppe="RID_131253" RefVilkar="ID_5010"/>
	<row Id="{925A8CC3-0C09-456F-B713-C5EDFEADD443}" RefRefusjonsgruppe="RID_131254" RefVilkar="ID_5010"/>
	<row Id="{BAA88639-6E85-40BB-9D66-4084698ACA59}" RefRefusjonsgruppe="RID_131258" RefVilkar="ID_5010"/>
	<row Id="{54C48CC9-74E1-46B2-8D41-C9937F1D8E9F}" RefRefusjonsgruppe="RID_131259" RefVilkar="ID_5010"/>
	<row Id="{38213E66-7C1D-4D88-89AB-D81418D0B4D2}" RefRefusjonsgruppe="RID_131260" RefVilkar="ID_5010"/>
	<row Id="{CBADA505-B961-49E3-B68E-C000F2C2A530}" RefRefusjonsgruppe="RID_131261" RefVilkar="ID_5010"/>
	<row Id="{0E6B9739-855B-4BE0-9E0E-6E82ECB46E83}" RefRefusjonsgruppe="RID_131262" RefVilkar="ID_5010"/>
	<row Id="{47D6ACD4-32E4-4C27-A932-7184BD8465D1}" RefRefusjonsgruppe="RID_131263" RefVilkar="ID_5010"/>
	<row Id="{7CD9AC0A-C6D8-487F-A50A-AC2B06FB809D}" RefRefusjonsgruppe="RID_131264" RefVilkar="ID_5010"/>
	<row Id="{FA9765B1-1B49-4BF8-9CEA-0D712BB996A0}" RefRefusjonsgruppe="RID_131265" RefVilkar="ID_5010"/>
	<row Id="{B3C9CB09-E474-452C-B60D-98EB715AB933}" RefRefusjonsgruppe="RID_131266" RefVilkar="ID_5010"/>
	<row Id="{4A591592-816F-436A-8718-6D8D0CED278D}" RefRefusjonsgruppe="RID_131267" RefVilkar="ID_5010"/>
	<row Id="{F3665069-0743-4ED8-9C07-6FF9A234DD12}" RefRefusjonsgruppe="RID_131268" RefVilkar="ID_5010"/>
	<row Id="{7BAE20C6-4708-41FB-9D34-20578B6F4CAB}" RefRefusjonsgruppe="RID_131269" RefVilkar="ID_5010"/>
	<row Id="{BC3463CF-479E-4B78-BA9A-84756DDBE6C3}" RefRefusjonsgruppe="RID_131270" RefVilkar="ID_5010"/>
	<row Id="{D2C8E5DA-0F9F-489F-9B41-BDFAD7BA7FD0}" RefRefusjonsgruppe="RID_131271" RefVilkar="ID_5010"/>
	<row Id="{97C8FB01-9D7E-4130-BAA9-FDFA918A4B77}" RefRefusjonsgruppe="RID_131272" RefVilkar="ID_5010"/>
	<row Id="{BAF4E014-8BA6-4B89-97D3-7A2C04600654}" RefRefusjonsgruppe="RID_131273" RefVilkar="ID_5010"/>
	<row Id="{E6097F01-BC5A-42FF-8C72-A2C981838452}" RefRefusjonsgruppe="RID_131274" RefVilkar="ID_5010"/>
	<row Id="{79D1E26D-C29B-4902-8877-E73099C6DD6F}" RefRefusjonsgruppe="RID_136048" RefVilkar="ID_5010"/>
	<row Id="{56995D55-F21C-4765-804E-55A2390CFBAE}" RefRefusjonsgruppe="RID_138608" RefVilkar="ID_5010"/>
	<row Id="{6A23A863-C901-4F88-8D07-96D0CE634E8C}" RefRefusjonsgruppe="RID_1422749" RefVilkar="ID_5010"/>
	<row Id="{DD194365-952F-45B9-B2F9-C2D41BAA02F7}" RefRefusjonsgruppe="RID_131141" RefVilkar="ID_5011"/>
	<row Id="{C7452E03-6C25-4785-9C4C-3351F3F280CA}" RefRefusjonsgruppe="RID_131142" RefVilkar="ID_5011"/>
	<row Id="{90982BC6-2A21-4100-A2EC-DE4AE9AFF2CD}" RefRefusjonsgruppe="RID_131143" RefVilkar="ID_5011"/>
	<row Id="{CBC06B0A-E92C-416E-A125-2968DBFA3636}" RefRefusjonsgruppe="RID_131189" RefVilkar="ID_5011"/>
	<row Id="{4B69A238-29E8-4105-A70A-FD0191327585}" RefRefusjonsgruppe="RID_131190" RefVilkar="ID_5011"/>
	<row Id="{94EECE2E-FDFE-4225-852E-40D7940CC998}" RefRefusjonsgruppe="RID_131191" RefVilkar="ID_5011"/>
	<row Id="{A1CEF9B6-D9F1-4D5E-A0FC-1BEA5967D007}" RefRefusjonsgruppe="RID_131192" RefVilkar="ID_5011"/>
	<row Id="{86168DE6-4994-4EC8-A137-A79816F81599}" RefRefusjonsgruppe="RID_131193" RefVilkar="ID_5011"/>
	<row Id="{6BB9BF61-6B69-4572-A02D-C75F6E6DB0E5}" RefRefusjonsgruppe="RID_131194" RefVilkar="ID_5011"/>
	<row Id="{323DD5FC-6377-436E-9552-1E4B26AABC54}" RefRefusjonsgruppe="RID_131195" RefVilkar="ID_5011"/>
	<row Id="{8DCD8805-AA2F-4D5C-ACB9-C44B97085A3B}" RefRefusjonsgruppe="RID_131248" RefVilkar="ID_5011"/>
	<row Id="{227D9FE8-EE58-4E1C-BA90-F36D4A6B9056}" RefRefusjonsgruppe="RID_131249" RefVilkar="ID_5011"/>
	<row Id="{92744726-3926-4214-9597-6DD501B8E95A}" RefRefusjonsgruppe="RID_131250" RefVilkar="ID_5011"/>
	<row Id="{C37A5236-2601-4EF6-A20C-8263389D0A0C}" RefRefusjonsgruppe="RID_131251" RefVilkar="ID_5011"/>
	<row Id="{54741DC6-4EB7-4434-923A-1995B4E4C385}" RefRefusjonsgruppe="RID_131252" RefVilkar="ID_5011"/>
	<row Id="{401BCE59-00AC-486F-AADD-2262DB93AA7B}" RefRefusjonsgruppe="RID_131253" RefVilkar="ID_5011"/>
	<row Id="{8BFBE4CE-27E8-4452-B850-E29AF630769F}" RefRefusjonsgruppe="RID_131254" RefVilkar="ID_5011"/>
	<row Id="{025D70FA-64D4-4B0B-862C-88D75B6D76FE}" RefRefusjonsgruppe="RID_131258" RefVilkar="ID_5011"/>
	<row Id="{CF77EFF5-B7AE-4C31-87F2-F8122502A030}" RefRefusjonsgruppe="RID_131259" RefVilkar="ID_5011"/>
	<row Id="{BE2595BF-B724-44FC-8C8C-474D35164FD4}" RefRefusjonsgruppe="RID_131260" RefVilkar="ID_5011"/>
	<row Id="{B175EB3D-6828-441D-ADDE-8D32C4A52C24}" RefRefusjonsgruppe="RID_131261" RefVilkar="ID_5011"/>
	<row Id="{80F79A81-87EE-42F1-84CD-359524299530}" RefRefusjonsgruppe="RID_131262" RefVilkar="ID_5011"/>
	<row Id="{7D21CD75-B5B3-4873-8899-9A0548CA391F}" RefRefusjonsgruppe="RID_131263" RefVilkar="ID_5011"/>
	<row Id="{22D4D142-943C-4839-9751-412A1F8E1957}" RefRefusjonsgruppe="RID_131264" RefVilkar="ID_5011"/>
	<row Id="{A3C9342A-ECDD-434D-9C30-FE33C24B1890}" RefRefusjonsgruppe="RID_131265" RefVilkar="ID_5011"/>
	<row Id="{5817DAC4-EAFC-4440-8849-AE4FCFDAC6D5}" RefRefusjonsgruppe="RID_131266" RefVilkar="ID_5011"/>
	<row Id="{8E7F5DA8-9F4C-48A7-8CDB-D03256B42331}" RefRefusjonsgruppe="RID_131267" RefVilkar="ID_5011"/>
	<row Id="{B882FB14-E236-4A7B-9FF6-C7BF7B8C8D4E}" RefRefusjonsgruppe="RID_131268" RefVilkar="ID_5011"/>
	<row Id="{816BC07F-98A1-4CA1-8DFA-8F6229BAB199}" RefRefusjonsgruppe="RID_131269" RefVilkar="ID_5011"/>
	<row Id="{6EF06988-D09B-4268-AE72-0AB6C3A34245}" RefRefusjonsgruppe="RID_131270" RefVilkar="ID_5011"/>
	<row Id="{16585990-759B-4E91-88C1-162FC981E935}" RefRefusjonsgruppe="RID_131271" RefVilkar="ID_5011"/>
	<row Id="{406E6D82-6763-428A-B31F-9264415CEA5C}" RefRefusjonsgruppe="RID_131272" RefVilkar="ID_5011"/>
	<row Id="{2E146B6B-1996-4736-B008-FC3A178C7A44}" RefRefusjonsgruppe="RID_131273" RefVilkar="ID_5011"/>
	<row Id="{E18901E8-AA45-424E-8ED8-EC0F5257B6CE}" RefRefusjonsgruppe="RID_131274" RefVilkar="ID_5011"/>
	<row Id="{7ADB7A4C-C3AF-4AA8-AFF9-03508DAFA22D}" RefRefusjonsgruppe="RID_136048" RefVilkar="ID_5011"/>
	<row Id="{F1027E5D-715A-408E-A434-943B636A0368}" RefRefusjonsgruppe="RID_138608" RefVilkar="ID_5011"/>
	<row Id="{76C687B4-0EB4-4233-A8DB-C03084DD1722}" RefRefusjonsgruppe="RID_1422749" RefVilkar="ID_5011"/>
	<row Id="{DCA29248-AE4B-43B0-8431-7D0689C71825}" RefRefusjonsgruppe="RID_131258" RefVilkar="ID_5013"/>
	<row Id="{742C6D60-926C-4985-9214-58AA4B8F8A3C}" RefRefusjonsgruppe="RID_131248" RefVilkar="ID_5016"/>
	<row Id="{87AF20FA-C31B-4EE9-A838-415049D6610B}" RefRefusjonsgruppe="RID_131323" RefVilkar="ID_5016"/>
	<row Id="{D892CE36-5416-45AD-BDFB-B5D46EA6EF4D}" RefRefusjonsgruppe="RID_131324" RefVilkar="ID_5016"/>
	<row Id="{646CBC60-1B38-4C44-82FE-D2E366ABAB98}" RefRefusjonsgruppe="RID_131325" RefVilkar="ID_5016"/>
	<row Id="{52D1658E-6EFB-47BE-B908-7D90E6C06160}" RefRefusjonsgruppe="RID_131326" RefVilkar="ID_5016"/>
	<row Id="{BE362A52-B8F8-4F2F-9BB7-D08CEEE8D285}" RefRefusjonsgruppe="RID_131413" RefVilkar="ID_5016"/>
	<row Id="{C52B77AD-12BB-4692-A8C8-E187563EE3E3}" RefRefusjonsgruppe="RID_138608" RefVilkar="ID_5016"/>
	<row Id="{5787458B-F161-4BF4-AE2E-9AC6D0233D28}" RefRefusjonsgruppe="RID_1422749" RefVilkar="ID_5016"/>
	<row Id="{9598E98E-053D-416D-8775-54F25B2859B7}" RefRefusjonsgruppe="RID_348956" RefVilkar="ID_5016"/>
	<row Id="{9A4339E9-1BCB-4658-988B-6F1E4E574D4C}" RefRefusjonsgruppe="RID_899952" RefVilkar="ID_5016"/>
	<row Id="{1691FB5F-519D-411E-B380-ADFA8D36D69B}" RefRefusjonsgruppe="RID_936952" RefVilkar="ID_5016"/>
	<row Id="{031D2C13-C312-4EB0-AB78-937EE54BD587}" RefRefusjonsgruppe="RID_131141" RefVilkar="ID_5017"/>
	<row Id="{52C2F5EB-F43A-406D-80D2-AA1802022C9E}" RefRefusjonsgruppe="RID_131142" RefVilkar="ID_5017"/>
	<row Id="{8B383D58-987B-4090-BD5D-FE33E511FF98}" RefRefusjonsgruppe="RID_131192" RefVilkar="ID_5017"/>
	<row Id="{E82454BF-9A49-42D2-8121-835D01EAE839}" RefRefusjonsgruppe="RID_131194" RefVilkar="ID_5017"/>
	<row Id="{7286DE38-52B4-43B4-904F-AD07A9778749}" RefRefusjonsgruppe="RID_131170" RefVilkar="ID_5018"/>
	<row Id="{236CFFE6-663A-4A02-BD6E-60E4C869F719}" RefRefusjonsgruppe="RID_131196" RefVilkar="ID_5018"/>
	<row Id="{E4EA17BD-13DE-4BF1-AF21-5936612A8E5A}" RefRefusjonsgruppe="RID_268951" RefVilkar="ID_5018"/>
	<row Id="{807234DF-CE10-430C-A723-117E77784243}" RefRefusjonsgruppe="RID_131173" RefVilkar="ID_5019"/>
	<row Id="{C6186D6F-A893-41A2-8FC0-4C917D2CEE10}" RefRefusjonsgruppe="RID_131213" RefVilkar="ID_5019"/>
	<row Id="{D8FD2B55-265B-4474-B287-85A5323B22FD}" RefRefusjonsgruppe="RID_131170" RefVilkar="ID_5020"/>
	<row Id="{6F166C2E-E98F-4631-96CF-24384C058177}" RefRefusjonsgruppe="RID_131196" RefVilkar="ID_5020"/>
	<row Id="{16C39D46-01E1-45BE-920E-70AF99E95B1C}" RefRefusjonsgruppe="RID_131409" RefVilkar="ID_5020"/>
	<row Id="{0315A738-C371-4878-B023-B932E793032D}" RefRefusjonsgruppe="RID_131410" RefVilkar="ID_5020"/>
	<row Id="{C9B8E173-2814-4FD2-BC9C-FA5CBFC9C04B}" RefRefusjonsgruppe="RID_131411" RefVilkar="ID_5020"/>
	<row Id="{475A04AA-96E0-4935-8DED-CDC66D30E424}" RefRefusjonsgruppe="RID_131412" RefVilkar="ID_5020"/>
	<row Id="{05395291-9BE3-4A8D-A4F1-FA0929661FC4}" RefRefusjonsgruppe="RID_131413" RefVilkar="ID_5020"/>
	<row Id="{DF0DDBDF-FA45-44F4-AD48-9BAEF9EB085A}" RefRefusjonsgruppe="RID_131414" RefVilkar="ID_5020"/>
	<row Id="{AD5B7821-18B7-4A80-9838-0E9D69C3D47E}" RefRefusjonsgruppe="RID_131415" RefVilkar="ID_5020"/>
	<row Id="{75589992-61D9-449A-857A-1CCD74CBBD5A}" RefRefusjonsgruppe="RID_131416" RefVilkar="ID_5020"/>
	<row Id="{7FF0A5B0-9BE8-431A-A2F3-DDB096C0BB94}" RefRefusjonsgruppe="RID_131417" RefVilkar="ID_5020"/>
	<row Id="{CBAC233B-CBB5-4FA3-BAAA-ABC894B8E8DB}" RefRefusjonsgruppe="RID_131418" RefVilkar="ID_5020"/>
	<row Id="{0C16CED3-7BC9-49C7-BC83-B4846B868213}" RefRefusjonsgruppe="RID_131419" RefVilkar="ID_5020"/>
	<row Id="{3EF3FF61-81B2-4A1B-BC33-79F136CF3FCE}" RefRefusjonsgruppe="RID_131420" RefVilkar="ID_5020"/>
	<row Id="{FB460863-094B-44B7-ABD1-8CDC41C9E07B}" RefRefusjonsgruppe="RID_131421" RefVilkar="ID_5020"/>
	<row Id="{E05FC0A3-7E6D-4472-B033-4E7A02CD55E9}" RefRefusjonsgruppe="RID_1562749" RefVilkar="ID_5020"/>
	<row Id="{FBABFDFF-04BA-4322-A579-7F44DC960563}" RefRefusjonsgruppe="RID_268951" RefVilkar="ID_5020"/>
	<row Id="{3A5EAA2D-2AC3-4497-80C8-EAF0C305694E}" RefRefusjonsgruppe="RID_268952" RefVilkar="ID_5020"/>
	<row Id="{942F2127-2BF6-4623-8F33-CD75052046E5}" RefRefusjonsgruppe="RID_268953" RefVilkar="ID_5020"/>
	<row Id="{4EDBF350-38B9-43CD-B899-92720CB32221}" RefRefusjonsgruppe="RID_268954" RefVilkar="ID_5020"/>
	<row Id="{DEB68869-2010-44DA-A650-BC9CD06AAEE4}" RefRefusjonsgruppe="RID_268955" RefVilkar="ID_5020"/>
	<row Id="{0F86A3ED-9122-4138-9740-6CA4CA5A0E1B}" RefRefusjonsgruppe="RID_268956" RefVilkar="ID_5020"/>
	<row Id="{FB4E94AE-2354-4E55-A2B9-48C7A3BBBE8E}" RefRefusjonsgruppe="RID_268957" RefVilkar="ID_5020"/>
	<row Id="{0FAB89CD-9788-48F0-9BD0-58B6DC7B630C}" RefRefusjonsgruppe="RID_268958" RefVilkar="ID_5020"/>
	<row Id="{7ED16BA6-FE4D-4185-95B8-2B035CC5B220}" RefRefusjonsgruppe="RID_348956" RefVilkar="ID_5020"/>
	<row Id="{542AD95A-33F4-4915-BD89-B41E27DFB9E8}" RefRefusjonsgruppe="RID_131417" RefVilkar="ID_5021"/>
	<row Id="{6C127855-2335-4C20-993E-EAFA948507CC}" RefRefusjonsgruppe="RID_131418" RefVilkar="ID_5021"/>
	<row Id="{C8B6CB1C-91BE-4882-85AE-86E9A7A9F39C}" RefRefusjonsgruppe="RID_348956" RefVilkar="ID_5022"/>
	<row Id="{7BF75F66-FC63-43F0-ADF1-E59A3B4A2824}" RefRefusjonsgruppe="RID_348956" RefVilkar="ID_5023"/>
	<row Id="{D6EBF55C-FD8D-423E-9A36-9DA80827D08F}" RefRefusjonsgruppe="RID_131171" RefVilkar="ID_5030"/>
	<row Id="{07788130-3B96-4D67-9466-563F4A16F3B3}" RefRefusjonsgruppe="RID_131197" RefVilkar="ID_5030"/>
	<row Id="{BF687934-6511-4BC4-B074-C1C0943E5FC8}" RefRefusjonsgruppe="RID_131376" RefVilkar="ID_5030"/>
	<row Id="{A595B154-B483-4DC7-A567-D57171D80B35}" RefRefusjonsgruppe="RID_131377" RefVilkar="ID_5030"/>
	<row Id="{5CEEF8A1-FA30-4440-A969-B98467145035}" RefRefusjonsgruppe="RID_131378" RefVilkar="ID_5030"/>
	<row Id="{3A6DD7CE-BF63-48F9-BB55-09F9ED679BFE}" RefRefusjonsgruppe="RID_131379" RefVilkar="ID_5030"/>
	<row Id="{97818702-4267-4B0D-A5FB-D5EE5E4E2795}" RefRefusjonsgruppe="RID_131380" RefVilkar="ID_5030"/>
	<row Id="{8351DBAC-28E5-4307-9C30-67F7E516BFE7}" RefRefusjonsgruppe="RID_131381" RefVilkar="ID_5030"/>
	<row Id="{C438B7A6-71D4-4B28-B713-3690DE69E357}" RefRefusjonsgruppe="RID_131382" RefVilkar="ID_5030"/>
	<row Id="{4677C351-6726-41A1-9737-DDEC0C155785}" RefRefusjonsgruppe="RID_131172" RefVilkar="ID_5040"/>
	<row Id="{DDA4B6E0-317B-4E06-99AA-F591A302C979}" RefRefusjonsgruppe="RID_131198" RefVilkar="ID_5040"/>
	<row Id="{2926D0C8-A6A8-4209-9624-E42251AD0229}" RefRefusjonsgruppe="RID_131199" RefVilkar="ID_5040"/>
	<row Id="{A0893F66-356F-448A-BC8D-E5941D46E437}" RefRefusjonsgruppe="RID_131200" RefVilkar="ID_5040"/>
	<row Id="{BA2EE40F-201C-405E-B969-93DD770986AE}" RefRefusjonsgruppe="RID_131201" RefVilkar="ID_5040"/>
	<row Id="{22F9B942-3671-42F4-A58D-C08E2FBE1CB8}" RefRefusjonsgruppe="RID_131202" RefVilkar="ID_5040"/>
	<row Id="{A390BB8F-37E6-474D-A756-2BC9A9189F28}" RefRefusjonsgruppe="RID_131203" RefVilkar="ID_5040"/>
	<row Id="{4B689C54-1A1B-47FE-835C-29CD1BDAA04C}" RefRefusjonsgruppe="RID_131204" RefVilkar="ID_5040"/>
	<row Id="{EEC12A72-4EF9-4D9C-AA97-4F4DFE10ACC4}" RefRefusjonsgruppe="RID_131397" RefVilkar="ID_5040"/>
	<row Id="{65BB6218-BA5E-425B-AD5D-099A2A324E71}" RefRefusjonsgruppe="RID_131398" RefVilkar="ID_5040"/>
	<row Id="{9B42E850-74D7-4334-9E1B-E1CC8EB0744C}" RefRefusjonsgruppe="RID_131399" RefVilkar="ID_5040"/>
	<row Id="{447CDCDB-3284-40FD-B703-EFC8EF5E1907}" RefRefusjonsgruppe="RID_131400" RefVilkar="ID_5040"/>
	<row Id="{7BA4EB46-10D9-41E5-B7F4-1669BB133282}" RefRefusjonsgruppe="RID_131401" RefVilkar="ID_5040"/>
	<row Id="{9D6AC984-6608-4F43-BAC8-8CCC154B2C14}" RefRefusjonsgruppe="RID_131402" RefVilkar="ID_5040"/>
	<row Id="{DCF82757-E96B-4A66-AA7A-37F0D79CA735}" RefRefusjonsgruppe="RID_131403" RefVilkar="ID_5040"/>
	<row Id="{DB05F0DA-0113-4A9D-8EC5-4CFC18BB4D5D}" RefRefusjonsgruppe="RID_131404" RefVilkar="ID_5040"/>
	<row Id="{7203F557-D6D4-470B-B9E8-9A9AFE5A7DA5}" RefRefusjonsgruppe="RID_131405" RefVilkar="ID_5040"/>
	<row Id="{E757BF5B-E3D4-43D4-9B34-59D0DCF5995E}" RefRefusjonsgruppe="RID_131406" RefVilkar="ID_5040"/>
	<row Id="{00C4E4AA-3B14-402A-AE9E-D2519D84B58A}" RefRefusjonsgruppe="RID_131408" RefVilkar="ID_5040"/>
	<row Id="{A73635DF-D1A4-4519-89C0-E3D95714D4CF}" RefRefusjonsgruppe="RID_899952" RefVilkar="ID_5040"/>
	<row Id="{0631EFAC-BFAC-4435-B286-F3EB988DC869}" RefRefusjonsgruppe="RID_131172" RefVilkar="ID_5041"/>
	<row Id="{3E84014C-4E4E-4D7F-908F-6810C347C492}" RefRefusjonsgruppe="RID_131200" RefVilkar="ID_5041"/>
	<row Id="{FCF0ED44-8EE5-48C7-B868-40869496C40A}" RefRefusjonsgruppe="RID_899952" RefVilkar="ID_5042"/>
	<row Id="{DC996F62-8EAB-491E-8394-551139F6F9C8}" RefRefusjonsgruppe="RID_131172" RefVilkar="ID_5043"/>
	<row Id="{EDD632EA-0C67-4CA3-8F88-A0292B20535F}" RefRefusjonsgruppe="RID_131397" RefVilkar="ID_5044"/>
	<row Id="{30AF193B-754D-4DE0-93F8-C5643C11D87E}" RefRefusjonsgruppe="RID_131198" RefVilkar="ID_5045"/>
	<row Id="{09502366-74B4-476C-9137-0388B226FFFC}" RefRefusjonsgruppe="RID_131397" RefVilkar="ID_5045"/>
	<row Id="{FF1A4996-3631-4A50-B5BB-44D4FEFF9A69}" RefRefusjonsgruppe="RID_1112952" RefVilkar="ID_5050"/>
	<row Id="{6EF3DDBB-031A-4431-BF4B-AE1A3115C140}" RefRefusjonsgruppe="RID_131173" RefVilkar="ID_5050"/>
	<row Id="{D7CB19F7-64B1-45F7-A313-CB904020067E}" RefRefusjonsgruppe="RID_131205" RefVilkar="ID_5050"/>
	<row Id="{86037F70-0883-4EBE-822B-EABD36CBE8BF}" RefRefusjonsgruppe="RID_131206" RefVilkar="ID_5050"/>
	<row Id="{8DE9A08D-80AD-4706-A72F-65AB44EA3FC6}" RefRefusjonsgruppe="RID_131207" RefVilkar="ID_5050"/>
	<row Id="{1742AAFE-1D8E-4865-A753-1B09764C66C3}" RefRefusjonsgruppe="RID_131208" RefVilkar="ID_5050"/>
	<row Id="{70AE4E6A-FF9D-4FBE-8524-1236627E8589}" RefRefusjonsgruppe="RID_131209" RefVilkar="ID_5050"/>
	<row Id="{0A3ABAA4-9197-4A6F-ACD1-79BC39293128}" RefRefusjonsgruppe="RID_131210" RefVilkar="ID_5050"/>
	<row Id="{C5006ED0-EBAB-4067-8905-36AA770CDFE0}" RefRefusjonsgruppe="RID_131211" RefVilkar="ID_5050"/>
	<row Id="{145C8E8C-20AD-412F-954E-DED86C74B8DB}" RefRefusjonsgruppe="RID_131212" RefVilkar="ID_5050"/>
	<row Id="{EEB49B2A-3B13-44F3-BE84-F1DF938BA0DF}" RefRefusjonsgruppe="RID_131213" RefVilkar="ID_5050"/>
	<row Id="{98EA33C3-BE37-4EA2-99AE-8EB805E63AEE}" RefRefusjonsgruppe="RID_131214" RefVilkar="ID_5050"/>
	<row Id="{FDD38CF5-60AD-4129-85E4-6BAFB0DCF505}" RefRefusjonsgruppe="RID_131215" RefVilkar="ID_5050"/>
	<row Id="{0B88064F-57A0-412D-8CC6-CDDEBA58289B}" RefRefusjonsgruppe="RID_131216" RefVilkar="ID_5050"/>
	<row Id="{DB86821D-323D-4769-B237-627BDF9CD304}" RefRefusjonsgruppe="RID_131217" RefVilkar="ID_5050"/>
	<row Id="{2140CF40-3ADA-4C9A-8456-7854AF8010A1}" RefRefusjonsgruppe="RID_131218" RefVilkar="ID_5050"/>
	<row Id="{959584B6-DC13-4921-B25C-6E2BC5B1BF2A}" RefRefusjonsgruppe="RID_131219" RefVilkar="ID_5050"/>
	<row Id="{729D5300-26F2-4DE4-B062-667A6CA407D8}" RefRefusjonsgruppe="RID_131220" RefVilkar="ID_5050"/>
	<row Id="{96E8EC17-D009-49D6-855E-3C4C0F4BBD98}" RefRefusjonsgruppe="RID_131221" RefVilkar="ID_5050"/>
	<row Id="{6912D2D4-D356-4A6E-B8D4-4452A394AFC3}" RefRefusjonsgruppe="RID_131222" RefVilkar="ID_5050"/>
	<row Id="{8266A17E-573B-4D7B-99AB-22DDC894B872}" RefRefusjonsgruppe="RID_131223" RefVilkar="ID_5050"/>
	<row Id="{6AF9D2E4-28EC-407E-AFD0-17B01D9B8038}" RefRefusjonsgruppe="RID_131224" RefVilkar="ID_5050"/>
	<row Id="{96C9A827-5B4B-4D48-B30E-20BEE5D23C4A}" RefRefusjonsgruppe="RID_131225" RefVilkar="ID_5050"/>
	<row Id="{26B35432-AE82-4251-B991-716C32E5F31E}" RefRefusjonsgruppe="RID_131276" RefVilkar="ID_5050"/>
	<row Id="{42CE4A5C-5624-4804-B026-7E8167DB08AF}" RefRefusjonsgruppe="RID_131277" RefVilkar="ID_5050"/>
	<row Id="{1AFFCE82-1A7D-4796-9736-15305F99B0EB}" RefRefusjonsgruppe="RID_131278" RefVilkar="ID_5050"/>
	<row Id="{CB3AFED2-CF57-4EF5-997D-8EAC4EA0347B}" RefRefusjonsgruppe="RID_131279" RefVilkar="ID_5050"/>
	<row Id="{2849FCD5-6883-4DF6-8FFE-CA583B5ADAAA}" RefRefusjonsgruppe="RID_131280" RefVilkar="ID_5050"/>
	<row Id="{E435D4B4-3D5A-4AE2-8206-DCA0A780E8F5}" RefRefusjonsgruppe="RID_131281" RefVilkar="ID_5050"/>
	<row Id="{5B9270FC-B71F-4392-BA5C-6EABBB1BACD4}" RefRefusjonsgruppe="RID_131283" RefVilkar="ID_5050"/>
	<row Id="{3829C15B-2697-479E-B7A4-CC53902194FA}" RefRefusjonsgruppe="RID_131284" RefVilkar="ID_5050"/>
	<row Id="{FD8385C2-C875-4BF7-A6D0-72F57789817A}" RefRefusjonsgruppe="RID_131285" RefVilkar="ID_5050"/>
	<row Id="{164BECFA-A09E-4E83-8E18-682276068125}" RefRefusjonsgruppe="RID_131286" RefVilkar="ID_5050"/>
	<row Id="{8DEC5D53-712F-4E13-9D0D-F2BB45E57312}" RefRefusjonsgruppe="RID_131287" RefVilkar="ID_5050"/>
	<row Id="{D1CCF335-D6E4-4E3B-A25E-E3ECBF5E4E8B}" RefRefusjonsgruppe="RID_131288" RefVilkar="ID_5050"/>
	<row Id="{A22AB26B-BB98-49E7-A976-4FCF7440BFDF}" RefRefusjonsgruppe="RID_131289" RefVilkar="ID_5050"/>
	<row Id="{63A59F39-D45F-45DE-A562-4C98828532E8}" RefRefusjonsgruppe="RID_131290" RefVilkar="ID_5050"/>
	<row Id="{F4320CAD-AC1F-4476-B96B-5EBE010798C7}" RefRefusjonsgruppe="RID_131291" RefVilkar="ID_5050"/>
	<row Id="{A002079A-7D08-468F-9996-BE1BE6AFD241}" RefRefusjonsgruppe="RID_131292" RefVilkar="ID_5050"/>
	<row Id="{5E824168-4C49-43C4-8FDE-40081BCAF0B2}" RefRefusjonsgruppe="RID_131294" RefVilkar="ID_5050"/>
	<row Id="{BA8DF773-6DEF-4314-B77D-3A703BD3CA35}" RefRefusjonsgruppe="RID_131295" RefVilkar="ID_5050"/>
	<row Id="{2717FCA5-55AC-4378-9131-8269FDD0C3A8}" RefRefusjonsgruppe="RID_131296" RefVilkar="ID_5050"/>
	<row Id="{15A985CB-B9E3-49F0-9349-F30893693D0A}" RefRefusjonsgruppe="RID_131297" RefVilkar="ID_5050"/>
	<row Id="{4396D2A6-FFBD-4C63-AD23-CF5639A914DF}" RefRefusjonsgruppe="RID_131298" RefVilkar="ID_5050"/>
	<row Id="{2400E6B1-46D3-451E-B1F8-6D66222BB64C}" RefRefusjonsgruppe="RID_131300" RefVilkar="ID_5050"/>
	<row Id="{BEEE2BDA-9D06-4D73-812C-8888CA5C69BE}" RefRefusjonsgruppe="RID_131301" RefVilkar="ID_5050"/>
	<row Id="{746F8185-4854-47B3-B328-18375DE29C62}" RefRefusjonsgruppe="RID_131302" RefVilkar="ID_5050"/>
	<row Id="{F53BD4D6-E57F-4930-B10E-39708BD7EDA2}" RefRefusjonsgruppe="RID_131304" RefVilkar="ID_5050"/>
	<row Id="{AB22BFD6-D19C-4A97-86F4-5AF7BA2BC7A2}" RefRefusjonsgruppe="RID_131306" RefVilkar="ID_5050"/>
	<row Id="{B6E7B9E9-D122-4D59-812F-BD5D4B61836E}" RefRefusjonsgruppe="RID_131307" RefVilkar="ID_5050"/>
	<row Id="{2B38351F-36C2-427D-9AA6-A5FF54D7E148}" RefRefusjonsgruppe="RID_131308" RefVilkar="ID_5050"/>
	<row Id="{7111FA42-9517-4737-8EA9-9EEE1BF0B3C9}" RefRefusjonsgruppe="RID_131309" RefVilkar="ID_5050"/>
	<row Id="{A6AA809C-BAAB-46E6-83ED-8176CE902821}" RefRefusjonsgruppe="RID_131310" RefVilkar="ID_5050"/>
	<row Id="{7D40BB86-BD4A-4F78-9693-3B3B7DEC8772}" RefRefusjonsgruppe="RID_131311" RefVilkar="ID_5050"/>
	<row Id="{025D3F56-558A-472D-AE05-6E83A41D0277}" RefRefusjonsgruppe="RID_131312" RefVilkar="ID_5050"/>
	<row Id="{0F46031A-0F4D-4FE9-AEC4-6ACF86D41969}" RefRefusjonsgruppe="RID_131314" RefVilkar="ID_5050"/>
	<row Id="{1DEE5B24-5D54-4434-BF18-6D14C60534AC}" RefRefusjonsgruppe="RID_131315" RefVilkar="ID_5050"/>
	<row Id="{CD4BA6BF-8672-4580-846F-2D298518A497}" RefRefusjonsgruppe="RID_131316" RefVilkar="ID_5050"/>
	<row Id="{286ECFA2-BFBF-4254-9E5E-5BED31D70C1D}" RefRefusjonsgruppe="RID_131317" RefVilkar="ID_5050"/>
	<row Id="{38AC61BF-0B0F-4F95-A618-BCB52D2BC294}" RefRefusjonsgruppe="RID_131320" RefVilkar="ID_5050"/>
	<row Id="{D84995EC-DA25-43E9-9F3E-6041116A044F}" RefRefusjonsgruppe="RID_131321" RefVilkar="ID_5050"/>
	<row Id="{685C0119-BEBC-4701-9F1F-254F25C114FC}" RefRefusjonsgruppe="RID_131323" RefVilkar="ID_5050"/>
	<row Id="{149990E8-14A5-4A5B-8CB1-B62FBDC07423}" RefRefusjonsgruppe="RID_131324" RefVilkar="ID_5050"/>
	<row Id="{ACF0A670-904A-4537-87A1-932BD8C01D9F}" RefRefusjonsgruppe="RID_131325" RefVilkar="ID_5050"/>
	<row Id="{C12E9CE6-30DE-48BA-9DBD-CA4B9C3821E3}" RefRefusjonsgruppe="RID_131326" RefVilkar="ID_5050"/>
	<row Id="{174B83DD-D36C-4A09-B6C3-AE27B115BFD1}" RefRefusjonsgruppe="RID_131331" RefVilkar="ID_5050"/>
	<row Id="{8DB05831-4738-4B09-B812-89FB1455EE97}" RefRefusjonsgruppe="RID_131332" RefVilkar="ID_5050"/>
	<row Id="{23207CDD-C80A-4B87-A04B-3C2162511863}" RefRefusjonsgruppe="RID_131333" RefVilkar="ID_5050"/>
	<row Id="{D919707B-8AAC-4435-A625-A93F170551CA}" RefRefusjonsgruppe="RID_131334" RefVilkar="ID_5050"/>
	<row Id="{7BCE06F6-AB7F-421F-829E-692CE6180900}" RefRefusjonsgruppe="RID_131335" RefVilkar="ID_5050"/>
	<row Id="{D336BC56-8396-4C08-8436-DD5E0377FF6A}" RefRefusjonsgruppe="RID_131336" RefVilkar="ID_5050"/>
	<row Id="{C57428F5-B7CC-47D6-AD5D-688A2FE44550}" RefRefusjonsgruppe="RID_131337" RefVilkar="ID_5050"/>
	<row Id="{ECDAAA0E-F104-47FE-8EF0-9480CE3DE840}" RefRefusjonsgruppe="RID_131338" RefVilkar="ID_5050"/>
	<row Id="{7A7AB98F-D5BB-466F-9CE3-DEB1D1DEAA3D}" RefRefusjonsgruppe="RID_131339" RefVilkar="ID_5050"/>
	<row Id="{A437BBF5-7730-48B2-B6D8-C194B84CC816}" RefRefusjonsgruppe="RID_131341" RefVilkar="ID_5050"/>
	<row Id="{B5BADF8F-6A55-4354-BE20-BF8F7D227BB6}" RefRefusjonsgruppe="RID_131342" RefVilkar="ID_5050"/>
	<row Id="{F4160462-4E80-4FE9-B57B-747B6FBC0835}" RefRefusjonsgruppe="RID_131343" RefVilkar="ID_5050"/>
	<row Id="{51BE5578-FF3C-4766-ADB1-CFE648276BCA}" RefRefusjonsgruppe="RID_131344" RefVilkar="ID_5050"/>
	<row Id="{01CC3DD6-8156-4FCB-A2B5-90711F34B520}" RefRefusjonsgruppe="RID_131345" RefVilkar="ID_5050"/>
	<row Id="{A52764C9-D375-4073-B87E-4A674DB837B3}" RefRefusjonsgruppe="RID_131346" RefVilkar="ID_5050"/>
	<row Id="{EB012BF1-A048-4ACD-B331-36B012A75A12}" RefRefusjonsgruppe="RID_131347" RefVilkar="ID_5050"/>
	<row Id="{5B2F081D-0BE3-430D-82AB-DF8D4BFBD75E}" RefRefusjonsgruppe="RID_131348" RefVilkar="ID_5050"/>
	<row Id="{3EA22322-2396-4F4F-8E2F-92B21333DFF2}" RefRefusjonsgruppe="RID_131349" RefVilkar="ID_5050"/>
	<row Id="{0E710222-2786-4ADA-841C-BCB3BCC25425}" RefRefusjonsgruppe="RID_131350" RefVilkar="ID_5050"/>
	<row Id="{5FADF013-2E6D-4A16-8351-A3A31BAE2B40}" RefRefusjonsgruppe="RID_131351" RefVilkar="ID_5050"/>
	<row Id="{8EE658E0-BC2A-436E-9914-9D027BB90A5D}" RefRefusjonsgruppe="RID_131352" RefVilkar="ID_5050"/>
	<row Id="{60A2985D-460A-4BC6-BA73-6667A1C18678}" RefRefusjonsgruppe="RID_131353" RefVilkar="ID_5050"/>
	<row Id="{BF643F3F-130A-48FE-AF8F-69BB0053BE05}" RefRefusjonsgruppe="RID_131354" RefVilkar="ID_5050"/>
	<row Id="{623F8746-5D78-4BAB-BABF-6D06242F61EB}" RefRefusjonsgruppe="RID_131355" RefVilkar="ID_5050"/>
	<row Id="{E7AC47E1-CB3D-4F51-89C2-967C6BACA2A5}" RefRefusjonsgruppe="RID_131356" RefVilkar="ID_5050"/>
	<row Id="{B301C842-C052-479F-B65A-8F1FC34C0797}" RefRefusjonsgruppe="RID_131357" RefVilkar="ID_5050"/>
	<row Id="{2E1D3920-F104-4C5F-BFBC-718C1F295C48}" RefRefusjonsgruppe="RID_131358" RefVilkar="ID_5050"/>
	<row Id="{D981D25E-9C7A-471C-AB64-E2220311FA55}" RefRefusjonsgruppe="RID_131359" RefVilkar="ID_5050"/>
	<row Id="{C7687CBE-EBC8-4CCA-8CB5-560F76B95836}" RefRefusjonsgruppe="RID_131360" RefVilkar="ID_5050"/>
	<row Id="{FE3D34C2-D911-4DF3-88DC-CD064339BFA7}" RefRefusjonsgruppe="RID_131361" RefVilkar="ID_5050"/>
	<row Id="{5D823BE8-EBD2-4480-968F-A79CC2B34CB5}" RefRefusjonsgruppe="RID_131362" RefVilkar="ID_5050"/>
	<row Id="{AC8E0413-A8EC-49E7-81C2-F30AAAD6A751}" RefRefusjonsgruppe="RID_131363" RefVilkar="ID_5050"/>
	<row Id="{F7E0D8F6-D1FD-4CE3-A1DF-DDCEC4BBA55C}" RefRefusjonsgruppe="RID_131364" RefVilkar="ID_5050"/>
	<row Id="{B5C8E410-9438-4AD2-A95D-6768B32F2239}" RefRefusjonsgruppe="RID_131365" RefVilkar="ID_5050"/>
	<row Id="{9FF44D41-46EC-41DB-98E1-FFA673EC97F5}" RefRefusjonsgruppe="RID_131366" RefVilkar="ID_5050"/>
	<row Id="{F77B1A76-CEF9-4DC7-AE29-1E227EB40773}" RefRefusjonsgruppe="RID_131367" RefVilkar="ID_5050"/>
	<row Id="{E1DB5ED5-D9A8-4ED1-A5D7-9182D2A045C1}" RefRefusjonsgruppe="RID_131368" RefVilkar="ID_5050"/>
	<row Id="{CFC94997-6DBA-4F74-BBFA-EA1472FDE1CD}" RefRefusjonsgruppe="RID_131369" RefVilkar="ID_5050"/>
	<row Id="{51B94EDE-BFAA-47F2-8167-0350E5B52D61}" RefRefusjonsgruppe="RID_131370" RefVilkar="ID_5050"/>
	<row Id="{CAD8A3F7-CBA1-4522-9D32-9CEC9016648D}" RefRefusjonsgruppe="RID_131371" RefVilkar="ID_5050"/>
	<row Id="{3CAD06E2-7633-4C60-9336-3BBC36DAC452}" RefRefusjonsgruppe="RID_131372" RefVilkar="ID_5050"/>
	<row Id="{A645F151-C94E-407E-842D-CA9B037A8283}" RefRefusjonsgruppe="RID_131373" RefVilkar="ID_5050"/>
	<row Id="{312155DB-52F5-4B88-9E89-AB38DB3F1618}" RefRefusjonsgruppe="RID_131374" RefVilkar="ID_5050"/>
	<row Id="{EAFFC99E-6A92-4DC1-8620-9D936EC51DB4}" RefRefusjonsgruppe="RID_131375" RefVilkar="ID_5050"/>
	<row Id="{50DB0BCD-B061-4299-8B97-D9C75BE70915}" RefRefusjonsgruppe="RID_136005" RefVilkar="ID_5050"/>
	<row Id="{D9ACAB67-481D-459C-B6DC-C1E85DCC01B7}" RefRefusjonsgruppe="RID_136007" RefVilkar="ID_5050"/>
	<row Id="{ACA18A6C-C4AF-40E5-A8DC-F129B0054CB6}" RefRefusjonsgruppe="RID_1802749" RefVilkar="ID_5050"/>
	<row Id="{EE8D46B5-543F-4AD0-BE1B-CC7CC1C36EB5}" RefRefusjonsgruppe="RID_1802750" RefVilkar="ID_5050"/>
	<row Id="{1C603DA4-59C5-452D-B4D8-F44767C66705}" RefRefusjonsgruppe="RID_264955" RefVilkar="ID_5050"/>
	<row Id="{ABF2952C-5608-4F93-9325-3AB9204560CB}" RefRefusjonsgruppe="RID_267951" RefVilkar="ID_5050"/>
	<row Id="{270B1623-B8FA-4B22-9063-D77BEC0397F2}" RefRefusjonsgruppe="RID_936952" RefVilkar="ID_5050"/>
	<row Id="{0833CE0D-1787-435E-8323-3CE83D66B67D}" RefRefusjonsgruppe="RID_131323" RefVilkar="ID_5051"/>
	<row Id="{6C2919DA-D211-425A-B667-32D2C256BA2C}" RefRefusjonsgruppe="RID_936952" RefVilkar="ID_5051"/>
	<row Id="{C3D22B56-1014-4175-B0AF-40D4970DE6D5}" RefRefusjonsgruppe="RID_131174" RefVilkar="ID_5060"/>
	<row Id="{885F2A9C-B9CB-43F2-AA38-63E2B7A7EF55}" RefRefusjonsgruppe="RID_131226" RefVilkar="ID_5060"/>
	<row Id="{4303C011-7164-4ACA-984F-B381558A5286}" RefRefusjonsgruppe="RID_131383" RefVilkar="ID_5060"/>
	<row Id="{C3C152CE-0DC0-4E85-BE9E-0F8909F790F5}" RefRefusjonsgruppe="RID_131384" RefVilkar="ID_5060"/>
	<row Id="{30314DC9-3DBB-4204-B327-A5E010665573}" RefRefusjonsgruppe="RID_131385" RefVilkar="ID_5060"/>
	<row Id="{882E93FF-682D-4FA3-B85B-CECCD7CFC1BF}" RefRefusjonsgruppe="RID_131386" RefVilkar="ID_5060"/>
	<row Id="{17FA6485-4918-48CC-AAA2-617FA1BCE1CD}" RefRefusjonsgruppe="RID_131387" RefVilkar="ID_5060"/>
	<row Id="{C5AACE52-35EF-49B3-91B7-D6518F649C95}" RefRefusjonsgruppe="RID_131388" RefVilkar="ID_5060"/>
	<row Id="{2494616B-3932-4D2A-BAFF-74A2D481C16C}" RefRefusjonsgruppe="RID_131175" RefVilkar="ID_5070"/>
	<row Id="{3FD4F262-7FC3-4702-B4FF-62C416ECEC18}" RefRefusjonsgruppe="RID_131227" RefVilkar="ID_5070"/>
	<row Id="{F16771E9-5352-43A8-9ED8-446A13953F51}" RefRefusjonsgruppe="RID_131389" RefVilkar="ID_5070"/>
	<row Id="{DA7BB019-0B8B-4C8A-AF9C-F8307E2DFD3F}" RefRefusjonsgruppe="RID_131390" RefVilkar="ID_5070"/>
	<row Id="{4B50CD2F-CD1D-404F-B6E0-B2F631E50241}" RefRefusjonsgruppe="RID_131391" RefVilkar="ID_5070"/>
	<row Id="{F566A71D-47D6-4CDC-9D85-40F5EF1567FA}" RefRefusjonsgruppe="RID_131392" RefVilkar="ID_5070"/>
	<row Id="{96191457-323F-4C35-8076-DAA88C8DFB90}" RefRefusjonsgruppe="RID_131393" RefVilkar="ID_5070"/>
	<row Id="{D033AB8B-C4D1-4002-A1B5-ABA9DC2D05FB}" RefRefusjonsgruppe="RID_131394" RefVilkar="ID_5070"/>
	<row Id="{E948B9DE-D569-4DC6-B1AB-03883C03123B}" RefRefusjonsgruppe="RID_136028" RefVilkar="ID_5070"/>
	<row Id="{93574891-56E5-4B4F-B19A-6E69EA5A65E8}" RefRefusjonsgruppe="RID_131389" RefVilkar="ID_5071"/>
	<row Id="{52D8BE3B-0801-4F6A-877A-286144E6968B}" RefRefusjonsgruppe="RID_131176" RefVilkar="ID_5080"/>
	<row Id="{79705455-84C7-4708-842C-1A7A8DBD5961}" RefRefusjonsgruppe="RID_131228" RefVilkar="ID_5080"/>
	<row Id="{E786BCB2-C715-4049-94DD-885ED98642A4}" RefRefusjonsgruppe="RID_131395" RefVilkar="ID_5080"/>
	<row Id="{C9EB5366-C382-4A05-81F0-A59957399DF0}" RefRefusjonsgruppe="RID_131177" RefVilkar="ID_5090"/>
	<row Id="{61AB8D7F-0287-46DA-8186-96074AF61CF0}" RefRefusjonsgruppe="RID_131229" RefVilkar="ID_5090"/>
	<row Id="{BFEF5714-AC0E-44E7-B45F-DFBC252E7DEF}" RefRefusjonsgruppe="RID_131396" RefVilkar="ID_5090"/>
	<row Id="{4F2B2535-B152-4750-A2DF-839D5A5F061F}" RefRefusjonsgruppe="RID_131177" RefVilkar="ID_5091"/>
	<row Id="{CC835EF7-062A-4F8B-86C3-3370BD051A35}" RefRefusjonsgruppe="RID_131229" RefVilkar="ID_5091"/>
	<row Id="{D07E68B8-2734-4BD5-BD1A-A40AE18399FD}" RefRefusjonsgruppe="RID_131396" RefVilkar="ID_5091"/>
	<row Id="{E1A7D540-1578-41E9-8776-5722E0F249C9}" RefRefusjonsgruppe="RID_131178" RefVilkar="ID_5100"/>
	<row Id="{20AB35CB-E78E-455E-984C-5EDA93A34153}" RefRefusjonsgruppe="RID_131230" RefVilkar="ID_5100"/>
	<row Id="{BDC22BA7-390B-4709-9EB8-AD38DA4BE3F5}" RefRefusjonsgruppe="RID_131422" RefVilkar="ID_5100"/>
	<row Id="{EDBF75E9-DAFB-46EF-85AF-107B4379EEEB}" RefRefusjonsgruppe="RID_131178" RefVilkar="ID_5101"/>
	<row Id="{C90BB417-B920-4D46-B21F-80230E79C260}" RefRefusjonsgruppe="RID_131230" RefVilkar="ID_5101"/>
	<row Id="{E8F0007C-791C-45DA-BF67-0B3826C63563}" RefRefusjonsgruppe="RID_131422" RefVilkar="ID_5101"/>
	<row Id="{1A06CA2D-ED14-4AEF-A4A4-98A44241F2D9}" RefRefusjonsgruppe="RID_833954" RefVilkar="ID_5110"/>
	<row Id="{5AEB6500-40FA-4155-9324-96D71F12DC5B}" RefRefusjonsgruppe="RID_833955" RefVilkar="ID_5110"/>
	<row Id="{F9633D21-487D-42AB-A355-FE28F9413B74}" RefRefusjonsgruppe="RID_833956" RefVilkar="ID_5110"/>
	<row Id="{2C4EB23C-D7F6-4571-9DA6-3FC35E7F144A}" RefRefusjonsgruppe="RID_833957" RefVilkar="ID_5110"/>
	<row Id="{ED43879F-685D-4283-BFA5-3BF5CE5AE805}" RefRefusjonsgruppe="RID_833958" RefVilkar="ID_5110"/>
	<row Id="{B186BF41-CA86-4BE2-B2DE-0DC84D221747}" RefRefusjonsgruppe="RID_833959" RefVilkar="ID_5110"/>
	<row Id="{192803AB-F275-418E-A528-BADBA33E16B4}" RefRefusjonsgruppe="RID_833960" RefVilkar="ID_5110"/>
	<row Id="{8DB20C53-5C46-4C7E-BA57-0A6C5E187B3D}" RefRefusjonsgruppe="RID_833961" RefVilkar="ID_5110"/>
	<row Id="{61419772-F0F2-4E34-924A-6F5392F0750C}" RefRefusjonsgruppe="RID_1954759" RefVilkar="ID_5120"/>
	<row Id="{862EBF1C-0D23-478B-94BD-F7A7B6AF5E59}" RefRefusjonsgruppe="RID_1957759" RefVilkar="ID_5120"/>
	<row Id="{462CEBA8-B349-416D-AB5C-C05A0CBB0877}" RefRefusjonsgruppe="RID_1957760" RefVilkar="ID_5120"/>
	<row Id="{71C4F060-3CB4-44D8-9DC1-765ECD5CD9A8}" RefRefusjonsgruppe="RID_2089760" RefVilkar="ID_5130"/>
	<row Id="{FB166472-B200-49C5-A89F-83C21AE8A5BB}" RefRefusjonsgruppe="RID_2089761" RefVilkar="ID_5130"/>
	<row Id="{1A081929-807C-486C-B63A-7EB0DE499BC2}" RefRefusjonsgruppe="RID_2089762" RefVilkar="ID_5130"/>
	<row Id="{E130B384-6C58-4B02-8B8E-A8C819B9C339}" RefRefusjonsgruppe="RID_2244761" RefVilkar="ID_5140"/>
	<row Id="{BBC034E8-323B-4B49-B2D4-35447483F32B}" RefRefusjonsgruppe="RID_2244762" RefVilkar="ID_5140"/>
	<row Id="{A24F9A4D-25F8-4AA0-B73F-A1180D8C537F}" RefRefusjonsgruppe="RID_2244763" RefVilkar="ID_5140"/>
	<row Id="{B641CF63-CCEB-4B48-8999-03CCA81045D3}" RefRefusjonsgruppe="RID_131179" RefVilkar="ID_6001"/>
	<row Id="{68F48F0F-01F6-456F-9A64-B22966DB1205}" RefRefusjonsgruppe="RID_131180" RefVilkar="ID_6001"/>
	<row Id="{80401D39-7AF0-440C-901E-6C397083C54E}" RefRefusjonsgruppe="RID_131231" RefVilkar="ID_6001"/>
	<row Id="{3EACF415-CBFE-4926-AA32-F486D11EF2C8}" RefRefusjonsgruppe="RID_131232" RefVilkar="ID_6001"/>
	<row Id="{68D6AE7F-483B-4E57-9FF8-29AA46A9B01A}" RefRefusjonsgruppe="RID_131233" RefVilkar="ID_6001"/>
	<row Id="{C22D48E0-1B5C-455B-B141-FB374E816527}" RefRefusjonsgruppe="RID_131234" RefVilkar="ID_6001"/>
	<row Id="{1398FE55-01D0-41AB-8C2E-4A8485B9EA65}" RefRefusjonsgruppe="RID_131235" RefVilkar="ID_6001"/>
	<row Id="{4E8FD803-C7FA-44D7-8868-ADD2ED776DF6}" RefRefusjonsgruppe="RID_131236" RefVilkar="ID_6001"/>
	<row Id="{2FB01380-E8BF-4378-9AAC-4637D9C69C87}" RefRefusjonsgruppe="RID_131237" RefVilkar="ID_6001"/>
	<row Id="{B0BC31EA-4C43-4762-80E5-A67B082D83FE}" RefRefusjonsgruppe="RID_131238" RefVilkar="ID_6001"/>
	<row Id="{50DAE554-6FC5-4F3D-BB4F-083F9F057BCE}" RefRefusjonsgruppe="RID_131239" RefVilkar="ID_6001"/>
	<row Id="{B2F02157-B0CD-4B6D-9767-F9E5A09E6144}" RefRefusjonsgruppe="RID_131240" RefVilkar="ID_6001"/>
	<row Id="{59CC7E02-E75A-4490-979A-1F5A01A86739}" RefRefusjonsgruppe="RID_131241" RefVilkar="ID_6001"/>
	<row Id="{57A35731-5C28-4E5C-9BF1-6E805DDA4DB2}" RefRefusjonsgruppe="RID_131424" RefVilkar="ID_6001"/>
	<row Id="{53042BE2-4C29-4287-B5EA-80B0DEECAD42}" RefRefusjonsgruppe="RID_131425" RefVilkar="ID_6001"/>
	<row Id="{0C30988E-5664-4827-A602-8C67AB6A436F}" RefRefusjonsgruppe="RID_131426" RefVilkar="ID_6001"/>
	<row Id="{B06A1D6F-F3BE-4282-A996-A1715FE4F227}" RefRefusjonsgruppe="RID_131427" RefVilkar="ID_6001"/>
	<row Id="{3D641291-E313-4E0C-B365-40C3F8E41D07}" RefRefusjonsgruppe="RID_131428" RefVilkar="ID_6001"/>
	<row Id="{B213A641-3F49-47AF-965F-0273368A7365}" RefRefusjonsgruppe="RID_131429" RefVilkar="ID_6001"/>
	<row Id="{0D65259A-A12D-4036-923D-07FC56454A20}" RefRefusjonsgruppe="RID_131430" RefVilkar="ID_6001"/>
	<row Id="{63452513-B3BF-4331-9326-E0F3C434D6F1}" RefRefusjonsgruppe="RID_131431" RefVilkar="ID_6001"/>
	<row Id="{F6BF676F-649E-4D06-9996-157226D3CE2C}" RefRefusjonsgruppe="RID_131432" RefVilkar="ID_6001"/>
	<row Id="{66CCBE3C-583E-4F5D-9B31-BA8D4892A870}" RefRefusjonsgruppe="RID_131433" RefVilkar="ID_6001"/>
	<row Id="{692EB860-11D6-419D-AA1D-6372B0ED1A70}" RefRefusjonsgruppe="RID_131434" RefVilkar="ID_6001"/>
	<row Id="{48372B7A-7EA9-45B6-A11D-F790A1A190FC}" RefRefusjonsgruppe="RID_131179" RefVilkar="ID_6010"/>
	<row Id="{1BE44E64-2DAA-4A6C-89A4-9F4BAC8A44A4}" RefRefusjonsgruppe="RID_131231" RefVilkar="ID_6010"/>
	<row Id="{7B93063A-13F9-46A5-9AB0-436375D1716A}" RefRefusjonsgruppe="RID_131232" RefVilkar="ID_6010"/>
	<row Id="{B6E2E86A-842D-4E23-A7AB-0E4C9D439CC8}" RefRefusjonsgruppe="RID_131233" RefVilkar="ID_6010"/>
	<row Id="{DF3D48E2-8AEE-4849-9CB9-3CEA9CE10A77}" RefRefusjonsgruppe="RID_131234" RefVilkar="ID_6010"/>
	<row Id="{1A7EB467-1E8D-49FF-A390-D3B405D065DC}" RefRefusjonsgruppe="RID_131235" RefVilkar="ID_6010"/>
	<row Id="{A588C2BA-4656-4DB7-8D13-46C7FAF4A96A}" RefRefusjonsgruppe="RID_131236" RefVilkar="ID_6010"/>
	<row Id="{B95F53B1-4E1C-4C73-8EC6-AC397ED34355}" RefRefusjonsgruppe="RID_131424" RefVilkar="ID_6010"/>
	<row Id="{6117596F-BF6F-4640-AB63-60ED3360700F}" RefRefusjonsgruppe="RID_131425" RefVilkar="ID_6010"/>
	<row Id="{4BD1B078-650D-4917-BE5A-3BB6DCBE7910}" RefRefusjonsgruppe="RID_131426" RefVilkar="ID_6010"/>
	<row Id="{BF581EDA-BCAE-4055-A8A6-929801817377}" RefRefusjonsgruppe="RID_131427" RefVilkar="ID_6010"/>
	<row Id="{94EBAC0B-1F17-4553-8DBB-DACAB49CB1A8}" RefRefusjonsgruppe="RID_131428" RefVilkar="ID_6010"/>
	<row Id="{FDF04847-564A-4FFE-A9C3-7DE86582A11A}" RefRefusjonsgruppe="RID_131429" RefVilkar="ID_6010"/>
	<row Id="{078897D1-2244-496C-ADB2-E840D093D081}" RefRefusjonsgruppe="RID_131180" RefVilkar="ID_6020"/>
	<row Id="{F558CDD7-709B-4DA7-8FB3-A11A5FD420C7}" RefRefusjonsgruppe="RID_131237" RefVilkar="ID_6020"/>
	<row Id="{8DDADD98-DF0C-467F-9F45-08E985793277}" RefRefusjonsgruppe="RID_131238" RefVilkar="ID_6020"/>
	<row Id="{64E575D2-5032-4E3A-809D-6AECBC6A5D21}" RefRefusjonsgruppe="RID_131239" RefVilkar="ID_6020"/>
	<row Id="{B20502E9-3996-45CB-9EEE-F825F48100FA}" RefRefusjonsgruppe="RID_131240" RefVilkar="ID_6020"/>
	<row Id="{B5D253BC-2E5A-4243-86E0-D2F64C2BF8AB}" RefRefusjonsgruppe="RID_131241" RefVilkar="ID_6020"/>
	<row Id="{32AEB16E-2102-4B29-A7BF-410816990738}" RefRefusjonsgruppe="RID_131430" RefVilkar="ID_6020"/>
	<row Id="{CA45D3A6-AD7A-45C7-9B12-AC8BAE1E2B91}" RefRefusjonsgruppe="RID_131431" RefVilkar="ID_6020"/>
	<row Id="{382D65F3-1769-406F-81F2-49362F793391}" RefRefusjonsgruppe="RID_131432" RefVilkar="ID_6020"/>
	<row Id="{E043589D-0328-44E1-9AB5-B2CAFB6FD24E}" RefRefusjonsgruppe="RID_131433" RefVilkar="ID_6020"/>
	<row Id="{D4B7C1CE-658E-4972-80B9-9B96B935940A}" RefRefusjonsgruppe="RID_131434" RefVilkar="ID_6020"/>
	<row Id="{EA0E8626-63E1-443E-A27A-AA4869C76DCD}" RefRefusjonsgruppe="RID_131180" RefVilkar="ID_6021"/>
	<row Id="{0B93DBB6-7524-4F5A-A29C-47597405D75E}" RefRefusjonsgruppe="RID_131237" RefVilkar="ID_6021"/>
	<row Id="{39E6A03D-294A-4421-AC5C-3150B4C15DFA}" RefRefusjonsgruppe="RID_131238" RefVilkar="ID_6021"/>
	<row Id="{07A20588-85A2-47FF-9CD2-0A732C24F764}" RefRefusjonsgruppe="RID_131239" RefVilkar="ID_6021"/>
	<row Id="{58D794E3-626B-4838-9AAC-D4F47A21E4F8}" RefRefusjonsgruppe="RID_131240" RefVilkar="ID_6021"/>
	<row Id="{EB541C8F-CAC8-4FAA-9EE8-96FA7059628A}" RefRefusjonsgruppe="RID_131241" RefVilkar="ID_6021"/>
	<row Id="{240C0089-0F2B-48D5-9944-7FC06D398D92}" RefRefusjonsgruppe="RID_131430" RefVilkar="ID_6021"/>
	<row Id="{2658FF90-717A-41EB-A6BE-DA70FCE70291}" RefRefusjonsgruppe="RID_131431" RefVilkar="ID_6021"/>
	<row Id="{63AAC2E4-B521-4B66-8DEC-525DF53D5E32}" RefRefusjonsgruppe="RID_131432" RefVilkar="ID_6021"/>
	<row Id="{4134BDDA-F99B-4168-8FE2-F89CF2689D02}" RefRefusjonsgruppe="RID_131433" RefVilkar="ID_6021"/>
	<row Id="{658408C2-9845-4DAC-9CEA-AA422E6E6C31}" RefRefusjonsgruppe="RID_131434" RefVilkar="ID_6021"/>
	<row Id="{F90DC2F0-C994-4620-9FA3-1C34944EFF53}" RefRefusjonsgruppe="RID_131181" RefVilkar="ID_6030"/>
	<row Id="{BF84B14C-FF4F-4546-BF2A-CFFB94A7121C}" RefRefusjonsgruppe="RID_131242" RefVilkar="ID_6030"/>
	<row Id="{557DD284-617C-4C3B-9134-E540E87E3723}" RefRefusjonsgruppe="RID_131423" RefVilkar="ID_6030"/>
	<row Id="{0CBF7544-BF9E-4626-B3EB-53EB7C2C4438}" RefRefusjonsgruppe="RID_136068" RefVilkar="ID_6040"/>
	<row Id="{30DE2021-ABAF-4014-98F1-B01DF6C5F71A}" RefRefusjonsgruppe="RID_136069" RefVilkar="ID_6040"/>
	<row Id="{D9AFB38B-3E7D-4107-A74C-813BB45215D5}" RefRefusjonsgruppe="RID_136070" RefVilkar="ID_6040"/>
	<row Id="{073C3515-4702-4CCC-BFAE-16BBE091A154}" RefRefusjonsgruppe="RID_136071" RefVilkar="ID_6040"/>
	<row Id="{E9371196-181E-407C-8C68-E5BFE6173D3C}" RefRefusjonsgruppe="RID_136072" RefVilkar="ID_6040"/>
	<row Id="{CAEE2512-36A1-420A-ADA0-C56DC41946DE}" RefRefusjonsgruppe="RID_136073" RefVilkar="ID_6040"/>
	<row Id="{4C89B249-5539-40A7-8D55-89E424989221}" RefRefusjonsgruppe="RID_136074" RefVilkar="ID_6040"/>
	<row Id="{A418F9E0-7BBE-4904-B037-14F46124BDB3}" RefRefusjonsgruppe="RID_136075" RefVilkar="ID_6040"/>
	<row Id="{EBBDC99D-B33A-49F0-AF6D-81551BF94705}" RefRefusjonsgruppe="RID_136076" RefVilkar="ID_6040"/>
	<row Id="{20A0135C-6824-4529-A1BF-AEE608E6987E}" RefRefusjonsgruppe="RID_136077" RefVilkar="ID_6040"/>
	<row Id="{D2B26FEB-0544-4981-9D54-DE11376F4A98}" RefRefusjonsgruppe="RID_136078" RefVilkar="ID_6040"/>
	<row Id="{63F553B7-2EA2-40EB-9F77-1AB6A553ABF7}" RefRefusjonsgruppe="RID_136079" RefVilkar="ID_6040"/>
	<row Id="{9E63D473-BA57-4960-9712-C5E0BCE2B519}" RefRefusjonsgruppe="RID_136080" RefVilkar="ID_6040"/>
</FEST.GruppeVilkar>
