<?xml version="1.0" encoding="ISO-8859-1"?>
<KBMetaMember>
	<metamember MembId="14" GrpCode="A02BX13" GrpMember="A02EA01"/>
	<metamember MembId="13" GrpCode="A03AX13" GrpMember="A02DA01"/>
	<metamember MembId="22" GrpCode="A06AX05" GrpMember="A03AE04"/>
	<metamember MembId="21" GrpCode="A06AX06" GrpMember="A03AE02"/>
	<metamember MembId="412" GrpCode="A07EA06" GrpMember="H02AB16"/>
	<metamember MembId="299" GrpCode="A10BX06" GrpMember="C10AX04"/>
	<metamember MembId="69" GrpCode="B01AE01" GrpMember="B01AX02"/>
	<metamember MembId="70" GrpCode="B01AE02" GrpMember="B01AX03"/>
	<metamember MembId="71" GrpCode="B01AF01" GrpMember="B01AX06"/>
	<metamember MembId="195" GrpCode="B06AC02" GrpMember="C01EB19"/>
	<metamember MembId="193" GrpCode="C01BD06" GrpMember="C01EB12"/>
	<metamember MembId="845" GrpCode="C01CA26" GrpMember="R03CA02"/>
	<metamember MembId="302" GrpCode="C05AE01" GrpMember="D03AX07"/>
	<metamember MembId="296" GrpCode="C10BA01" GrpMember="C10AA52"/>
	<metamember MembId="295" GrpCode="C10BX01" GrpMember="C10AA51"/>
	<metamember MembId="297" GrpCode="C10BX02" GrpMember="C10AA53"/>
	<metamember MembId="298" GrpCode="C10BX03" GrpMember="C10AA55"/>
	<metamember MembId="363" GrpCode="D11AH01" GrpMember="D11AX14"/>
	<metamember MembId="364" GrpCode="D11AH02" GrpMember="D11AX15"/>
	<metamember MembId="366" GrpCode="D11AH04" GrpMember="D11AX19"/>
	<metamember MembId="374" GrpCode="G03AD01" GrpMember="G03AC03"/>
	<metamember MembId="378" GrpCode="G03CX01" GrpMember="G03DC05"/>
	<metamember MembId="63" GrpCode="H05BX02" GrpMember="A11CC07"/>
	<metamember MembId="427" GrpCode="J01DB01" GrpMember="J01DA01"/>
	<metamember MembId="428" GrpCode="J01DB02" GrpMember="J01DA02"/>
	<metamember MembId="429" GrpCode="J01DB03" GrpMember="J01DA03"/>
	<metamember MembId="430" GrpCode="J01DB04" GrpMember="J01DA04"/>
	<metamember MembId="435" GrpCode="J01DB05" GrpMember="J01DA09"/>
	<metamember MembId="441" GrpCode="J01DB06" GrpMember="J01DA15"/>
	<metamember MembId="446" GrpCode="J01DB07" GrpMember="J01DA21"/>
	<metamember MembId="453" GrpCode="J01DB08" GrpMember="J01DA30"/>
	<metamember MembId="454" GrpCode="J01DB09" GrpMember="J01DA31"/>
	<metamember MembId="457" GrpCode="J01DB10" GrpMember="J01DA34"/>
	<metamember MembId="458" GrpCode="J01DB11" GrpMember="J01DA35"/>
	<metamember MembId="459" GrpCode="J01DB12" GrpMember="J01DA36"/>
	<metamember MembId="431" GrpCode="J01DC01" GrpMember="J01DA05"/>
	<metamember MembId="432" GrpCode="J01DC02" GrpMember="J01DA06"/>
	<metamember MembId="433" GrpCode="J01DC03" GrpMember="J01DA07"/>
	<metamember MembId="434" GrpCode="J01DC04" GrpMember="J01DA08"/>
	<metamember MembId="440" GrpCode="J01DC05" GrpMember="J01DA14"/>
	<metamember MembId="443" GrpCode="J01DC06" GrpMember="J01DA17"/>
	<metamember MembId="445" GrpCode="J01DC07" GrpMember="J01DA19"/>
	<metamember MembId="461" GrpCode="J01DC08" GrpMember="J01DA38"/>
	<metamember MembId="463" GrpCode="J01DC09" GrpMember="J01DA40"/>
	<metamember MembId="464" GrpCode="J01DC10" GrpMember="J01DA41"/>
	<metamember MembId="436" GrpCode="J01DD01" GrpMember="J01DA10"/>
	<metamember MembId="437" GrpCode="J01DD02" GrpMember="J01DA11"/>
	<metamember MembId="438" GrpCode="J01DD03" GrpMember="J01DA12"/>
	<metamember MembId="439" GrpCode="J01DD04" GrpMember="J01DA13"/>
	<metamember MembId="442" GrpCode="J01DD05" GrpMember="J01DA16"/>
	<metamember MembId="444" GrpCode="J01DD06" GrpMember="J01DA18"/>
	<metamember MembId="447" GrpCode="J01DD07" GrpMember="J01DA22"/>
	<metamember MembId="448" GrpCode="J01DD08" GrpMember="J01DA23"/>
	<metamember MembId="450" GrpCode="J01DD09" GrpMember="J01DA25"/>
	<metamember MembId="451" GrpCode="J01DD10" GrpMember="J01DA26"/>
	<metamember MembId="452" GrpCode="J01DD11" GrpMember="J01DA27"/>
	<metamember MembId="455" GrpCode="J01DD12" GrpMember="J01DA32"/>
	<metamember MembId="456" GrpCode="J01DD13" GrpMember="J01DA33"/>
	<metamember MembId="462" GrpCode="J01DD14" GrpMember="J01DA39"/>
	<metamember MembId="465" GrpCode="J01DD15" GrpMember="J01DA42"/>
	<metamember MembId="466" GrpCode="J01DD54" GrpMember="J01DA63"/>
	<metamember MembId="449" GrpCode="J01DE01" GrpMember="J01DA24"/>
	<metamember MembId="460" GrpCode="J01DE02" GrpMember="J01DA37"/>
	<metamember MembId="397" GrpCode="J01EB20" GrpMember="G04AH02"/>
	<metamember MembId="467" GrpCode="J01FG01" GrpMember="J01FA04"/>
	<metamember MembId="381" GrpCode="J01MB02" GrpMember="G04AB01"/>
	<metamember MembId="382" GrpCode="J01MB03" GrpMember="G04AB02"/>
	<metamember MembId="383" GrpCode="J01MB04" GrpMember="G04AB03"/>
	<metamember MembId="384" GrpCode="J01MB05" GrpMember="G04AB04"/>
	<metamember MembId="385" GrpCode="J01MB06" GrpMember="G04AB05"/>
	<metamember MembId="386" GrpCode="J01MB07" GrpMember="G04AB06"/>
	<metamember MembId="396" GrpCode="J01RA02" GrpMember="G04AH01"/>
	<metamember MembId="387" GrpCode="J01XE01" GrpMember="G04AC01"/>
	<metamember MembId="388" GrpCode="J01XE02" GrpMember="G04AC02"/>
	<metamember MembId="380" GrpCode="J01XX05" GrpMember="G04AA01"/>
	<metamember MembId="394" GrpCode="J01XX06" GrpMember="G04AG05"/>
	<metamember MembId="395" GrpCode="J01XX07" GrpMember="G04AG06"/>
	<metamember MembId="565" GrpCode="J05AR" GrpMember="J05AF30"/>
	<metamember MembId="564" GrpCode="J05AR10" GrpMember="J05AE06"/>
	<metamember MembId="626" GrpCode="L01XC01" GrpMember="L03AX06"/>
	<metamember MembId="613" GrpCode="L01XC02" GrpMember="L01XX21"/>
	<metamember MembId="615" GrpCode="L01XE01" GrpMember="L01XX28"/>
	<metamember MembId="616" GrpCode="L01XE02" GrpMember="L01XX31"/>
	<metamember MembId="617" GrpCode="L01XE03" GrpMember="L01XX34"/>
	<metamember MembId="68" GrpCode="L01XX35" GrpMember="B01AC14"/>
	<metamember MembId="563" GrpCode="L03AB60" GrpMember="J05AB54"/>
	<metamember MembId="629" GrpCode="L03AX13" GrpMember="L04AA07"/>
	<metamember MembId="1041" GrpCode="L04AA34" GrpMember="L01XC04"/>
	<metamember MembId="632" GrpCode="L04AB01" GrpMember="L04AA11"/>
	<metamember MembId="633" GrpCode="L04AB02" GrpMember="L04AA12"/>
	<metamember MembId="635" GrpCode="L04AB03" GrpMember="L04AA16"/>
	<metamember MembId="636" GrpCode="L04AB04" GrpMember="L04AA17"/>
	<metamember MembId="630" GrpCode="L04AC01" GrpMember="L04AA08"/>
	<metamember MembId="631" GrpCode="L04AC02" GrpMember="L04AA09"/>
	<metamember MembId="634" GrpCode="L04AC03" GrpMember="L04AA14"/>
	<metamember MembId="627" GrpCode="L04AD01" GrpMember="L04AA01"/>
	<metamember MembId="628" GrpCode="L04AD02" GrpMember="L04AA05"/>
	<metamember MembId="280" GrpCode="N04BC08" GrpMember="C04AX13"/>
	<metamember MembId="664" GrpCode="N05AD08" GrpMember="N01AX01"/>
	<metamember MembId="712" GrpCode="N05AH06" GrpMember="N05AX09"/>
	<metamember MembId="723" GrpCode="N05CH01" GrpMember="N05CM17"/>
	<metamember MembId="767" GrpCode="N06AX12" GrpMember="N07BA02"/>
	<metamember MembId="764" GrpCode="N06DA01" GrpMember="N07AA04"/>
	<metamember MembId="765" GrpCode="N06DA02" GrpMember="N07AA05"/>
	<metamember MembId="766" GrpCode="N06DA03" GrpMember="N07AA06"/>
	<metamember MembId="763" GrpCode="N06DX02" GrpMember="N06BX19"/>
	<metamember MembId="989" GrpCode="N07BB01" GrpMember="V03AA01"/>
	<metamember MembId="991" GrpCode="N07BB03" GrpMember="V03AA03"/>
	<metamember MembId="994" GrpCode="N07BB04" GrpMember="V03AB30"/>
	<metamember MembId="673" GrpCode="N07BC02" GrpMember="N02AC02"/>
	<metamember MembId="674" GrpCode="N07BC03" GrpMember="N02AC06"/>
	<metamember MembId="672" GrpCode="N07BC06" GrpMember="N02AA09"/>
	<metamember MembId="772" GrpCode="P01BC02" GrpMember="P01BA05"/>
	<metamember MembId="775" GrpCode="P01BF01" GrpMember="P01BE52"/>
	<metamember MembId="856" GrpCode="R06AE09" GrpMember="R06AE08"/>
	<metamember MembId="942" GrpCode="S01EE01" GrpMember="S01EX03"/>
	<metamember MembId="607" GrpCode="S01LA01" GrpMember="L01XD02"/>
</KBMetaMember>
