<?xml version="1.0" encoding="UTF-8"?>
<LabClasses>
<LabClass LabClassId="1" FriendlyName="Ignorerbare" VarName="IGNORABLE" IncludeRegEx="^SISTE|^VMR|^X\-|ØRESKYLL|METRI|CYTOLOGI|STERNAL|^EKG$|EKG.*TA|EKG.*TY|TYMPAN|SF\sMÅL|ØDEM|FOSTER|^LEIE$|TONOMET|PRØV.*UND|PRØV.*TATT" ExcludeRegEx="^NOTLAB$|SEND" IsGroup="True" TrustLevel="0" LastUpdate="2015-03-20T07:41:56.703Z"/>
<LabClass LabClassId="2" FriendlyName="Avføringsprøve IKA" VarName="FECAL_NOS" IncludeRegEx="FÆ" ExcludeRegEx="BLOD|CLOST|ELAS|SEND" IsGroup="True" TrustLevel="0" LastUpdate="2014-03-05T09:40:02.517Z"/>
<LabClass LabClassId="3" FriendlyName="dU-Protein" VarName="dU_PROTEIN" UnitStr="g/d" Loinc="1755-8" FurstId="250" IncludeRegEx="^DU\-\s?PRO|U.*PRO.*DØGN|PRO.*GN.*U|U.*TOT.*PRO.*(UTS|/D)" ExcludeRegEx="MI[CK]|[CK]REA|IND|\/[CK]" IsGroup="False" TrustLevel="0" NLK="NPU03277" LastUpdate="2014-03-09T10:58:08.877Z"/>
<LabClass LabClassId="4" FriendlyName="U-Albumin" VarName="UALB" UnitStr="mg/L" MinValid="0" MaxValid="10000" Loinc="1754-1" FurstId="269" IncludeRegEx="U\-\s?ALB(UM)?|URIN.*ALB|UALB|ALB.*URI" ExcludeRegEx="MI[CK]|D|REM|STI|KVAL|[CK]REAT|MINUTT|SAMLE|RAT|KR|\/|ALBR|STRI|NATT" IsGroup="False" TrustLevel="0" NLK="NPU19677" LastUpdate="2015-04-30T07:54:16.200Z"/>
<LabClass LabClassId="5" FriendlyName="U-Mikroalbumin" VarName="UMALB" UnitStr="mg/L" Loinc="11218-5" FurstId="269" IncludeRegEx="U.*MALB|^MI[CK].*ALTEST|MI[CK]RAL|MI[CK].*ALB|^U.*ALB.*MI[CK]|^U\-\s?M.*ALB|^MALB$|^MALU$|M(\.|I)ALB|U?MABL|U.*MIKROA|MALBU|M-ALB" ExcludeRegEx="^DU|D.*GN|RAT|\/[CK]|\/MIN|ACR|SAMLE|PR|^NU|NATT|BOV" IsGroup="False" TrustLevel="0" NLK="NPU19677" LastUpdate="2015-03-13T14:03:18.410Z"/>
<LabClass LabClassId="6" FriendlyName="U-ACR" VarName="UACR" UnitStr="mg/mmol" MinValid="0" MaxValid="1500" Loinc="14959-1" FurstId="360" IncludeRegEx="ALB.*[CK]RA|[AB]/[CK]|ACR|ALB.*[CK]RE|ALB.*RATIO|A[CK].*RATI|ALB?KR|UALBR|A.*K.*RAT|^AKR|A:C|A/U|ALB/U" ExcludeRegEx="GUA|SCT|X|LIM|KOL|CC|BAKT|[CK]AN|KEL|CLINI|RISIKO|KVAL|CK|[CK]AL[SC]|SCR|OMN|BEREGN|KAPP|SPIN|ACRID|BOR" IsGroup="False" TrustLevel="3" NLK="NOR15260" LastUpdate="2015-06-04T10:18:48.790Z"/>
<LabClass LabClassId="7" FriendlyName="Urinprøver IKA" VarName="URINE_NOS" IncludeRegEx="^U\-|^DU\-|^UST|^URI|^U\s" ExcludeRegEx="^S\-|SYRE|SERUM|NA|HERO|KOD" IsGroup="True" TrustLevel="0" LastUpdate="2014-03-05T09:40:02.517Z"/>
<LabClass LabClassId="8" FriendlyName="Høyde" VarName="HEIGHT" UnitStr="cm" MinValid="140" MaxValid="210" Loinc="8301-4" FurstId="0" IncludeRegEx="^H$|^HEIGHT$|^H.*GDE$|^H.*YDE$|^MCXHOJDE$|\sHØYDE$|^HØYDEN$|^HØJDE$|^HØJDE$|^L[ÄÄ]NGD" IsGroup="False" TrustLevel="0" NLK="NPU03794" LastUpdate="2015-04-23T11:59:05.637Z"/>
<LabClass LabClassId="9" FriendlyName="Vekt" VarName="WEIGHT" UnitStr="kg" MinValid="30" MaxValid="300" Loinc="3141-9" FurstId="0" IncludeRegEx="^V$|^WEIGHT$|^V[EI]KT$|^VEIER$|^V[ÄÄ]GER$|^V[ÅÅ]G$|^MCXVAEGT$|\sVEKT$|^V[IE]KTEN$|^V[ÆÆ]GT$|^KL[ÆÆ]R$|^KROPPSV.*T$|^PT-VEKT" ExcludeRegEx="U" IsGroup="False" TrustLevel="0" NLK="NPU03804" LastUpdate="2014-03-05T09:40:02.517Z"/>
<LabClass LabClassId="10" FriendlyName="Kroppsmasseindeks" VarName="BMI" UnitStr="kg/m2" MinValid="10" MaxValid="50" Loinc="39156-5" FurstId="0" IncludeRegEx="^BMI|^KMI$|^KROPPSMASSEINDEKS$" IsGroup="False" TrustLevel="0" NLK="NOR22585" LastUpdate="2015-04-23T11:58:06.030Z"/>
<LabClass LabClassId="11" FriendlyName="Midjemål" VarName="TALJE" UnitStr="cm" MinValid="40" MaxValid="200" Loinc="8280-0" FurstId="0" IncludeRegEx="^MIDJ[EA]|^TALJE|^LIVVIDD|^LIVMÅL|^BUKOMF" ExcludeRegEx="RATIO" IsGroup="False" TrustLevel="0" LastUpdate="2014-03-05T09:40:02.517Z"/>
<LabClass LabClassId="12" FriendlyName="Hofteomkrets" VarName="HOFTE" UnitStr="cm" MinValid="40" MaxValid="200" IncludeRegEx="^HOFTE" ExcludeRegEx="RATIO" IsGroup="False" TrustLevel="0" LastUpdate="2014-03-05T09:40:02.517Z"/>
<LabClass LabClassId="13" FriendlyName="Blodtrykk" VarName="BP" UnitStr="mmHg" MinValid="70" MaxValid="250" IncludeRegEx="^BT$|^BLODTR" ExcludeRegEx="DIA|SYS|TRA" IsGroup="False" TrustLevel="0" LastUpdate="2014-03-05T09:40:02.517Z"/>
<LabClass LabClassId="14" FriendlyName="Systolisk blodtrykk" VarName="SYSBP" UnitStr="mmHg" MinValid="70" MaxValid="250" Loinc="8480-6" FurstId="0" IncludeRegEx="^SBP$|^SBT$|^MCXBTSYS$|^SBP_UNSPEC$|BT\sSYS|^BL.*SYS" ExcludeRegEx="DIA" IsGroup="False" TrustLevel="0" LastUpdate="2014-03-05T09:40:02.517Z"/>
<LabClass LabClassId="15" FriendlyName="Diastolisk blodtrykk" VarName="DIABP" UnitStr="mmHg" MinValid="40" MaxValid="140" Loinc="8462-4" FurstId="0" IncludeRegEx="^DBP$|^DBT$|^MCXBTDIA$|^DBP_UNSPEC$|BT\sDIA|^BL.*DIA" IsGroup="False" TrustLevel="0" LastUpdate="2014-03-05T09:40:02.517Z"/>
<LabClass LabClassId="16" FriendlyName="Puls" VarName="HR" MinValid="40" MaxValid="250" IncludeRegEx="^PULS$|^HR$|^MCXPULS$" ExcludeRegEx="OKS" IsGroup="False" TrustLevel="0" LastUpdate="2014-03-05T09:40:02.517Z"/>
<LabClass LabClassId="17" FriendlyName="P-aPTT" VarName="P_CEPHOT" Loinc="14979-9" FurstId="15" IncludeRegEx="CEPHO|APTT" ExcludeRegEx="LA|LUP" IsGroup="False" TrustLevel="0" NLK="NPU01682" LastUpdate="2014-03-14T21:32:23.160Z"/>
<LabClass LabClassId="18" FriendlyName="Trombotest" VarName="TT_THRO" FurstId="56" IncludeRegEx="^TT$|^[BP]\-\s?TT|[TH]ROMBOTEST" ExcludeRegEx="INR" IsGroup="False" TrustLevel="0" LastUpdate="2014-03-05T09:40:02.517Z"/>
<LabClass LabClassId="19" FriendlyName="P-NT Normotest" VarName="NT_NORM" FurstId="57" IncludeRegEx="^NT$|^[BP]\-\s?NT|NORMOTEST" IsGroup="False" TrustLevel="0" LastUpdate="2014-03-06T06:57:39.163Z"/>
<LabClass LabClassId="20" FriendlyName="Protrombintid-INR" VarName="INR" UnitStr="INR" MinValid="0.1" MaxValid="15" Loinc="6301-6" FurstId="166" IncludeRegEx="INR|PT.*INT.*RAT|PROTRO.*TID" ExcludeRegEx="RES|RIK|EGEN|W|ALB" IsGroup="False" TrustLevel="0" NLK="NPU01685" LastUpdate="2014-03-09T12:04:08.940Z"/>
<LabClass LabClassId="21" FriendlyName="Koagulasjon IKA" VarName="COAGULATION_NOS" IncludeRegEx="[CK]OAGULA|\sXA|ANTI.*III|HEP.*II|TROM.*TID|VWF|WILLE|PROTEIN\s[SC]$|FIBRIN|BLØDN" IsGroup="True" TrustLevel="0" LastUpdate="2014-03-05T09:40:02.517Z"/>
<LabClass LabClassId="22" FriendlyName="B-HGB" VarName="B_HGB" UnitStr="g/dL" MinValid="3" MaxValid="30" Loinc="718-7" FurstId="1" IncludeRegEx="^HB$|^B\-\s?HG?B|HEMOGLO|^BHB$|HGB|^HB\s|B[-_]HB|^HGB$|HB\.?$|^HBG$|HB\s*LOK" ExcludeRegEx="^[APFXU]|GLY|A[12C]|MET|F[ÆO]|TYPE|VAR|RET|ING|[\s-][CS]$|CO|DE|NAV|OK[SL]|FØT|REH|LH|GHB|O2|\sF$|REDU|URI" IsGroup="False" TrustLevel="0" NLK="NOR05172" LastUpdate="2015-06-04T09:36:03.103Z"/>
<LabClass LabClassId="23" FriendlyName="B-Leukocytter" VarName="WBC" UnitStr="10^9/L" Loinc="26464-8" FurstId="4" IncludeRegEx="WBC|^HVITE|^HVIT$|^HIVTE$|^HVTE$|^HV$|^HVIET$|LPK$|LEVKOC$|LEU[CK]|^B\-\s?LPK$|^LEU$|^B\-\s?LKC$|B-HVITE|^LKC$|LEVKOC|B-HVI|HVITE BLOD|B.*LEU|^B-LKC" ExcludeRegEx="^(E|V|A|X|S)|EGG|STA|U-|EOS|BAS|^SP-|LED|LDV|^U|STI|MONO|POLY|DIAL|PLE|CINE|ONO|URI|^(PL|PK|DI|LE)-|CD|NØ|SPIN|MI[CK]|ASC|SP.V|DIV" IsGroup="False" TrustLevel="0" NLK="NPU02593" LastUpdate="2015-06-04T09:38:29.523Z"/>
<LabClass LabClassId="24" FriendlyName="B-Erytrocytter" VarName="RBC" UnitStr="10^12/L" Loinc="789-8" FurstId="2" IncludeRegEx="EPK|RBC|RØDE$|^B[-\s_]?ERY|EPK$|ER.*CYTT|^ERYT|RØDE BLOD|^ERY$" ExcludeRegEx="^[XSP]|FOL|MYC|PO|OSMO|MC|RET|U-|ANTI|KJERN|STOFF|FRAK|LED|PYR|^U|URI" IsGroup="False" TrustLevel="0" NLK="NPU01960" LastUpdate="2015-06-04T09:38:51Z"/>
<LabClass LabClassId="25" FriendlyName="B-Senkning" VarName="ESR" UnitStr="mm/h" MinValid="0" MaxValid="180" Loinc="4537-7" FurstId="3" IncludeRegEx="SR|SENK" ExcludeRegEx="MM|RAT|T3|SR[AFIN]|APC|CYT|FIL|CRP|MCV|HEM|TRANS|LSR" IsGroup="False" TrustLevel="0" NLK="NPU03404" LastUpdate="2015-06-04T09:39:12.013Z"/>
<LabClass LabClassId="26" FriendlyName="CRP" VarName="CRP" UnitStr="mg/L" MinValid="0" MaxValid="500" Loinc="1988-5" FurstId="88" IncludeRegEx="CRP|C.*REA.*PROT" ExcludeRegEx="SENS|MI[CK]" IsGroup="False" TrustLevel="0" NLK="NPU19748" LastUpdate="2014-03-05T09:40:02.517Z"/>
<LabClass LabClassId="27" FriendlyName="B-EVF" VarName="B_EVF" UnitStr="%" Loinc="20570-8" FurstId="12" IncludeRegEx="HEMATO[CK]|HCT|EVF|B-HEMATO$" IsGroup="False" TrustLevel="0" NLK="NPU01961" LastUpdate="2014-03-14T21:43:51.673Z"/>
<LabClass LabClassId="28" FriendlyName="B-Trombocytter" VarName="B_TPC" UnitStr="10^9/L" Loinc="26515-7" FurstId="11" IncludeRegEx="T.*MBOCY|TROMBO|^B\-\s?TRC$|TPK$|^PLATER$|^PLT$|TRC|TPK|BL.*PLAT|TROMB$|PLT|^TR.*CYT|^TROM|B-TR.C" ExcludeRegEx="TEST|TYP|ANTI|OSE|APTT|%|ELA|ACE|61" IsGroup="False" TrustLevel="0" NLK="NPU03568" LastUpdate="2015-06-04T11:09:58.787Z"/>
<LabClass LabClassId="29" FriendlyName="MCV" VarName="B_MCV" UnitStr="fL" Loinc="30428-7" FurstId="13" IncludeRegEx="MCV|MC\.V" ExcludeRegEx="CH" IsGroup="False" TrustLevel="0" NLK="NPU01944" LastUpdate="2014-03-14T21:45:35.210Z"/>
<LabClass LabClassId="30" FriendlyName="MCHC" VarName="B_MCHC" UnitStr="g/dL" Loinc="786-4" FurstId="17" IncludeRegEx="MCHC|MCH\.C" ExcludeRegEx="MCV" IsGroup="False" TrustLevel="0" NLK="NOR05278" LastUpdate="2014-03-05T09:40:02.517Z"/>
<LabClass LabClassId="31" FriendlyName="MCH" VarName="B_MCH" UnitStr="pg" Loinc="785-6" FurstId="16" IncludeRegEx="MCH|MC\.H" ExcludeRegEx="CV|HC|H.C" IsGroup="False" TrustLevel="0" NLK="NPU26880" LastUpdate="2014-03-06T07:23:03.927Z"/>
<LabClass LabClassId="32" FriendlyName="Differensialtelling IKA" VarName="HEMATOGRAM_NOS" IncludeRegEx="FIL.*KJERN|KJERN.*FIL|RET.*CYT|LYM.*CYT|LK.*GRAN|^LK.*LYM|DIFF" ExcludeRegEx="ASAL|^SP|CD\d|RET|ANIN|EOS|BAS|NØY|NEU|CLOS|CIL" IsGroup="True" TrustLevel="0" NLK="NPU02596" LastUpdate="2014-03-05T09:40:02.517Z"/>
<LabClass LabClassId="33" FriendlyName="Blodutstryk" VarName="BLOOD_SMEAR" FurstId="9" IncludeRegEx="B.*UTSTR" ExcludeRegEx="MAL|BAS" IsGroup="False" TrustLevel="0" LastUpdate="2014-03-05T09:40:02.517Z"/>
<LabClass LabClassId="34" FriendlyName="P/S-Kolesterol" VarName="CHOL" UnitStr="mmol/L" MinValid="1.5" MaxValid="15" Loinc="14647-2" FurstId="47" IncludeRegEx="KOL|CHOL|KO.*EROL|^TC$" ExcludeRegEx="M|D|G|J|Y|B|E\-|LP|PR|KK|[IA]S|TRC|RAT|AKOL|LOR|L\-\s?KOL|MÅL|CALC|KATE|X|AN|PLEU" IsGroup="False" TrustLevel="3" NLK="NPU01566" LastUpdate="2015-04-30T07:49:53.557Z"/>
<LabClass LabClassId="35" FriendlyName="P/S-LDL-Kolesterol" VarName="LDL" UnitStr="mmol/L" MinValid="0.7" MaxValid="12" Loinc="22748-8" FurstId="300" IncludeRegEx="LDL|\-\s?L\-\s?KOL|CHOL.*LD" ExcludeRegEx="VL|HD|GOAL|MÅL|^SISTE|UTG" IsGroup="False" TrustLevel="3" NLK="NPU01568" LastUpdate="2015-06-04T09:40:13.277Z"/>
<LabClass LabClassId="36" FriendlyName="P/S-Triglyserider" VarName="TRIG" UnitStr="mmol/L" MinValid="0.3" MaxValid="50" Loinc="14927-8" FurstId="54" IncludeRegEx="TRIG|\-\s?TG|^S\-\s?TG$|^TG$|^TGL$|^TGLY|^TRG$|^STG$|^TRI$" ExcludeRegEx="A\-|RAT|LOB|LAMO|ANTI|GOAL|MÅL|^SISTE|^X|6|IGA|-t-|^(PV|AV)-|^AN" IsGroup="False" TrustLevel="3" NLK="NPU04094" LastUpdate="2015-04-30T07:50:07.950Z"/>
<LabClass LabClassId="37" FriendlyName="P/S-HDL-Kolesterol" VarName="HDL" UnitStr="mmol/L" MinValid="0.3" MaxValid="4.5" Loinc="14646-4" FurstId="100" IncludeRegEx="HDL|^S\-\s?AKOL$" ExcludeRegEx="LD|RAT|MÅL|GOAL|\/H" IsGroup="False" TrustLevel="3" NLK="NPU01567" LastUpdate="2015-03-20T07:35:56.800Z"/>
<LabClass LabClassId="38" FriendlyName="Total/HDL-ratio" VarName="CHOLRATIO" MinValid="1" MaxValid="20" Loinc="32309-7" FurstId="452" IncludeRegEx="CHOL.*RAT|OL.*\/.*HDL|^TC\/HDL$|TOT.*HDL" ExcludeRegEx="GOAL|MÅL" IsGroup="False" TrustLevel="3" NLK="NPU18410" LastUpdate="2015-03-20T07:35:56.800Z"/>
<LabClass LabClassId="39" FriendlyName="S-Lp(a)" VarName="S_LIP_SMALL_A" UnitStr="mg/dL" Loinc="10835-7" IncludeRegEx="L[IP].*\(A\)|^L[IP].*PR.*LI.*A|LIP.*LIL.*A" IsGroup="False" TrustLevel="0" LastUpdate="2014-03-05T09:40:02.517Z"/>
<LabClass LabClassId="40" FriendlyName="Apolipoprotein IKA" VarName="APO_LIPO_NOS" IncludeRegEx="APOLIPO" ExcludeRegEx="A[12]|B|A$" IsGroup="True" TrustLevel="0" LastUpdate="2014-03-05T09:40:02.517Z"/>
<LabClass LabClassId="41" FriendlyName="fS-Insulin" VarName="INSULINE" UnitStr="pmol/L" MinValid="1" MaxValid="5000" Loinc="14796-7" FurstId="156" IncludeRegEx="INSULIN.*FA|F.*INSU" ExcludeRegEx="DIA|PRO|PEP|ANT|\d|BEL|PUM|RES|STIM|-A-" IsGroup="False" TrustLevel="0" NLK="NPU02497" LastUpdate="2014-03-05T09:40:02.517Z"/>
<LabClass LabClassId="42" FriendlyName="B/P/S-Glukose (fastende)" VarName="ANY_GLUCOSE_FAST" MinValid="3.01" MaxValid="30" IncludeRegEx="^F.*GLU|F.*BL.*SUK|BL.*SUK.*FA|GLU.*FAS|^F\.BLS$|^MORG.*BL.*SUK|GLU.*F$|BLS.*FAS" ExcludeRegEx="BEL|^(U|SP|X)|URIN|GLUT|GGLU|DIAL|SP\.|0|1|2|3|4|5|A[GS]E|IGG|IGA|IKKE|IF|TRANS" IsGroup="False" TrustLevel="0" LastUpdate="2015-04-30T07:43:06.830Z"/>
<LabClass LabClassId="43" FriendlyName="S/P-Glukose (tilfeldig)" VarName="SP_GLUCOSE_RANDOM" UnitStr="mmol/L" MinValid="3.01" MaxValid="30" Loinc="14749-6" FurstId="341" IncludeRegEx="GLC$|GLC\.$|GL.*OSE|GLU" ExcludeRegEx="BEL|^U|U\-\s?G|URIN|GLUT|GGLU|DIAL|SP\.|0|1|2|3|4|5|A[GS]E|IGG|IGA|^SP\-|^B-|STI" IsGroup="False" TrustLevel="0" NLK="NPU02192" LastUpdate="2015-04-30T07:39:59.490Z"/>
<LabClass LabClassId="44" FriendlyName="B-Glukose (tilfeldig)" VarName="B_GLUCOSE_RANDOM" UnitStr="mmol/L" MinValid="3.01" MaxValid="30" Loinc="15074-8" IncludeRegEx="^BL.*SUK|^B\-\s?GLU|^BL.*GLU|^B\-\s?BLS$|^BLS$|^BL\.S$" ExcludeRegEx="BEL|^U|U\-\s?G|URIN|GLUT|GGLU|DIAL|SP\.|0|1|2|3|4|5|A[GS]E|IGG|IGA" IsGroup="False" TrustLevel="0" NLK="NPU02187" LastUpdate="2014-03-14T21:27:31.927Z"/>
<LabClass LabClassId="45" FriendlyName="B-HbA1c" VarName="HBA1C" UnitStr="%" MinValid="4" MaxValid="15" Loinc="4548-4" FurstId="37" IncludeRegEx="HB.*A[1I].*C|A1C|HB.*AC|HB.*C1|GLY.*H[EGB]|^B.*GLYKO|^B.*HB.*A1|^B\-\s?GL.*H.*B|^B\-\s?HB.*GLY|^GLYKOH$|^HBA1$|^HBA$|H.*1C" ExcludeRegEx="HEPA|GOAL|BEREGN" IsGroup="False" TrustLevel="3" NLK="NPU03835" LastUpdate="2015-03-20T07:35:56.800Z"/>
<LabClass LabClassId="46" FriendlyName="P-Glukose 30 min" VarName="P_GLUCOSE_30M" IncludeRegEx="GLU.*(30|1/2)" ExcludeRegEx="LA[CK]" IsGroup="False" TrustLevel="0" NLK="NPU08504" LastUpdate="2014-03-05T10:10:18.853Z"/>
<LabClass LabClassId="47" FriendlyName="P-Glukose 90 min" VarName="P_GLUCOSE_90M" UnitStr="mmol/L" IncludeRegEx="GLU.*(90|1[\.,]5)" ExcludeRegEx="LA[CK]" IsGroup="False" TrustLevel="0" NLK="NPU04176" LastUpdate="2015-04-23T12:52:59.957Z"/>
<LabClass LabClassId="48" FriendlyName="fS-Insulin-C-Peptid" VarName="S_C_PEPTIDE" UnitStr="pmol/L" Loinc="1986-9" FurstId="157" IncludeRegEx="C.*PEPTI|CPEP|C-PEP" ExcludeRegEx="STIM|BEL|\d|CCP" IsGroup="False" TrustLevel="0" NLK="NPU18004" LastUpdate="2015-04-30T07:50:49.337Z"/>
<LabClass LabClassId="49" FriendlyName="P/S-Kreatinin" VarName="CREAT" UnitStr="µmol/L" MinValid="30" MaxValid="2000" Loinc="14682-9" FurstId="48" IncludeRegEx="[CK]REAT|[CK]R.*TIN|^S\-[CK]RE|^KREA$|KRNN|^SKR$|^P.KREA" ExcludeRegEx="UR|U\-|ALB|LE|KIN|A[RKL]|^SISTE|PRO|^[DXA]|^U|ELA|CYS" IsGroup="False" TrustLevel="3" NLK="NPU04998" LastUpdate="2015-03-20T07:35:56.800Z"/>
<LabClass LabClassId="50" FriendlyName="eGFR" VarName="GFR_ESTIMATED" UnitStr="mL/min/1,73m2" MinValid="1" MaxValid="200" Loinc="33914-3" FurstId="247" IncludeRegEx="GFR|GLO.*FIL.*RA|GRFEST" ExcludeRegEx="COCK|MDRD" IsGroup="False" TrustLevel="0" NLK="NOR15245" LastUpdate="2014-03-06T13:11:38.340Z"/>
<LabClass LabClassId="51" FriendlyName="eGFR Cockgroft-Gault" VarName="GFR_CG" UnitStr="mL/min" MinValid="1" MaxValid="200" Loinc="35591-7" IncludeRegEx="COCK.*GAU" IsGroup="False" TrustLevel="0" LastUpdate="2014-03-05T09:40:02.517Z"/>
<LabClass LabClassId="52" FriendlyName="eGFR MDRD" VarName="GFR_MDRD" UnitStr="mL/min/1,73m2" MinValid="1" MaxValid="200" Loinc="33914-3" FurstId="247" IncludeRegEx="GFR.*MDRD" IsGroup="False" TrustLevel="0" NLK="NOR15245" LastUpdate="2014-03-05T09:40:02.517Z"/>
<LabClass LabClassId="53" FriendlyName="S-Urat" VarName="URATE" UnitStr="µmol/L" Loinc="14933-6" FurstId="59" IncludeRegEx="UR.*SYRE|URAT|S\-\s?URIC|^USYRE$|^UR-$|^S.*URINSY" ExcludeRegEx="BAR|BOR|DUR|^(X|U|R)\-|KONKR|DU" IsGroup="False" TrustLevel="3" NLK="NPU09356" LastUpdate="2015-04-30T07:51:52.293Z"/>
<LabClass LabClassId="54" FriendlyName="S-Urea" VarName="S_UREA" UnitStr="mmol/L" Loinc="14937-7" FurstId="58" IncludeRegEx="UREA$|KARBAM|URINSTO" ExcludeRegEx="Z" IsGroup="False" TrustLevel="3" NLK="NPU01459" LastUpdate="2015-03-20T07:35:56.800Z"/>
<LabClass LabClassId="55" FriendlyName="S-Albumin" VarName="S_ALBUMIN" UnitStr="g/dL" Loinc="1751-7" FurstId="69" IncludeRegEx="ALBUMI|^ALB$|^S-\s?ALB$|SALB|S-ALBU" ExcludeRegEx="MIC|LACT|OV|MIK|PRE|KORR|RAT|REA|^(U|X|SP)|PRE|EL|[CK]A|FRAK|URI|PLE|ALF|^M|ASC|IND|IMM|STIX|OL|AN-ALB" IsGroup="False" TrustLevel="0" NLK="NPU19673" LastUpdate="2014-03-05T09:40:02.517Z"/>
<LabClass LabClassId="56" FriendlyName="Elektroforese IKA" VarName="ELEKTROFORESE IKA" IncludeRegEx="ELE[CK]TRO.*ES|\(ELF\)|GAMM.*GLOB|PREALB|MI[CK].*GLOB" IsGroup="True" TrustLevel="0" LastUpdate="2014-03-05T09:40:02.517Z"/>
<LabClass LabClassId="57" FriendlyName="S-Totalprotein" VarName="S_TOTALPROT" UnitStr="g/dL" Loinc="2885-2" FurstId="49" IncludeRegEx="^S\-\s?PROTEIN$|PRO.*TOT|TOT.*PRO|S-?TOTP" ExcludeRegEx="X|AG|^(D|U|SP)" IsGroup="False" TrustLevel="0" NLK="NPU03278" LastUpdate="2014-03-05T09:40:02.517Z"/>
<LabClass LabClassId="58" FriendlyName="P-Glukose 0 min" VarName="P_GLUCOSE_0M" UnitStr="mmol/L" IncludeRegEx="GLU.*(0|F.R)|0.*GLU|GLU.*BEL.*O-P" ExcludeRegEx="\d{2}|^U|TRA|UTF|ACC" IsGroup="False" TrustLevel="3" NLK="NPU04173" LastUpdate="2015-04-30T07:52:05.980Z"/>
<LabClass LabClassId="59" FriendlyName="P-Glukose 60 min" VarName="P_GLUCOSE_60M" UnitStr="mmol/L" IncludeRegEx="GLU.*(60|1[TH])|GLU.*1.*H$|GLU1$|GLU.*BEL.*1\s|GLU.*\s1\s.*TIM|1.*TIM.*GLU" ExcludeRegEx="LA[CK]|URI|PRØ" IsGroup="False" TrustLevel="3" NLK="NPU08501" LastUpdate="2015-03-20T07:35:56.800Z"/>
<LabClass LabClassId="60" FriendlyName="P-Glukose 120 min" VarName="P_GLUCOSE_120M" UnitStr="mmol/L" IncludeRegEx="GLU.*(120|2.?[TH])|2[TH].*GLU|GLU2|GLU.*2.*TIMER|2.*TIM.*GLU|GLUC2|GL?120" ExcludeRegEx="URIN|1/2|XYL" IsGroup="False" TrustLevel="3" NLK="NPU08507" LastUpdate="2015-03-20T07:35:56.800Z"/>
<LabClass LabClassId="61" FriendlyName="Vitaminer IKA" VarName="VITAMINER IKA" IncludeRegEx="VIT.*\s[ADE]|25.*OH" IsGroup="True" TrustLevel="0" LastUpdate="2014-03-05T09:40:02.517Z"/>
<LabClass LabClassId="62" FriendlyName="S-B12" VarName="S_B12" UnitStr="pmol/L" Loinc="14685-2" FurstId="60" IncludeRegEx="KOBA||B(\.|-)?12" ExcludeRegEx="TRANS|INJ|125|MY" IsGroup="False" TrustLevel="3" NLK="NPU01700" LastUpdate="2015-03-20T07:35:56.800Z"/>
<LabClass LabClassId="63" FriendlyName="P-Folat" VarName="P_FOLAT" UnitStr="nmol/L" Loinc="14732-2" FurstId="86" IncludeRegEx="FOLAT|FOLINS|FOLSYRE|^S\-\s?FOL" ExcludeRegEx="^E|^B\-|ERY|TOT|HOR|KOD|BLOD" IsGroup="False" TrustLevel="0" NLK="NPU02070" LastUpdate="2014-03-05T09:40:02.517Z"/>
<LabClass LabClassId="64" FriendlyName="Erc-Folat" VarName="ERY_FOLAT" UnitStr="nmol/L" Loinc="14731-4" IncludeRegEx="E.*FOL|FOL.*ERY" ExcludeRegEx="V|MORF|SER" IsGroup="False" TrustLevel="0" NLK="NPU02071" LastUpdate="2014-03-05T09:40:02.517Z"/>
<LabClass LabClassId="65" FriendlyName="P-Homocystein" VarName="S_HOMOCYSTEINE" Loinc="13965-9" FurstId="142" IncludeRegEx="^P\-\s?HCY$|HOMO[CS]YS|HCY|HOMOC|PHOMO" ExcludeRegEx="STENO" IsGroup="False" TrustLevel="0" NLK="NPU04073" LastUpdate="2016-03-18T13:00:10.870Z"/>
<LabClass LabClassId="66" FriendlyName="S-Metylmalonat" VarName="S_METYLMALONAT" UnitStr="umol/L" Loinc="13964-2" FurstId="342" IncludeRegEx="\-\s?MMA|MET.*MAL|MMA" ExcludeRegEx="GA|IMM|FRA" IsGroup="False" TrustLevel="0" NLK="NPU02780" LastUpdate="2014-03-06T07:01:53.570Z"/>
<LabClass LabClassId="67" FriendlyName="S-Prolaktin" VarName="S_PROLAKTIN" FurstId="190" IncludeRegEx="PROLA|S-?PROL|PROL|P.PROL" ExcludeRegEx="METO" IsGroup="False" TrustLevel="0" NLK="NPU18247" LastUpdate="2014-03-05T09:40:02.517Z"/>
<LabClass LabClassId="68" FriendlyName="S-Progesteron" VarName="S_PROGESTERON" FurstId="131" IncludeRegEx="PROGEST" ExcludeRegEx="17" IsGroup="False" TrustLevel="0" NLK="NPU03242" LastUpdate="2014-03-05T09:40:02.517Z"/>
<LabClass LabClassId="69" FriendlyName="Østrogener IKA" VarName="ØSTROGENER IKA" IncludeRegEx="[Ø\\]STRA|[Ø\\]ST.*IOL|[Ø\\]STRON" IsGroup="True" TrustLevel="0" LastUpdate="2014-03-05T09:40:02.517Z"/>
<LabClass LabClassId="70" FriendlyName="S-Testosteron" VarName="S_TESTOSTERON" UnitStr="nmol/L" Loinc="14913-8" FurstId="632" IncludeRegEx="TEST.*ERON" IsGroup="False" TrustLevel="0" NLK="NPU03543" LastUpdate="2014-03-05T09:40:02.517Z"/>
<LabClass LabClassId="71" FriendlyName="P/S-FSH" VarName="S_FSH" UnitStr="mIU/mL" Loinc="15067-2" FurstId="631" IncludeRegEx="^S\-\s?FSH$|^FSH$|FOL.*STI.*HO" IsGroup="False" TrustLevel="0" NLK="NPU04014" LastUpdate="2014-03-05T09:40:02.517Z"/>
<LabClass LabClassId="72" FriendlyName="S-LH" VarName="S_LH" UnitStr="U/L" Loinc="10501-5" FurstId="630" IncludeRegEx="^S\-\s?LH$|^LH$|LUT.*HO" IsGroup="False" TrustLevel="0" NLK="NPU02618" LastUpdate="2014-03-05T09:40:02.517Z"/>
<LabClass LabClassId="73" FriendlyName="S-SHBG" VarName="S_SHBG" UnitStr="nmol/L" Loinc="13967-5" FurstId="633" IncludeRegEx="SHBG" ExcludeRegEx="INDE" IsGroup="False" TrustLevel="0" NLK="NPU03419" LastUpdate="2014-03-05T09:40:02.517Z"/>
<LabClass LabClassId="74" FriendlyName="S-Kortisol" VarName="S_KORTISOL" UnitStr="nmol/L" Loinc="14675-3" IncludeRegEx="[CK]ORTISOL|S-[CK]ORT" ExcludeRegEx="\d|KV|AFT|TID|MOR|SPYTT|U|BEL|IA|IM|DIV" IsGroup="False" TrustLevel="0" NLK="NPU01787" LastUpdate="2014-03-09T12:03:49.403Z"/>
<LabClass LabClassId="75" FriendlyName="P/S-Kalsitonin" VarName="S_CALCITONIN" UnitStr="ng/L" Loinc="1992-7" IncludeRegEx="[CK]AL[SC]ITON" ExcludeRegEx="PRO" IsGroup="False" TrustLevel="0" NLK="NPU01439" LastUpdate="2014-03-05T09:40:02.517Z"/>
<LabClass LabClassId="76" FriendlyName="S-HCG" VarName="S_HCG" UnitStr="mIU/mL" MinValid="0" MaxValid="500000" Loinc="19080-1" IncludeRegEx="HCG" ExcludeRegEx="^U|TEST|BE|BH" IsGroup="False" TrustLevel="0" NLK="NPU01572" LastUpdate="2014-03-05T09:40:02.517Z"/>
<LabClass LabClassId="77" FriendlyName="P/S-TIBC" VarName="S_TIBC" UnitStr="umol/L" Loinc="14800-7" FurstId="44" IncludeRegEx="TIBC|JERNBI" ExcludeRegEx="METN|\d$" IsGroup="False" TrustLevel="0" NLK="NPU04133" LastUpdate="2014-03-05T09:40:02.517Z"/>
<LabClass LabClassId="78" FriendlyName="P/S-Ferritin" VarName="S_FERRITIN" UnitStr="ng/mL" Loinc="2276-4" FurstId="119" IncludeRegEx="FERR" ExcludeRegEx="TRANS|^(PV|X)-" IsGroup="False" TrustLevel="0" NLK="NPU19763" LastUpdate="2014-03-09T10:44:44.807Z"/>
<LabClass LabClassId="79" FriendlyName="S-Jern" VarName="S_FE_ION" UnitStr="umol/L" Loinc="14798-3" FurstId="43" IncludeRegEx="(S|P)-\s*JERN([\s_-]|$)|^S-FE$|^JERN$|^SE?FE$|JERN.*SERU" ExcludeRegEx="\d$" IsGroup="False" TrustLevel="0" NLK="NPU02508" LastUpdate="2014-03-05T09:40:02.517Z"/>
<LabClass LabClassId="80" FriendlyName="P/S-Transferrin" VarName="S_TRANSFERRIN" UnitStr="g/L" Loinc="3034-6" IncludeRegEx="TRANSF|^[SP].TRANS$|^TRANS$" ExcludeRegEx="MET|RES|TIBC|UTAM|FOB|ALA|CDT|ASA|FÆ|UTR" IsGroup="False" TrustLevel="0" NLK="NPU26470" LastUpdate="2015-04-30T07:52:24.440Z"/>
<LabClass LabClassId="81" FriendlyName="S-Transferrinmetning" VarName="S_IRON_SAT" UnitStr="%" Loinc="14801-5" FurstId="244" IncludeRegEx="TRANS.*MET|TFMET" IsGroup="False" TrustLevel="0" NLK="NPU04191" LastUpdate="2014-03-05T09:40:02.517Z"/>
<LabClass LabClassId="82" FriendlyName="S-Jernmetning" VarName="S_JERNMETNING" UnitStr="%" Loinc="14801-5" FurstId="244" IncludeRegEx="JER.*MET|JERNM|METN.*GR|M-GRAD" ExcludeRegEx="KAP" IsGroup="False" TrustLevel="0" NLK="NPU04191" LastUpdate="2014-03-06T19:32:07.740Z"/>
<LabClass LabClassId="83" FriendlyName="P/S-TSH" VarName="S_TSH" UnitStr="mIU/L" MinValid="0.01" MaxValid="150" Loinc="3016-3" FurstId="118" IncludeRegEx="TSH|T.*YR.*STIM" ExcludeRegEx="ANT|T\d|AB|^A|\d$|AS$|NR|RE[SC]" IsGroup="False" TrustLevel="0" NLK="NPU27547" LastUpdate="2014-03-05T09:40:02.517Z"/>
<LabClass LabClassId="84" FriendlyName="S-FT4" VarName="S_FT4" UnitStr="pmol/L" MinValid="0.1" MaxValid="400" Loinc="14920-3" FurstId="189" IncludeRegEx="FT4|FR.*T4|T4.*FR|FRI.*T.*YRO|T.*YRO.*FRI" ExcludeRegEx="IND|TRI|4I|HASS" IsGroup="False" TrustLevel="3" NLK="NPU03579" LastUpdate="2015-03-20T07:35:56.800Z"/>
<LabClass LabClassId="85" FriendlyName="S-T4" VarName="S_T4" UnitStr="nmol/L" MinValid="0.1" MaxValid="400" Loinc="14921-1" FurstId="0" IncludeRegEx="^S\-\s?T4$|^T4$|TT4|THYROXIN|^S\-\s?T4.*TOT|^ST4$" ExcludeRegEx="GLOB|TRI|FRI|HASS" IsGroup="False" TrustLevel="3" NLK="NPU03578" LastUpdate="2015-03-20T07:35:56.800Z"/>
<LabClass LabClassId="86" FriendlyName="S-FT3" VarName="S_FT3" UnitStr="pmol/L" Loinc="14928-6" FurstId="186" IncludeRegEx="F.*T3|T3.*FR|FR.*TRI.*TH?YR" ExcludeRegEx="BJ|FUR|FUC|ST3" IsGroup="False" TrustLevel="0" NLK="NPU03625" LastUpdate="2014-03-09T12:01:09.660Z"/>
<LabClass LabClassId="87" FriendlyName="S-T3" VarName="S_T3" UnitStr="nmol/L" Loinc="14930-2" IncludeRegEx="TRIJOD|THYRONIN|T3$|T3.*TOTAL|TOTAL.*T3" ExcludeRegEx="TROMBIN|FR|BJ|FUC|CEF|ENE|FT|PRIM|PENI|DOX|ERY|REV|RT3|4|KL|TT|.ST3|AT3|^A" IsGroup="False" TrustLevel="0" NLK="NPU03624" LastUpdate="2014-03-06T07:09:21.960Z"/>
<LabClass LabClassId="88" FriendlyName="S-TPO-AS" VarName="S_TPO_AS" UnitStr="IU/mL" Loinc="8099-4" FurstId="83" IncludeRegEx="T[HY].*PER.*AN|ANT.*TH.*OKS|TPO" IsGroup="False" TrustLevel="3" NLK="NPU20041" LastUpdate="2015-03-20T07:35:56.800Z"/>
<LabClass LabClassId="89" FriendlyName="S-TRAS" VarName="S_TRAS" UnitStr="IU/L" Loinc="57416-0" FurstId="308" IncludeRegEx="TRAS|T.*ROID.*ANTI|TSH.*RE.*AN|TSH.*RE[CS]|ANTI.*TSH" ExcludeRegEx="KON|GLOM|EKSTR|TRYKK|SJO" IsGroup="False" TrustLevel="3" NLK="NPU17888" LastUpdate="2015-03-20T07:35:56.800Z"/>
<LabClass LabClassId="90" FriendlyName="P/S-Natrium" VarName="S_NA_ION" UnitStr="mmol/L" Loinc="2951-2" FurstId="21" IncludeRegEx="^NA+$|^NA$|NATRIU|^S\-\s?NA$|^SNA$|NA\+" ExcludeRegEx="SV|^(A|U|X|D)|ARTER|U\-|URI" IsGroup="False" TrustLevel="0" NLK="NPU03429" LastUpdate="2015-06-04T09:42:49.700Z"/>
<LabClass LabClassId="91" FriendlyName="P/S-Kalium" VarName="S_K_ION" UnitStr="mmol/L" Loinc="2823-3" FurstId="20" IncludeRegEx="KALIUM|^S\-\s?K$|^K+$|^K$|^SK$|K\+" ExcludeRegEx="^(A|D|U|X)|SV|DIAL|ASC|DRE|ART|KAP|EKG|ANION|URI" IsGroup="False" TrustLevel="0" NLK="NPU03230" LastUpdate="2015-06-04T09:42:55.070Z"/>
<LabClass LabClassId="92" FriendlyName="S-Kalsium" VarName="S_CA_TOTAL" UnitStr="mmol/L" MinValid="2.01" MaxValid="2.99" Loinc="2000-8" FurstId="25" IncludeRegEx="AL[SC]IU|^CALCIUM$|^S\-[CK]AL.*ION|^S\-\s?CA$|^S\-\s?CA+$|^S\-\s?CA++$|^S?CA$" ExcludeRegEx="KOR|JUST|^(D|U)|ION|125|FRITT|\+|REG|VG|TU|KONK|INDE" IsGroup="False" TrustLevel="0" NLK="NPU01443" LastUpdate="2014-03-09T10:50:34.800Z"/>
<LabClass LabClassId="93" FriendlyName="S-Klorid" VarName="S_CL_ION" UnitStr="mmol/L" Loinc="2075-0" FurstId="22" IncludeRegEx="KLOR|^[BPS]\-\s?[CK]LORID$|^S-?\s?CL$|^CL\-$|S-?CLO|PS-CL|^CL$|B.*CLO" ExcludeRegEx="PR|AMF|^[DAUX]|SV|LOA|URI" IsGroup="False" TrustLevel="0" NLK="NPU01536" LastUpdate="2015-06-04T09:43:11.683Z"/>
<LabClass LabClassId="94" FriendlyName="P/S-Magnesium" VarName="S_MG_ION" UnitStr="mmol/L" Loinc="2601-3" FurstId="26" IncludeRegEx="MAGNES|^S\-\s?MG$|^MG++$|P.MG|^SMG|PS-MG|^S.*MG" ExcludeRegEx="^D?U|MGK|MGL|MM|SV|KONKR" IsGroup="False" TrustLevel="0" NLK="NPU02647" LastUpdate="2014-03-06T14:32:42.167Z"/>
<LabClass LabClassId="95" FriendlyName="P/S-Fosfat" VarName="S_PHOSPHATE" UnitStr="mmol/L" Loinc="14879-1" FurstId="24" IncludeRegEx="S\-P$|FOSF" ExcludeRegEx="ALK|TA|^D?U|LIP|MYC|KONKR|^AN|6|URI" IsGroup="False" TrustLevel="0" NLK="NOR05137" LastUpdate="2015-06-04T09:43:27.073Z"/>
<LabClass LabClassId="96" FriendlyName="P/S-Litium" VarName="S_LITIUM" UnitStr="mol/L" Loinc="14334-7" FurstId="23" IncludeRegEx="^S\-\s?LI$|LITIUM" ExcludeRegEx="VURD" IsGroup="False" TrustLevel="0" NLK="NPU02613" LastUpdate="2014-03-05T09:40:02.517Z"/>
<LabClass LabClassId="97" FriendlyName="B/S-Kuldeagglutininer" VarName="S_CRYOGLOBULINS" FurstId="7" IncludeRegEx="[CK]RYOGLOB|KUL.*AGG|KULDE" IsGroup="False" TrustLevel="0" NLK="NPU01714" LastUpdate="2014-03-06T10:07:53.470Z"/>
<LabClass LabClassId="98" FriendlyName="Hepatitt IKA" VarName="HEPATITIS_NOS" IncludeRegEx="HEPATIT|HBEAG|HBSAG|HEP\..*AS|HEP\..*AG" ExcludeRegEx="HEPARIN" IsGroup="True" TrustLevel="0" LastUpdate="2014-03-05T09:40:02.517Z"/>
<LabClass LabClassId="99" FriendlyName="S-Anti-HIV 1+2" VarName="HIV_NOS" FurstId="703" IncludeRegEx="HIV\s" IsGroup="False" TrustLevel="0" LastUpdate="2014-03-05T09:40:02.517Z"/>
<LabClass LabClassId="100" FriendlyName="Klamydia IKA" VarName="CHLAMYDIA_NOS" IncludeRegEx="[HKC]LAM|CHLA.*P[NS]|[CM].*PNEUM" IsGroup="True" TrustLevel="0" LastUpdate="2014-03-06T14:08:01.503Z"/>
<LabClass LabClassId="101" FriendlyName="Varicella Zoster IKA" VarName="VARICELLA_NOS" IncludeRegEx="VARICELL" IsGroup="True" TrustLevel="0" LastUpdate="2015-03-20T07:44:28.633Z"/>
<LabClass LabClassId="102" FriendlyName="Influensa IKA" VarName="INFLUENA_NOS" IncludeRegEx="INFLUEN[ZS]A|PARAINFL" IsGroup="True" TrustLevel="0" LastUpdate="2014-03-05T09:40:02.517Z"/>
<LabClass LabClassId="103" FriendlyName="Cytomegalovirus IKA" VarName="CMV_NOS" IncludeRegEx="CYTOMEGAL|CMV" IsGroup="True" TrustLevel="0" LastUpdate="2014-03-05T09:40:02.517Z"/>
<LabClass LabClassId="104" FriendlyName="Epstein Barr Virus IKA" VarName="EBV_NOS" IncludeRegEx="PAUL.*BUN|MONOSPOT|EBV|MONONU[CK]|EPSTEIN|BARR" ExcludeRegEx="LEU|CELL" IsGroup="True" TrustLevel="0" LastUpdate="2014-03-06T07:16:12.590Z"/>
<LabClass LabClassId="105" FriendlyName="Lues" VarName="LUES_NOS" IncludeRegEx="LUES" IsGroup="False" TrustLevel="0" LastUpdate="2014-03-05T09:40:02.517Z"/>
<LabClass LabClassId="106" FriendlyName="Rubella IKA" VarName="RUBELLA" IncludeRegEx="RUBELLA" IsGroup="True" TrustLevel="0" LastUpdate="2014-03-05T09:40:02.517Z"/>
<LabClass LabClassId="107" FriendlyName="Yersinia IKA" VarName="YERSINIA" IncludeRegEx="YERSIN" IsGroup="True" TrustLevel="0" LastUpdate="2014-03-05T09:40:02.517Z"/>
<LabClass LabClassId="108" FriendlyName="Borrelia IKA" VarName="BORRELIA" IncludeRegEx="BORREL|BURGD" IsGroup="True" TrustLevel="0" LastUpdate="2014-03-05T09:40:02.517Z"/>
<LabClass LabClassId="109" FriendlyName="Bakterier IKA" VarName="BACTERIA_NOS" IncludeRegEx="GRAM.*POS|GRAM.*NEG|HUDFLORA|KOKKER|COCC" IsGroup="True" TrustLevel="0" LastUpdate="2014-03-05T09:40:02.517Z"/>
<LabClass LabClassId="110" FriendlyName="Virusprøver IKA" VarName="VIRA_NOS" IncludeRegEx="VIRUS" IsGroup="True" TrustLevel="0" LastUpdate="2014-03-05T09:40:02.517Z"/>
<LabClass LabClassId="111" FriendlyName="P-IgE Matvareantistoffer IKA" VarName="MATVAREANTISTOFFER IKA" IncludeRegEx="^[SP]\-\s?ERT|^[SP]\-\s?MAIS|^[SP]\-\s?MALT\s|^[SP]\-\s?SVIN|KÅL|AGURK|KARDEMOMME|MUSLING|KORIANDER|MANGO|MELON|FERSKEN|LINSER|KYLLING|MATVARE" ExcludeRegEx="FJÆR|FLASS|KULDE|SYRE|P5" IsGroup="True" TrustLevel="0" LastUpdate="2014-03-06T08:12:36.980Z"/>
<LabClass LabClassId="112" FriendlyName="Antistoffer mot pelsdyr og midd IKA" VarName="ANTISTOFFER DYR IKA" IncludeRegEx="^[SP]\-\s?BIGIFT|^[SP]\-\s?VEPS|^[SP]\-\s?MARSVIN$|^[SP]\-\s?HAMSTER|HEST|KANIN|^S\-.*HUND$|^S\-.*FLASS|EPITEL|^FJÆR|BURFUGL|PAPEGØYE|^S\.*EKSKREM|HAMST|HUND|DERM.*FAR|ANTI.*DERM|GÅS" ExcludeRegEx="KATT|NYRE|PLATE|^U|GRESS|MELK" IsGroup="True" TrustLevel="0" LastUpdate="2015-01-17T11:40:56.693Z"/>
<LabClass LabClassId="113" FriendlyName="Pollenantistoffer IKA" VarName="POLLENANTISTOFFER IKA" IncludeRegEx="VEGGURT|MALURT|AM.GRAN|IP8" IsGroup="True" TrustLevel="0" LastUpdate="2014-03-06T09:15:21.210Z"/>
<LabClass LabClassId="114" FriendlyName="Laktosebelastning IKA" VarName="LAKTOSEBELASTNING IKA" IncludeRegEx="LAKT.*BE|^B\-\s?LAKTO.*[12]$" ExcludeRegEx="LAKTAT|GLU" IsGroup="True" TrustLevel="0" LastUpdate="2014-03-05T09:40:02.517Z"/>
<LabClass LabClassId="115" FriendlyName="Revmaprøver IKA" VarName="REVMAPRØVER IKA" IncludeRegEx="WAALER|LATEX|RA\-\s?TEST" ExcludeRegEx="ROTA" IsGroup="True" TrustLevel="0" LastUpdate="2015-03-20T07:44:28.633Z"/>
<LabClass LabClassId="116" FriendlyName="S-ANA" VarName="S_ANA" IncludeRegEx="^ANA|-ANA|ANTI.*NUK.*A" ExcludeRegEx="BENCE|BÆR|LYS|CYAN|STREP|TYR|ASE|MITO|7|JO|DNA|ROB|NAS|PLAS" IsGroup="False" TrustLevel="0" LastUpdate="2014-03-06T09:32:35.783Z"/>
<LabClass LabClassId="117" FriendlyName="S-IGG" VarName="S_IGG" UnitStr="g/L" Loinc="2465-3" FurstId="165" IncludeRegEx="^[SP]\-.*[\-\s]IGG$|^[SP]\-\s?IGG$" ExcludeRegEx="GLI|OVA|GLUT|RUB|[CK]AR|ALFA|BETA|CASE|TTG|ANTI|PERT|PYL|LAK|LAM|BOR|TO[XK]|\d|ELE" IsGroup="False" TrustLevel="0" NLK="NPU19814" LastUpdate="2014-03-14T16:55:18.270Z"/>
<LabClass LabClassId="118" FriendlyName="S-IGA" VarName="S_IGA" UnitStr="g/L" Loinc="2458-8" FurstId="265" IncludeRegEx="^[SP]\-.*[\-\s]IGA$|^[SP]\-\s?IGA$|IGA.*KVAN|TOT.*IGA" ExcludeRegEx="RF|ALFA|BETA|GAMMA|ANTI|VEV|OVA|LA[CK]T|GLUT|GLIA|ASE|TRA|ENDO|PERT|AL" IsGroup="False" TrustLevel="0" NLK="NPU19795" LastUpdate="2014-03-14T16:52:54.723Z"/>
<LabClass LabClassId="119" FriendlyName="S-IGE" VarName="S_IGE" UnitStr="kU/L" Loinc="19113-0" FurstId="163" IncludeRegEx="^[SP]\-.*[\-\s]IGE$|^[SP]\-\s?IGE$" IsGroup="False" TrustLevel="0" NLK="NPU02482" LastUpdate="2014-03-14T16:58:39.150Z"/>
<LabClass LabClassId="120" FriendlyName="P/S-IGM" VarName="S_IGM" FurstId="365" IncludeRegEx="^[SP]\-.*[\-\s]IGM$|^[SP]\-\s?IGM$" ExcludeRegEx="RF|[CK]AR|ANTI|BORR|GLY" IsGroup="False" TrustLevel="0" NLK="NPU19825" LastUpdate="2014-03-05T09:40:02.517Z"/>
<LabClass LabClassId="121" FriendlyName="B-AB0/Rh typing" VarName="B_AB0 TYPING" IncludeRegEx="AB0|AB[0O].*TYP|AB[0O].*RH|BLODTYPE" IsGroup="False" TrustLevel="0" LastUpdate="2014-03-06T06:50:50.153Z"/>
<LabClass LabClassId="122" FriendlyName="Antistoffer IKA" VarName="ANTISTOFFER IKA" IncludeRegEx="^[SP]\-\s?ANTI\-|ANTIST" IsGroup="True" TrustLevel="0" LastUpdate="2014-03-05T09:40:02.517Z"/>
<LabClass LabClassId="123" FriendlyName="P/S-ALP" VarName="ALP" UnitStr="U/L" Loinc="6768-6" FurstId="30" IncludeRegEx="ALP|^AFOS$|ALK.*FOS|FOS.*ALK|AFOS|ALFOS|ALKALISK F" ExcludeRegEx="BE|PRO|GL|VAL|PR|^X|HAL|ISO" IsGroup="False" TrustLevel="0" NLK="NPU27783" LastUpdate="2014-03-05T09:40:02.517Z"/>
<LabClass LabClassId="124" FriendlyName="P/S-ALAT" VarName="ALAT" UnitStr="U/L" MinValid="2" MaxValid="20000" Loinc="1742-6" FurstId="34" IncludeRegEx="ALAT|ALA.*AMINO" ExcludeRegEx="OKSAL|OXAL|ATOP|LEV" IsGroup="False" TrustLevel="0" NLK="NPU19651" LastUpdate="2014-03-06T13:15:32.163Z"/>
<LabClass LabClassId="125" FriendlyName="P/S-ASAT" VarName="ASAT" UnitStr="U/L" MinValid="2" MaxValid="20000" Loinc="1920-8" FurstId="33" IncludeRegEx="ASAT" IsGroup="False" TrustLevel="0" NLK="NPU19654" LastUpdate="2014-03-05T09:40:02.517Z"/>
<LabClass LabClassId="126" FriendlyName="S-CK" VarName="CK" UnitStr="U/L" Loinc="2157-6" FurstId="36" IncludeRegEx="CK|[CK]RE.*KIN" ExcludeRegEx="B|M|U|ST|GCK" IsGroup="False" TrustLevel="0" NLK="NPU19656" LastUpdate="2014-03-05T09:40:02.517Z"/>
<LabClass LabClassId="127" FriendlyName="S-CK-MB" VarName="S_CK_MB" UnitStr="ng/mL" Loinc="13969-1" FurstId="238" IncludeRegEx="CK\-\s?M|CK.*MB" ExcludeRegEx="BB|BR|%" IsGroup="False" TrustLevel="0" NLK="NPU19750" LastUpdate="2014-03-05T09:40:02.517Z"/>
<LabClass LabClassId="128" FriendlyName="S-GGT" VarName="GT" UnitStr="U/L" MinValid="2" MaxValid="5000" Loinc="2324-2" FurstId="107" IncludeRegEx="^GT$|G.*GT|GAMMA|^.\-\s?GT|[PS][-_]GT|^SGT|PS\-GT|GT.*GLUTAM" ExcludeRegEx="HURT|GAMMA\.?$|GLOB|FRAK|ELF|LAGT|IGG" IsGroup="False" TrustLevel="0" NLK="NPU19657" LastUpdate="2014-03-06T09:51:16.600Z"/>
<LabClass LabClassId="129" FriendlyName="P/S-Bilirubin total" VarName="S_BILIRUBIN" UnitStr="umol/L" Loinc="14631-6" FurstId="40" IncludeRegEx="^S\-\s?BIL$|^S\-\s?BILI$|BIL.*RU|TOT.*BIL|^BILI|^BIL$|BIL.*KON" ExcludeRegEx="^(AN|SP|D|X|U)\-|LL|NAV|NY|NEO|REV" IsGroup="False" TrustLevel="0" NLK="NPU01370" LastUpdate="2014-03-05T09:40:02.517Z"/>
<LabClass LabClassId="130" FriendlyName="S-LD" VarName="S_LD" UnitStr="U/L" Loinc="2532-0" FurstId="35" IncludeRegEx="^S\-\s?LDH?$|^LD$|S-LD_|LD.*DEHYDR|^[SP][-\_]LD(\s|$)" IsGroup="False" TrustLevel="0" NLK="NPU19658" LastUpdate="2015-04-23T12:54:23.967Z"/>
<LabClass LabClassId="131" FriendlyName="P/S-Amylase" VarName="S_AMYLASE" UnitStr="U/L" Loinc="1798-8" FurstId="38" IncludeRegEx="AMYL" ExcludeRegEx="PA|^(U|X|D|AN)|ALFA|GT|OID|PLE|ASC|P.AMYL" IsGroup="False" TrustLevel="0" NLK="NOR05040" LastUpdate="2014-03-05T09:40:02.517Z"/>
<LabClass LabClassId="132" FriendlyName="S-Pankreasamylase" VarName="S_PANKREASAMYLASE" FurstId="181" IncludeRegEx="P.*AMYL|AMYL.*P" ExcludeRegEx="GT|OID|PLE|^PS|USP" IsGroup="False" TrustLevel="0" NLK="NPU19653" LastUpdate="2014-03-06T13:52:01.323Z"/>
<LabClass LabClassId="133" FriendlyName="Fosfatase IKA" VarName="FOSFATASE IKA" IncludeRegEx="OSFATAS" IsGroup="True" TrustLevel="0" LastUpdate="2014-03-05T09:40:02.517Z"/>
<LabClass LabClassId="134" FriendlyName="FEV" VarName="FEV" MinValid="1" MaxValid="8" IncludeRegEx="^FEV$|^X\-\s?FEV$" IsGroup="False" TrustLevel="0" LastUpdate="2014-03-05T09:40:02.517Z"/>
<LabClass LabClassId="135" FriendlyName="FEV1" VarName="FEV1" MinValid="1" MaxValid="7" IncludeRegEx="^FEV1$|^X\-\s?FEV1$" IsGroup="False" TrustLevel="0" LastUpdate="2014-03-05T09:40:02.517Z"/>
<LabClass LabClassId="136" FriendlyName="FEV1%" VarName="FEV1%" MinValid="20" MaxValid="130" IncludeRegEx="^FEV1%$|FEV1.*FVC" IsGroup="False" TrustLevel="0" LastUpdate="2014-03-05T09:40:02.517Z"/>
<LabClass LabClassId="137" FriendlyName="FVC" VarName="FVC" MinValid="1" MaxValid="8" IncludeRegEx="^FVC$|^X\-\s?FVC$" IsGroup="False" TrustLevel="0" LastUpdate="2014-03-05T09:40:02.517Z"/>
<LabClass LabClassId="138" FriendlyName="PEF" VarName="PEF" MinValid="50" MaxValid="900" IncludeRegEx="^PEF$|^X\-\s?PEF$" IsGroup="False" TrustLevel="0" LastUpdate="2014-03-05T09:40:02.517Z"/>
<LabClass LabClassId="139" FriendlyName="LV-Ejeksjonsfraksjon" VarName="LVEF" MinValid="0.1" MaxValid="0.9" IncludeRegEx="^LVEF$|^EF$" IsGroup="False" TrustLevel="0" LastUpdate="2014-03-05T09:40:02.517Z"/>
<LabClass LabClassId="140" FriendlyName="S-NT-proBNP" VarName="PROBNP" UnitStr="pmol/L" Loinc="33763-4" FurstId="111" IncludeRegEx="PRO.*BNP" IsGroup="False" TrustLevel="0" NLK="NOR05922" LastUpdate="2014-03-14T16:46:46.830Z"/>
<LabClass LabClassId="141" FriendlyName="Tobakk g/dag" VarName="GRAMTOBACCO" MinValid="0" MaxValid="60" IncludeRegEx="RØYK.*ANT|RYGER$|RØYKER$|RØKER$|^RØYK$|^TOBAKK|^TOB$" IsGroup="False" TrustLevel="0" LastUpdate="2014-03-05T09:40:02.517Z"/>
<LabClass LabClassId="142" FriendlyName="Røykestatus (0-3)" VarName="SMKCLAS" MinValid="0" MaxValid="3" IncludeRegEx="^SMKCLAS$" IsGroup="False" TrustLevel="0" LastUpdate="2014-03-05T09:40:02.517Z"/>
<LabClass LabClassId="143" FriendlyName="Dagligrøyker (0/1)" VarName="SMOKER" MinValid="0" MaxValid="1" IncludeRegEx="^SMOKER$|^SH\-\s?SMO$" IsGroup="False" TrustLevel="0" LastUpdate="2014-03-05T09:40:02.517Z"/>
<LabClass LabClassId="144" FriendlyName="Slutteønske (0-3)" VarName="SMKMOTIV" MinValid="0" MaxValid="3" IncludeRegEx="^SMKMOTIV$" IsGroup="False" TrustLevel="0" LastUpdate="2014-03-05T09:40:02.517Z"/>
<LabClass LabClassId="145" FriendlyName="SmartDiet Score" VarName="SMARTDIET" MinValid="15" MaxValid="45" IncludeRegEx="^SMARTDIET$|^SMARTDIET_SUM$|^SMART\-\s?DIET$" IsGroup="False" TrustLevel="0" LastUpdate="2014-03-05T09:40:02.517Z"/>
<LabClass LabClassId="146" FriendlyName="MADRS" VarName="MADRS_SUM" MinValid="0" MaxValid="60" IncludeRegEx="^MADRS$" IsGroup="False" TrustLevel="0" LastUpdate="2014-03-05T09:40:02.517Z"/>
<LabClass LabClassId="147" FriendlyName="ICPC-diagnose" VarName="ICPC_DIAGNOSE" MinValid="0" MaxValid="1" IncludeRegEx="^ICPC[\-_]" IsGroup="True" TrustLevel="0" LastUpdate="2014-03-05T09:40:02.517Z"/>
<LabClass LabClassId="148" FriendlyName="ICD10-diagnose" VarName="ICD10_DIAGNOSE" MinValid="0" MaxValid="1" IncludeRegEx="^ICD10[\-_]" IsGroup="True" TrustLevel="0" LastUpdate="2014-03-05T09:40:02.517Z"/>
<LabClass LabClassId="149" FriendlyName="P/S-Etanol" VarName="S_ETANOL" FurstId="657" IncludeRegEx="ETANOL|ETHANOL|ETYLAL[CK]O" ExcludeRegEx="META" IsGroup="False" TrustLevel="0" LastUpdate="2014-03-05T09:40:02.517Z"/>
<LabClass LabClassId="150" FriendlyName="S-CDT" VarName="S_CDT" FurstId="658" IncludeRegEx="S\-\s?CDT|^CDT|^SCDT" IsGroup="False" TrustLevel="0" LastUpdate="2015-01-17T11:33:28.777Z"/>
<LabClass LabClassId="151" FriendlyName="Tid på dagen" VarName="TID PÅ DAGEN" IncludeRegEx="^MORGEN$|^MIDDAG$|^KVELD$|^AFTEN$" IsGroup="False" TrustLevel="0" LastUpdate="2014-03-05T09:40:02.517Z"/>
<LabClass LabClassId="152" FriendlyName="Måned" VarName="MÅNED" IncludeRegEx="^JAN$|^JANUAR$|^FEB$|^FEBRUAR$|^MARS$|^APR$|^APRIL$|^MAI$|^JUNI$|^JULI$|^AUG$|^AUGUST$|^SEPT$|^SEPTEMBER$|^OKT$|^OKTOBER$|^NOV$|^NOVEMBER$|^DES$|^DESEMBER$" IsGroup="False" TrustLevel="0" LastUpdate="2014-03-05T09:40:02.517Z"/>
<LabClass LabClassId="153" FriendlyName="Årstid" VarName="ÅRSTID" IncludeRegEx="^HØSTEN$|^VÅREN$|^SOMMEREN$|^VINTEREN$" IsGroup="False" TrustLevel="0" LastUpdate="2014-03-05T09:40:02.517Z"/>
<LabClass LabClassId="154" FriendlyName="Medikamentanalyser IKA" VarName="MEDIKAMENTANALYSER IKA" IncludeRegEx="PROMAZ|AMITRIP|TRI[SC].*ANTID|AMIODA|DESIP|DISOP|DOXEP|MIPRAM|MEPROB|MEXILE|FLE[CK]AIN|KINIDIN|T.*EOFYL|NORTRI|METOTREX|HAL.*PER|DE.*PROPO[KX]|DIGOK|DIGOX" ExcludeRegEx="ZEP" IsGroup="True" TrustLevel="0" LastUpdate="2014-03-06T07:55:26.050Z"/>
<LabClass LabClassId="155" FriendlyName="BPDRUG" VarName="BPDRUG" IncludeRegEx="^BPDRUG$" IsGroup="False" TrustLevel="0" LastUpdate="2014-03-05T09:40:02.517Z"/>
<LabClass LabClassId="156" FriendlyName="Antibiotika IKA" VarName="ANTIBIOTIKA IKA" IncludeRegEx="PENICI|LINDAMYC|ERYTROMYC|DOXY[CS]Y|DOKSY[CS]YK|GENTAM|TRIMETO|TOBRAMY|OXACI|NITROFU|NALIDI|CILLI|SPORIN|CEFAL|CEFUROX|FUCIDI|LORAMFE" IsGroup="True" TrustLevel="0" LastUpdate="2014-03-05T09:40:02.517Z"/>
<LabClass LabClassId="157" FriendlyName="Antiepileptika IKA" VarName="ANTIEPILEPTIKA IKA" IncludeRegEx="ARBAMAZ|BARBITUR|LONAZ|FENEM|FENOBAR|FENYTOIN|VALPR" IsGroup="True" TrustLevel="0" LastUpdate="2014-03-05T09:40:02.517Z"/>
<LabClass LabClassId="158" FriendlyName="Smertestillende IKA" VarName="SMERTESTILLENDE IKA" IncludeRegEx="SALI.*Y|PARACET|FENAZ" IsGroup="True" TrustLevel="0" LastUpdate="2014-03-05T09:40:02.517Z"/>
<LabClass LabClassId="159" FriendlyName="Narkotiske midler IKA" VarName="NARKOTISKE MIDLER IKA" IncludeRegEx="OKAI|OPIA|CANNAB|ISOPROP|ETYL.*GLY[CK]|^S\-\s?LSD$" ExcludeRegEx="AMFE" IsGroup="True" TrustLevel="0" LastUpdate="2014-03-05T09:40:02.517Z"/>
<LabClass LabClassId="160" FriendlyName="Familial CHD" VarName="FAMCHD" MinValid="0" MaxValid="1" IncludeRegEx="^SH\-\s?FAM$|^FAMCHD$" IsGroup="False" TrustLevel="0" LastUpdate="2014-03-05T09:40:02.517Z"/>
<LabClass LabClassId="161" FriendlyName="S-PSA" VarName="PSA" UnitStr="ug/L" Loinc="2857-1" FurstId="232" IncludeRegEx="PSA" ExcludeRegEx="RAT|FRA|FRI" IsGroup="False" TrustLevel="0" NLK="NPU08669" LastUpdate="2014-03-14T16:50:18.250Z"/>
<LabClass LabClassId="162" FriendlyName="WALKDIST" VarName="WALKDIST" IncludeRegEx="^WALKDIST$" IsGroup="False" TrustLevel="0" LastUpdate="2014-03-05T09:40:02.517Z"/>
<LabClass LabClassId="163" FriendlyName="ATC_B01AC" VarName="ATC_B01AC" IncludeRegEx="^ATC_B01AC$" IsGroup="False" TrustLevel="0" LastUpdate="2014-03-05T09:40:02.517Z"/>
<LabClass LabClassId="164" FriendlyName="ATC_C07" VarName="ATC_C07" IncludeRegEx="^ATC_C07$" IsGroup="False" TrustLevel="0" LastUpdate="2014-03-05T09:40:02.517Z"/>
<LabClass LabClassId="165" FriendlyName="ATC_C09" VarName="ATC_C09" IncludeRegEx="^ATC_C09$" IsGroup="False" TrustLevel="0" LastUpdate="2014-03-05T09:40:02.517Z"/>
<LabClass LabClassId="166" FriendlyName="ATC_C10A" VarName="ATC_C10A" IncludeRegEx="^ATC_C10A$" IsGroup="False" TrustLevel="0" LastUpdate="2014-03-05T09:40:02.517Z"/>
<LabClass LabClassId="167" FriendlyName="ABILEFT" VarName="ABILEFT" IncludeRegEx="^ABILEFT$" IsGroup="False" TrustLevel="0" LastUpdate="2014-03-05T09:40:02.517Z"/>
<LabClass LabClassId="168" FriendlyName="ABIRIGHT" VarName="ABIRIGHT" IncludeRegEx="^ABIRIGHT$" IsGroup="False" TrustLevel="0" LastUpdate="2014-03-05T09:40:02.517Z"/>
<LabClass LabClassId="169" FriendlyName="FOOTPULSELEFT" VarName="FOOTPULSELEFT" IncludeRegEx="^FOOTPULSELEFT$" IsGroup="False" TrustLevel="0" LastUpdate="2014-03-05T09:40:02.517Z"/>
<LabClass LabClassId="170" FriendlyName="FOOTPULSERIGHT" VarName="FOOTPULSERIGHT" IncludeRegEx="^FOOTPULSERIGHT$" IsGroup="False" TrustLevel="0" LastUpdate="2014-03-05T09:40:02.517Z"/>
<LabClass LabClassId="171" FriendlyName="S-Digitoksin" VarName="S_DIGITOKSIN" UnitStr="nmol/L" MinValid="0" MaxValid="500" Loinc="15104-3" FurstId="108" IncludeRegEx="DIGITO[KX]|^S-DIGI|SDIGI|^DIGI$|DIGITO$" ExcludeRegEx="VURD" IsGroup="False" TrustLevel="0" NLK="NPU04786" LastUpdate="2014-03-05T09:40:02.517Z"/>
<LabClass LabClassId="172" FriendlyName="D-Dimer" VarName="D_DIMER" IncludeRegEx="DIMER" IsGroup="False" TrustLevel="0" NLK="NPU19767" LastUpdate="2016-02-28T12:21:25.563Z"/>
<LabClass LabClassId="173" FriendlyName="P/S-Troponin T" VarName="S_TNT" IncludeRegEx="TROPO.*T" IsGroup="False" TrustLevel="0" NLK="NPU19924" LastUpdate="2016-02-28T12:23:26.153Z"/>
<LabClass LabClassId="174" FriendlyName="P/S-Troponin I" VarName="S_TNI" Loinc="10839-9" IncludeRegEx="TROPO.*I($|\s)" IsGroup="False" TrustLevel="0" NLK="NPU19923" LastUpdate="2016-02-28T12:25:54.010Z"/>

</LabClasses>

