<?xml version="1.0" encoding="ISO-8859-1"?>
<TemplateVariableSynonyms><TemplateVariableSynonym SynonymId="1" VarName="Bruker.Fornavn" Replacement="User.FstName" CreatedAt="2016-04-15T10:09:45.573"/><TemplateVariableSynonym SynonymId="3" VarName="Bruker.Etternavn" Replacement="User.LstName" CreatedAt="2016-04-15T10:10:18.650"/><TemplateVariableSynonym SynonymId="4" VarName="Bruker.EtternavnFornavn" Replacement="User.ReverseName" CreatedAt="2016-04-15T10:13:38.873"/><TemplateVariableSynonym SynonymId="5" VarName="Bruker.FornavnEtternavn" Replacement="User.FullName" CreatedAt="2016-04-15T10:13:59.320"/><TemplateVariableSynonym SynonymId="6" VarName="Sys.Now" Replacement="Time.Now" CreatedAt="2016-04-15T10:31:18.317"/><TemplateVariableSynonym SynonymId="7" VarName="Sys.Aar" Replacement="Time.CurrentYear" CreatedAt="2016-04-15T10:31:55.023"/><TemplateVariableSynonym SynonymId="8" VarName="Sys.Mnd" Replacement="Time.Month" CreatedAt="2016-04-15T10:34:12.620"/><TemplateVariableSynonym SynonymId="9" VarName="Sys.Mndnavn" Replacement="Time.MonthName" CreatedAt="2016-04-15T10:39:15.557"/><TemplateVariableSynonym SynonymId="10" VarName="Sys.Dag" Replacement="Time.Day" CreatedAt="2016-04-15T10:39:31.560"/><TemplateVariableSynonym SynonymId="11" VarName="Sys.Dagensnavn" Replacement="Time.DayName" CreatedAt="2016-04-15T10:39:44.747"/><TemplateVariableSynonym SynonymId="12" VarName="Pas.Navn" Replacement="StudyCase.FullName" CreatedAt="2016-04-15T10:40:30.597"/><TemplateVariableSynonym SynonymId="13" VarName="Pas.Fornavn" Replacement="StudyCase.FstName" CreatedAt="2016-04-15T10:41:55.430"/><TemplateVariableSynonym SynonymId="14" VarName="Pas.Etternavn" Replacement="StudyCase.LstName" CreatedAt="2016-04-15T10:42:07.270"/><TemplateVariableSynonym SynonymId="15" VarName="Pas.EtternavnFornavn" Replacement="StudyCase.ReverseName" CreatedAt="2016-04-15T10:42:27.777"/><TemplateVariableSynonym SynonymId="16" VarName="Pas.FornavnEtternavn" Replacement="StudyCase.FullName" CreatedAt="2016-04-15T10:42:43.087"/><TemplateVariableSynonym SynonymId="17" VarName="ITEM.Oppholdstype" Replacement="Item.Oppholdstype.OptionText" CreatedAt="2016-05-06T08:41:59.780"/><TemplateVariableSynonym SynonymId="20" VarName="UserId" Replacement="User.UserId" CreatedAt="2016-05-11T09:26:14.883"/><TemplateVariableSynonym SynonymId="21" VarName="StudyId" Replacement="Session.StudyId" CreatedAt="2016-05-11T09:26:30.270"/><TemplateVariableSynonym SynonymId="22" VarName="StudyName" Replacement="Session.StudyName" CreatedAt="2016-05-11T09:26:47.463"/><TemplateVariableSynonym SynonymId="23" VarName="PersonId" Replacement="Patient.PersonId" CreatedAt="2016-05-11T09:27:22.570"/><TemplateVariableSynonym SynonymId="24" VarName="Sex" Replacement="Patient.GenderId" CreatedAt="2016-05-11T09:27:36.293"/><TemplateVariableSynonym SynonymId="25" VarName="Age" Replacement="MainForm.AgeOnForm" CreatedAt="2016-05-11T09:27:50.950"/><TemplateVariableSynonym SynonymId="26" VarName="DOB" Replacement="Patient.DOB" CreatedAt="2016-05-11T09:28:09.470"/><TemplateVariableSynonym SynonymId="27" VarName="DOB_YYYY" Replacement="Patient.YOB" CreatedAt="2016-05-11T09:28:47.787"/><TemplateVariableSynonym SynonymId="28" VarName="AgeNow" Replacement="Patient.Age" CreatedAt="2016-05-11T09:29:05.450"/><TemplateVariableSynonym SynonymId="29" VarName="DATE" Replacement="Time.Date" CreatedAt="2016-05-11T09:29:25.967"/><TemplateVariableSynonym SynonymId="30" VarName="NOW" Replacement="Time.Now" CreatedAt="2016-05-11T09:29:42.800"/><TemplateVariableSynonym SynonymId="31" VarName="NOW_YYYY" Replacement="Time.CurrentYear" CreatedAt="2016-05-11T09:29:58.313"/><TemplateVariableSynonym SynonymId="32" VarName="DATA.ADDRESS" Replacement="Item.Address.AsString" CreatedAt="2016-05-12T15:34:28.977"/><TemplateVariableSynonym SynonymId="33" VarName="DATA.CITY" Replacement="Item.City.AsString" CreatedAt="2016-05-12T15:37:58.430"/><TemplateVariableSynonym SynonymId="34" VarName="DATA.ZIP" Replacement="Item.Zip.AsString" CreatedAt="2016-05-12T15:38:23.633"/><TemplateVariableSynonym SynonymId="35" VarName="DRUGS.CURRENT" Replacement="DrugList.Html" CreatedAt="2016-05-18T13:06:04.840"/><TemplateVariableSynonym SynonymId="36" VarName="DATA.NEXTOFKIN_NAME" Replacement="Item.NextOfKin_Name.AsString" CreatedAt="2016-06-06T09:04:21.133"/><TemplateVariableSynonym SynonymId="37" VarName="DATA.NEXTOFKIN_ADDRESS" Replacement="Item.NextOfKin_Address.AsString" CreatedAt="2016-06-06T09:22:57.873"/><TemplateVariableSynonym SynonymId="38" VarName="DATA.NEXTOFKIN_ZIP" Replacement="Item.NextOfKin_Zip.AsString" CreatedAt="2016-06-06T09:23:32.940"/><TemplateVariableSynonym SynonymId="39" VarName="DATA.NEXTOFKIN_CITY" Replacement="Item.NextOfKin_City.AsString" CreatedAt="2016-06-06T09:31:34.060"/><TemplateVariableSynonym SynonymId="40" VarName="DATA.NEXTOFKIN_PHONE" Replacement="Item.NextOfKin_Phone.AsString" CreatedAt="2016-06-06T09:32:44.083"/><TemplateVariableSynonym SynonymId="41" VarName="DATA.GBD_INNDATO" Replacement="Item.GBD_INNDATO.AsString" CreatedAt="2016-06-06T09:34:48.293"/><TemplateVariableSynonym SynonymId="42" VarName="DATA.GBD_UTDATO" Replacement="Item.GBD_UTDATO.AsString" CreatedAt="2016-06-06T09:35:16.307"/></TemplateVariableSynonyms>