<?xml version="1.0" encoding="ISO-8859-1"?>
<form form_id="566" form_uid="LCP_EVAL" title="LCP Revurdering" calculate_invalid="False" rating_scale="False" status="Closed" repeatable="1" >
<instructions></instructions>

<!-- Start: Form enums, generated XML -->

<enumeration enumeration_uid="6962">
  <enum_item value="1" text="LCP Fortsetter." answer_id="38605" />
  <enum_item value="2" text="LCP Avsluttes." answer_id="38606" />
</enumeration>

<enumeration enumeration_uid="7575">
  <enum_item value="1" text="Ja" answer_id="40665" />
  <enum_item value="2" text="Nei" short_code="N" answer_id="40666" />
</enumeration>

<!-- Start: Form items, generated XML -->

<question item_id="7575" mid="LCP_ENIGHET" datatype="ORD" page_number="1" page_title="LCP Revurdering" page_introduction="Bruken av LCP skal revurderes minst hvert 3. d&#248;gn. Ved d&#248;dsfall skal LCP del 3 fylles ut i stedet." question_text="Det tverrfaglige teamet er fortsatt enige om at pasienten er d&#248;ende" optional="1" enumeration_uid="7575" group_id="LCP_ENIGHET" />
<question item_id="6963" mid="LCP_VURDERING" datatype="NAR" page_number="1" page_title="LCP Revurdering" page_introduction="Bruken av LCP skal revurderes minst hvert 3. d&#248;gn. Ved d&#248;dsfall skal LCP del 3 fylles ut i stedet." question_text="Vurdering" optional="1" multiline="1" group_id="LCP_VURDERING" />
<question item_id="6962" mid="LCP_STATUS" datatype="ORD" page_number="1" page_title="LCP Revurdering" page_introduction="Bruken av LCP skal revurderes minst hvert 3. d&#248;gn. Ved d&#248;dsfall skal LCP del 3 fylles ut i stedet." question_text="Konklusjon" optional="1" enumeration_uid="6962" group_id="LCP_STATUS" />

<!-- Start: Form actions, generated XML -->

</form>
