<?xml version="1.0" encoding="ISO-8859-1"?>
<form form_id="546" form_uid="EPIKRISE_HJEMMESPL" title="Epikrise til hjemmesykepleien (Profil)" calculate_invalid="False" rating_scale="False" status="Closed" repeatable="1" >
<instructions></instructions>

<!-- Start: Form enums, generated XML -->

<enumeration enumeration_uid="121">
  <enum_item value="1" text="Innlagt for utredning." answer_id="168" />
  <enum_item value="2" text="Korttidsopphold." answer_id="169" />
  <enum_item value="3" text="Rehabiliteringsopphold." answer_id="170" />
  <enum_item value="4" text="Rullering." answer_id="171" />
  <enum_item value="5" text="Fast beboer." answer_id="17614" />
</enumeration>

<enumeration enumeration_uid="6292">
  <enum_item value="1" text="Vanlig bosted | Utskrives til hjemmet." answer_id="33228" />
  <enum_item value="2" text="Som d&#248;d | Utskrives som d&#248;d." answer_id="33229" />
  <enum_item value="21" text="Annen somatisk enhet her | Overflyttet annen somatisk enhet her." answer_id="33232" />
  <enum_item value="23" text="Psykiatrisk enhet her | Overflyttet annen psykatrisk enhet her." answer_id="33236" />
  <enum_item value="31" text="Annet somatisk sykehus i Norge" answer_id="33237" />
  <enum_item value="34" text="Somatisk sykehus utenfor Norge" answer_id="33243" />
  <enum_item value="35" text="Rehab. Inst. /sykehjem." answer_id="33250" />
  <enum_item value="39" text="Annen helseinstitusjon" answer_id="33251" />
</enumeration>

<!-- Start: Form items, generated XML -->

<question item_id="121" mid="OPPHOLDSTYPE" datatype="ORD" page_number="1" page_title="Administrativt" question_text="Oppholdstype" optional="0" carry_forward="1" enumeration_uid="121" help_text="Husk &#229; oppdatere &quot;Statusfeltet&quot; &#248;verst p&#229; skjermen!" group_id="OPPHOLDSTYPE" />
<question item_id="4085" mid="GBD_INNDATO" datatype="DATE" page_number="1" page_title="Administrativt" header="Ankom" question_text="N&#229;r kom pasienten kom inn p&#229; sykehjemmet?" optional="0" carry_forward="1" min_value="DOB" max_value="FORMDATE-1" help_text="Gjelder aktuelt opphold." group_id="GBD_INNDATO" />
<question item_id="4086" mid="GBD_UTDATO" datatype="DATE" page_number="1" page_title="Administrativt" question_text="Forlot sykehjemmet" optional="0" carry_forward="1" help_text="Dato da pasienten forlot sykehjemmet" group_id="GBD_UTDATO" />
<question item_id="6292" mid="AdmOutcome" datatype="ORD" page_number="1" page_title="Administrativt" question_text="Utskrivningsm&#229;te" optional="0" enumeration_uid="6292" group_id="AdmOutcome" />
<question item_id="6339" mid="EPIKRISE_ARSAK" datatype="NAR" page_number="2" page_title="Den gode epikrise" question_text="&#197;rsak til innleggelse" optional="1" multiline="1" group_id="EPIKRISE_ARSAK" />
<question item_id="6340" mid="EPIKRISE_FAM_SOS" datatype="NAR" page_number="2" page_title="Den gode epikrise" question_text="Familie/sosialt" optional="1" multiline="1" group_id="EPIKRISE_FAM_SOS" />
<question item_id="6342" mid="EPIKRISE_TIDL_SYKD" datatype="NAR" page_number="2" page_title="Den gode epikrise" question_text="Tidligere sykdommer" optional="1" multiline="1" group_id="EPIKRISE_TIDL_SYKD" />
<question item_id="6338" mid="EPIKRISE_FUNN" datatype="NAR" page_number="2" page_title="Den gode epikrise" question_text="Funn og unders&#248;kelsesresultater" optional="1" multiline="1" help_text="Ta med viktigste funn og resultater fra spesialunders&#248;kelser. Labdata g&#229;r under egen overskrift." group_id="EPIKRISE_FUNN" />
<question item_id="6341" mid="EPIKRISE_FORLOP" datatype="NAR" page_number="2" page_title="Den gode epikrise" question_text="Forl&#248;p og behandling" optional="1" multiline="1" group_id="EPIKRISE_FORLOP" />
<question item_id="6343" mid="EPIKRISE_UBESVART" datatype="NAR" page_number="2" page_title="Den gode epikrise" question_text="Ubesvarte pr&#248;ver" optional="1" multiline="1" group_id="EPIKRISE_UBESVART" />
<question item_id="6344" mid="EPIKRISE_HJELPETILTAK" datatype="NAR" page_number="2" page_title="Den gode epikrise" question_text="Funksjonsniv&#229;/hjelpetiltak ved utskrivelsen" optional="1" multiline="1" group_id="EPIKRISE_HJELPETILTAK" />
<question item_id="6335" mid="EPIKRISE_VURDERING" datatype="NAR" page_number="2" page_title="Den gode epikrise" question_text="Vurdering" optional="1" multiline="1" group_id="EPIKRISE_VURDERING" />
<question item_id="4321" mid="EPIKRISE_PLAN" datatype="NAR" page_number="2" page_title="Den gode epikrise" question_text="Plan for videre oppf&#248;lging" optional="1" multiline="1" group_id="EPIKRISE_PLAN" />
<question item_id="6337" mid="EPIKRISE_MEDISIN" datatype="NAR" page_number="2" page_title="Den gode epikrise" header="Legemidler" question_text="Eventuelle kommentarer til den farmakologiske behandlingen." optional="1" carry_forward="1" multiline="1" help_text="Legemiddelkortet skal ikke gjengis her!" group_id="EPIKRISE_MEDISIN" />
<question item_id="6336" mid="EPIKRISE_INFO" datatype="NAR" page_number="2" page_title="Den gode epikrise" question_text="Informasjon til pasient/p&#229;r&#248;rende" optional="1" multiline="1" group_id="EPIKRISE_INFO" />
<question item_id="8470" mid="VAR8470" datatype="MSG" page_number="2" page_title="Den gode epikrise" header="Husk Profil!" question_text="Ved sykehusinnleggelse eller utskrivning skal legemiddelkortet i Profil oppdateres, fordi det ogs&#229; g&#229;r informasjon fra Profil til sykehuset, fastlegen og hjemmesykepleien." optional="1" />

<!-- Start: Form actions, generated XML -->

</form>
