<?xml version="1.0" encoding="ISO-8859-1"?>
<form form_id="403" form_uid="MUST" title="MUST - Underern&#230;ring" calculate_invalid="True" rating_scale="False" status="Design" repeatable="1" >
<instructions></instructions>

<!-- Start: Form enums, generated XML -->

<enumeration enumeration_uid="4817">
  <enum_item value="1" text="Ja" answer_id="26969" />
  <enum_item value="2" text="Nei" short_code="N" answer_id="26970" />
</enumeration>

<enumeration enumeration_uid="4825">
  <enum_item value="1" text="Ja" answer_id="26971" />
  <enum_item value="2" text="Nei" short_code="N" answer_id="26972" />
</enumeration>

<enumeration enumeration_uid="4826">
  <enum_item value="1" text="Ja" answer_id="26975" />
  <enum_item value="2" text="Nei" short_code="N" answer_id="26976" />
</enumeration>

<enumeration enumeration_uid="4829">
  <enum_item value="1" text="Ja" answer_id="26981" />
  <enum_item value="2" text="Nei" short_code="N" answer_id="26982" />
</enumeration>

<enumeration enumeration_uid="4830">
  <enum_item value="1" text="Ja | Ufrivillig vekttap." short_code="J" answer_id="26983" />
  <enum_item value="2" text="Nei | Frivillig vekttap." short_code="N" answer_id="26984" />
</enumeration>

<enumeration enumeration_uid="4831">
  <enum_item value="1" score="2" text="Ja | Akutt sykdom." short_code="J" answer_id="26987" />
  <enum_item value="2" score="0" text="Nei" short_code="N" answer_id="26988" />
</enumeration>

<!-- Start: Form items, generated XML -->

<question item_id="3225" mid="HEIGHT" datatype="QN" page_number="1" page_title="H&#248;yde og vekt" question_text="H&#248;yde (cm)" optional="0" carry_forward="1" min_value="50" max_value="220" units="cm" help_text="Uten sko." group_id="HEIGHT" />
<question item_id="4817" mid="HEIGHT_MEASURED" datatype="ORD" page_number="1" page_title="H&#248;yde og vekt" question_text="Er h&#248;yde registrert?" optional="1" visible="-1" expression="2-ISPOS(HEIGHT)" enumeration_uid="4817" group_id="HEIGHT_MEASURED" />
<question item_id="3224" mid="WEIGHT" datatype="QN" page_number="2" question_text="Vekt (kg)" optional="0" min_value="10" max_value="400" units="kg" decimals="1" help_text="Uten sko og yttert&#248;y." group_id="WEIGHT" />
<question item_id="4819" mid="MAXWEIGHT_180D" datatype="QN" page_number="2" question_text="H&#248;yeste vekt siste 6 mnd (kg)" optional="0" units="kg" decimals="1" group_id="MAXWEIGHT_180D" />
<question item_id="4826" mid="WEIGHT_MEASURED" datatype="ORD" page_number="2" question_text="Er vekt registrert" optional="1" visible="-1" expression="2-ISPOS(WEIGHT)" enumeration_uid="4826" group_id="WEIGHT_MEASURED" />
<question item_id="4821" mid="LASTWEIGHT" datatype="QN" page_number="3" page_title="Vekt fra tidligere journal" question_text="Siste vekt fra journal (kg)" optional="1" units="kg" decimals="1" expression="DATA.WEIGHT" group_id="LASTWEIGHT" />
<question item_id="4822" mid="WEIGHTAGE_DAYS" datatype="QN" page_number="3" page_title="Vekt fra tidligere journal" question_text="Dager siden siste veiing (dager)" optional="1" units="dager" expression="NOW-DATA.WEIGHT.TIMESTAMP" group_id="WEIGHTAGE_DAYS" />
<question item_id="4823" mid="CWEIGHT" datatype="QN" page_number="3" page_title="Vekt fra tidligere journal" question_text="Vekt til bruk i beregninger (kg)" optional="1" visible="-1" units="kg" decimals="1" expression="ISPOS(WEIGHT)*WEIGHT + ISNEG(WEIGHT)*DATA.WEIGHT*ISNEG(WEIGHTAGE_DAYS-30)" group_id="CWEIGHT" />
<question item_id="4825" mid="WEIGHT_TOO_OLD" datatype="ORD" page_number="3" page_title="Vekt fra tidligere journal" question_text="Er vekten fra journal for gammel" optional="1" visible="-1" expression="2-ISPOS(WEIGHTAGE_DAYS-30)*(1-ISPOS(WEIGHT))" enumeration_uid="4825" group_id="WEIGHT_TOO_OLD" />
<question item_id="4824" mid="MSG_WEIGHT_OLD" datatype="MSG" page_number="4" question_text="Vekten fra journal er for gammel." optional="1" group_id="MSG_WEIGHT_OLD" />
<question item_id="4811" mid="KNEHOYDE" datatype="QN" page_number="5" page_title="Estimering av h&#248;yde" question_text="Kneh&#248;yde (cm)" optional="1" units="cm" help_text="M&#229;l fra fots&#229;len til over kneet med 90 vinkel i b&#229;de ankel og kne." group_id="KNEHOYDE" />
<question item_id="4812" mid="DEMISPAN" datatype="QN" page_number="5" page_title="Estimering av h&#248;yde" header="M&#229;l fra halsgrop til tuppen av langfinger p&#229; ene side." question_text="Halvfavn (cm)" optional="0" min_value="60" max_value="110" units="cm" group_id="DEMISPAN" />
<question item_id="4814" mid="EHEIGHT_KNEE" datatype="QN" page_number="5" page_title="Estimering av h&#248;yde" question_text="Estimert h&#248;yde basert p&#229; kneh&#248;yde (cm)" optional="1" min_value="30" max_value="80" units="cm" decimals="1" expression="((64.19-(0.04*AGENOW)+(2.02*KNEHOYDE))*ISNULL(SEX-1) + (84.88-(0.24*AGENOW)+(1.83*KNEHOYDE))*ISNULL(SEX-2))*ISPOS(KNEHOYDE)" group_id="EHEIGHT_KNEE" />
<question item_id="4813" mid="EHEIGHT_DEMISPAN" datatype="QN" page_number="5" page_title="Estimering av h&#248;yde" question_text="Estimert h&#248;yde beregnet fra halvfavn (cm)" optional="1" units="cm" decimals="1" expression="((1.35 * DEMISPAN + 60.1)*ISNULL(SEX-2) + (1.40 * DEMISPAN + 57.8)*ISNULL(SEX-1)) * ISPOS(DEMISPAN)" group_id="EHEIGHT_DEMISPAN" />
<question item_id="4818" mid="CHEIGHT" datatype="QN" page_number="5" page_title="Estimering av h&#248;yde" question_text="H&#248;yde som inng&#229;r i beregning" optional="1" visible="-1" decimals="1" expression="HEIGHT * ISPOS(HEIGHT) + EHEIGHT_KNEE * ISNEG(HEIGHT) * ISPOS( EHEIGHT_KNEE - EHEIGHT_DEMISPAN )+ EHEIGHT_DEMISPAN * ISNEG(HEIGHT) * ISNEG(EHEIGHT_KNEE - EHEIGHT_DEMISPAN )" group_id="CHEIGHT" />
<question item_id="3310" mid="BMI" datatype="QN" page_number="6" page_title="MUST Beregning" question_text="BMI (kg/m2)" optional="1" min_value="5" max_value="150" units="kg/m2" decimals="1" expression="WEIGHT/((CHEIGHT/100)*(CHEIGHT/100)) * ISPOS(WEIGHT)*ISPOS(CHEIGHT)" help_text="Beregnes fra m&#229;lt h&#248;yde eller maks estimert h&#248;yde." group_id="BMI" />
<question item_id="4820" mid="WEIGHTPERCENTCHANGE" datatype="QN" page_number="7" question_text="Vektendring (%)" optional="1" units="%" expression="100*(WEIGHT-MAXWEIGHT_180D)/MAXWEIGHT_180D*ISPOS(MAXWEIGHT_180D)" group_id="WEIGHTPERCENTCHANGE" />
<question item_id="4829" mid="MUST_LOST5" datatype="ORD" page_number="7" question_text="Foreligger vekttap over 5%" optional="1" visible="-1" expression="2-ISNEG(5+WEIGHTPERCENTCHANGE)" enumeration_uid="4829" group_id="MUST_LOST5" />
<question item_id="4830" mid="MUST_INVOLUNTARY" datatype="ORD" page_number="8" question_text="Er vekttapet ufrivillig?" optional="0" enumeration_uid="4830" group_id="MUST_INVOLUNTARY" />
<question item_id="4831" mid="MUST_CRISIS" datatype="ORD" page_number="9" question_text="Akutt sykdom" optional="0" enumeration_uid="4831" help_text="Hvis pasienten lider av akutt sykdom og ikke har hatt eller sannsynligvis ikke vil ha n&#230;ringsinntak i fem dager eller mer." group_id="MUST_CRISIS" />
<question item_id="4827" mid="MUST_BMI_SCORE" datatype="QN" page_number="9" question_text="MUST BMI poeng (poeng)" optional="1" visible="-1" min_value="0" max_value="2" units="poeng" expression="ISNEG(BMI-18.5) + ISNEG(BMI-20)" group_id="MUST_BMI_SCORE" />
<question item_id="4828" mid="MUST_WEIGHT_SCORE" datatype="QN" page_number="9" question_text="MUST Vekttap (poeng)" optional="1" visible="-1" min_value="0" max_value="2" units="poeng" expression="(ISNEG(10+WEIGHTPERCENTCHANGE) + ISNEG(5+WEIGHTPERCENTCHANGE)) * ISNULL(MUST_INVOLUNTARY-1)" help_text="Vekttap &gt; 10% gir 2 poeng, &gt; 5% gir 1 poeng." group_id="MUST_WEIGHT_SCORE" />
<question item_id="4832" mid="MUST_TOTAL_SCORE" datatype="QN" page_number="9" question_text="MUST total score (poeng)" optional="1" min_value="0" max_value="6" units="poeng" expression="MUST_BMI_SCORE + MUST_WEIGHT_SCORE + MUST_CRISIS_SCORE" help_text="0 = Lav risiko, 1 = Middels risiko (observasjon ), 2+ = H&#248;y risiko (start behandling)" group_id="MUST_TOTAL_SCORE" />

<!-- Start: Form actions, generated XML -->

<question_action master_question_mid="WEIGHT_MEASURED" detail_question_mid="LASTWEIGHT" enum_item_value="2" activate="1" />
<question_action master_question_mid="WEIGHT_MEASURED" detail_question_mid="WEIGHTAGE_DAYS" enum_item_value="2" activate="1" />
<question_action master_question_mid="WEIGHT_MEASURED" detail_question_mid="CWEIGHT" enum_item_value="2" activate="1" />
<question_action master_question_mid="WEIGHT_MEASURED" detail_question_mid="WEIGHT_TOO_OLD" enum_item_value="2" activate="1" />
<question_action master_question_mid="WEIGHT_TOO_OLD" detail_question_mid="MSG_WEIGHT_OLD" enum_item_value="1" activate="1" />
<question_action master_question_mid="HEIGHT_MEASURED" detail_question_mid="KNEHOYDE" enum_item_value="2" activate="1" />
<question_action master_question_mid="HEIGHT_MEASURED" detail_question_mid="DEMISPAN" enum_item_value="2" activate="1" />
<question_action master_question_mid="HEIGHT_MEASURED" detail_question_mid="EHEIGHT_KNEE" enum_item_value="2" activate="1" />
<question_action master_question_mid="HEIGHT_MEASURED" detail_question_mid="EHEIGHT_DEMISPAN" enum_item_value="2" activate="1" />
<question_action master_question_mid="HEIGHT_MEASURED" detail_question_mid="CHEIGHT" enum_item_value="2" activate="1" />
<question_action master_question_mid="MUST_LOST5" detail_question_mid="MUST_INVOLUNTARY" enum_item_value="1" activate="1" />
</form>
