<?xml version="1.0" encoding="ISO-8859-1"?>
<form form_id="412" form_uid="Braden" title="Braden trykks&#229;r-risiko" calculate_invalid="False" rating_scale="False" status="Open" repeatable="1" >
<instructions></instructions>

<!-- Start: Form enums, generated XML -->

<enumeration enumeration_uid="4858">
  <enum_item value="1" text="Totalt redusert -Reagerer ikke p&#229; smertestimuli pga redusret bevissthet eller sedasjon, eller har redusert evne til &#229; kjenne smerte p&#229; mesteparten av kroppens overflate)" answer_id="27282" />
  <enum_item value="2" text="Meget redusert -Reagerer kun p&#229; smertestimuli. Kommuniserer ikke ubehag unntatt ved st&#248;nn eller rastl&#248;shet eller har redusert evne til &#229; oppfatte sansestimuli med begrenset evne til &#229; kjenne smertestimuli eller ubehag over halvparten av kroppens overflate" answer_id="27283" />
  <enum_item value="3" text="Noe redusert -Reagerer p&#229; verbale stimuli men klarer ikke alltid formidle ubehag eller behov for &#229; bli snudd eller har noe redusert evne til &#229; oppfatte sansestimuli med begrenset evne til &#229; kjenne smerte eller ubehag i en eller to ekstremiteter" answer_id="27284" />
  <enum_item value="4" text="Ikke redusert -Reagerer p&#229; muntlige beskjeder. Har ingen svikt i sanseapparatet med begrensning av evnen til &#229; kjenne eller gi uttrykk for smerte eller ubehag." answer_id="27285" />
</enumeration>

<enumeration enumeration_uid="4859">
  <enum_item value="1" text="Fuktig mesteparten av tiden -Huden er fuktig store deler av tiden pga urin, svette o.l. Fuktighet kjennes hver gang pasienten skal flyttes eller snus." answer_id="27286" />
  <enum_item value="2" text="Fuktig -Huden er ofte fuktig, men ikke alltid. Senget&#248;yskift er n&#248;dvendig minst en gang per vakt." answer_id="27287" />
  <enum_item value="3" text="Fuktig av og til -Huden er fukig av og til, senget&#248;yskift er n&#248;dvendig minst en gang per dag." answer_id="27288" />
  <enum_item value="4" text="Sjelden fuktig -Huden er vanligvis t&#248;rr, senget&#248;yet skiftes kun til fastsatte tidspunkter" answer_id="27289" />
</enumeration>

<enumeration enumeration_uid="4860">
  <enum_item value="1" text="Sengeliggende -Er ikke ute av sengen. Eventuelt l&#248;ftes ut av sengen og l&#248;ftes tilbake igjen etter meget kort tid." answer_id="27290" />
  <enum_item value="2" text="Stolbundet -Evnen til &#229; g&#229; er sv&#230;rt begrenset eller mangler helt. Kan ikke b&#230;re egen kroppsvekt og/eller m&#229; ha hjelp til &#229; komme seg over i stol eller rullestol." answer_id="27291" />
  <enum_item value="3" text="G&#229;r av og til -G&#229;r av og til i l&#248;pet av dagen, men kun korte distanser, med eller uten hjelp. Tilbringer mesteparten av hver vakt i seng eller stol." answer_id="27292" />
  <enum_item value="4" text="G&#229;r ofte -G&#229;r utenfor rommet minst to ganger daglig, og i rommet minst en gang annenhver time om dagen" answer_id="27293" />
</enumeration>

<enumeration enumeration_uid="4861">
  <enum_item value="1" text="Fullstedig immobil -Gj&#248;r ingen endringer i kroppens stilling eller endring av ekstremiteters stilling uten hjelp" answer_id="27294" />
  <enum_item value="2" text="Meget begrenset -Gj&#248;r av og til endringer i kroppens eller ekstremiteters stilling, men er ikke i stand til &#229; gj&#248;re hyppige eller st&#248;rre endringer uten hjelp" answer_id="27295" />
  <enum_item value="3" text="Noe begrenset - Gj&#248;r hyppige men mindre endringer i kroppens eller skstremitetenes stilling selv" answer_id="27296" />
  <enum_item value="4" text="Ingen begrensning -Gj&#248;r store og hyppige endringer i stilling uten hjelp" answer_id="27297" />
</enumeration>

<enumeration enumeration_uid="4862">
  <enum_item value="1" text="Sv&#230;rt d&#229;rlig -Spiser aldri et fullstendig m&#229;ltid, sjelden mer enn 1/3. Spiser to porsjoner eller mindre av kj&#248;tt/melkeprodukter pr dag. Tar ikke drikke med ern&#230;ringstilskudd eler null per os og/eller f&#229;r kun klar v&#230;ske eller intraven&#248;st i mer enn 5 d&#248;gn.&lt;" answer_id="27298" />
  <enum_item value="2" text="Sannsynligvis utilstrekkelig -Spiser sjelden et fullstendig m&#229;ltid, omtrent halve. Proteininntak omfatter kun 3 porsjoner kj&#248;tt eller melkeprodukter pr dag. F&#229;r ern&#230;ringstilskudd av og til, eller mindre enn optimal mengde flytende kost eller sondeern&#230;ring" answer_id="27299" />
  <enum_item value="3" text="Tilstrekkelig -Spiser minst halvparten av de fleste m&#229;ltider. Totalt fire porsjoner kj&#248;tt/melkeprodukter pr dag. Avviser noen m&#229;ltid, men tar vanligvis tilskudd hvis tilbudt, ev f&#229;r sonde- eller iv-ern&#230;ring, som sannsynligvis dekker ern&#230;ringsbehovet&lt;/titl" answer_id="27300" />
  <enum_item value="4" text="Meget bra -Spiser mesteparten av hvert m&#229;ltid, avviser aldri. Spiser vanligvis minst fire porsjoner kj&#248;tt/melkeprodukter pr dag. Spiser av og til mellomm&#229;ltid, og har ikke behov for ern&#230;ringstilskudd" answer_id="27301" />
</enumeration>

<enumeration enumeration_uid="4863">
  <enum_item value="1" text="Trenger moderat til maksimal hjelp ved forflytning. L&#248;ftning uten gnidning mot senget&#248;y er umulig. Glir ofte ned i sengen eller stolen. Trenger hyppig stillingsendring med maks assistanse. Spasmer, kontrakturer eller agitasjon lager friksjon nesten alltid" answer_id="27302" />
  <enum_item value="2" text="Potensielt problem -Er svak og skral og trenger noe hjelp til &#229; bevege seg. Under forflytning gnir huden til en vis grad mot stol, laken, eller hjelpemidler. Opprettholder bra stilling i stol eller seng mesteparten av tiden, men glir ned av og til. &lt;/titl" answer_id="27303" />
  <enum_item value="3" text="Ikke noe &#248;yensynlig problem - Forflytter seg i seng og stol uten hjelp og har tilstrekkelig muskelstyrke til &#229; l&#248;fte seg helt fra underlaget ved forflytning. Opprettholder god stilling i stol eller seng til enhver tid." answer_id="27304" />
</enumeration>

<!-- Start: Form items, generated XML -->

<question item_id="4858" mid="BRADEN_PERCEPTION" datatype="ORD" page_number="1" page_title="Braden skala" page_introduction="Trykks&#229;r-risiko skala" question_text="Evne til &#229; oppfatte og reagere p&#229; stimuli" optional="0" enumeration_uid="4858" help_text="evnen til &#229; reagere hensiktsmessig p&#229; ubehag som er trykkrelatert" group_id="BRADEN_PERCEPTION" />
<question item_id="4859" mid="BRADEN_MOISTURE" datatype="ORD" page_number="1" page_title="Braden skala" page_introduction="Trykks&#229;r-risiko skala" question_text="Fuktighet" optional="0" enumeration_uid="4859" help_text="I hvor stor grad er huden utsatt for fuktighet?" group_id="BRADEN_MOISTURE" />
<question item_id="4860" mid="BRADEN_ACTIVITY" datatype="ORD" page_number="1" page_title="Braden skala" page_introduction="Trykks&#229;r-risiko skala" question_text="Aktivitet" optional="0" enumeration_uid="4860" help_text="Grad av fysisk akivitet" group_id="BRADEN_ACTIVITY" />
<question item_id="4861" mid="BRADEN_MOBILITY" datatype="ORD" page_number="1" page_title="Braden skala" page_introduction="Trykks&#229;r-risiko skala" question_text="Mobilitet" optional="0" enumeration_uid="4861" help_text="Evnen til &#229; styre kroppen og skifte stilling" group_id="BRADEN_MOBILITY" />
<question item_id="4862" mid="BRADEN_NUTRITION" datatype="ORD" page_number="1" page_title="Braden skala" page_introduction="Trykks&#229;r-risiko skala" question_text="Ern&#230;ring" optional="1" enumeration_uid="4862" help_text="Vanlig m&#248;nster for f&#248;de-inntak/ern&#230;ring" group_id="BRADEN_NUTRITION" />
<question item_id="4863" mid="BRADEN_FRICTION" datatype="ORD" page_number="1" page_title="Braden skala" page_introduction="Trykks&#229;r-risiko skala" question_text="Friksjon og skyveeffekt" optional="1" enumeration_uid="4863" group_id="BRADEN_FRICTION" />
<question item_id="4864" mid="BRADEN_TOTAL" datatype="QN" page_number="1" page_title="Braden skala" page_introduction="Trykks&#229;r-risiko skala" question_text="Total score" optional="1" expression="BRADEN_PERCEPTION + BRADEN_MOISTURE + BRADEN_ACTIVITY + BRADEN_MOBILITY + BRADEN_NUTRITION + BRADEN_FRICTION" help_text="Lav risiko: 15-18. Middels risiko: 13-14. H&#248;y risiko: 10-12.  NB! Sv&#230;rt h&#248;y risiko: 9 og under" group_id="BRADEN_TOTAL" />

<!-- Start: Form actions, generated XML -->

</form>
