<?xml version="1.0" encoding="ISO-8859-1"?>
<form form_id="760" form_uid="STRATIFY" title="Fallrisiko - Stratify" calculate_invalid="False" rating_scale="False" status="Open" repeatable="1" >
<instructions></instructions>

<!-- Start: Form enums, generated XML -->

<enumeration enumeration_uid="9248">
  <enum_item value="0" text="Nei" short_code="0p" answer_id="51079" />
  <enum_item value="1" text="Ja" short_code="1p" answer_id="51078" />
</enumeration>

<enumeration enumeration_uid="9249">
  <enum_item value="0" text="Nei" short_code="0p" answer_id="51081" />
  <enum_item value="1" text="Ja" short_code="1p" answer_id="51080" />
</enumeration>

<enumeration enumeration_uid="9250">
  <enum_item value="0" text="Nei" short_code="0p" answer_id="51083" />
  <enum_item value="1" text="Ja" short_code="1p" answer_id="51082" />
</enumeration>

<enumeration enumeration_uid="9251">
  <enum_item value="0" text="Nei" short_code="0p" answer_id="51089" />
  <enum_item value="1" text="Ja" short_code="1p" answer_id="51088" />
</enumeration>

<enumeration enumeration_uid="9252">
  <enum_item value="0" text="Kan ikke flytte seg" short_code="0p" answer_id="51092" />
  <enum_item value="1" text="Trenger stor/vesentlig hjelp" short_code="1p" answer_id="51093" />
  <enum_item value="2" text="Trenger lite hjelp" short_code="2p" answer_id="51094" />
  <enum_item value="3" text="Selvstendig med eller uten hjelpemidler" short_code="3p" answer_id="51095" />
</enumeration>

<enumeration enumeration_uid="9253">
  <enum_item value="0" text="Ikke mobil" short_code="0p" answer_id="51098" />
  <enum_item value="1" text="Selvstendig med hjelp av rullestol" short_code="1p" answer_id="51099" />
  <enum_item value="2" text="Bruker g&#229;-hjelpemiddel" short_code="2p" answer_id="51100" />
  <enum_item value="3" score="2" text="G&#229;r med hjelp av en person" short_code="2p" answer_id="51101" />
  <enum_item value="4" score="3" text="Selvstendig" short_code="3p" answer_id="51106" />
</enumeration>

<enumeration enumeration_uid="9257">
  <enum_item value="0" text="Lav risiko" answer_id="51107" />
  <enum_item value="1" text="Moderat risiko" answer_id="51108" />
  <enum_item value="2" text="H&#248;y risiko" answer_id="51109" />
  <enum_item value="3" text="H&#248;y risiko" answer_id="51110" />
  <enum_item value="4" text="H&#248;y risiko" answer_id="51111" />
  <enum_item value="5" text="H&#248;y risiko" answer_id="51112" />
</enumeration>

<!-- Start: Form items, generated XML -->

<question item_id="9248" mid="VAR9248" datatype="ORD" page_number="1" page_title="Stratify" page_introduction="Risikovurdering skal gj&#248;res av alle sykehjemspasienter, senest innen 48 timer etter innkomst." question_text="Har pasienten hatt noen fall i l&#248;pet av de siste 3 m&#229;nedene?" optional="1" enumeration_uid="9248" />
<question item_id="9249" mid="VAR9249" datatype="ORD" page_number="1" page_title="Stratify" page_introduction="Risikovurdering skal gj&#248;res av alle sykehjemspasienter, senest innen 48 timer etter innkomst." question_text="Er pasienten synsskadet/synshemmet i et slikt omfang at hverdagslige funksjoner er p&#229;virket?" optional="1" enumeration_uid="9249" />
<question item_id="9250" mid="VAR9250" datatype="ORD" page_number="1" page_title="Stratify" page_introduction="Risikovurdering skal gj&#248;res av alle sykehjemspasienter, senest innen 48 timer etter innkomst." question_text="Er pasienten urolig?" optional="1" enumeration_uid="9250" />
<question item_id="9251" mid="VAR9251" datatype="ORD" page_number="1" page_title="Stratify" page_introduction="Risikovurdering skal gj&#248;res av alle sykehjemspasienter, senest innen 48 timer etter innkomst." question_text="Oppfatter du at pasienten har spesielt behov for &#229; bes&#248;ke toalett ofte?" optional="1" enumeration_uid="9251" />
<question item_id="9254" mid="STRATIFY_DELSUM1" datatype="QN" page_number="1" page_title="Stratify" page_introduction="Risikovurdering skal gj&#248;res av alle sykehjemspasienter, senest innen 48 timer etter innkomst." question_text="Score for spm 1-4 (score)" optional="1" min_value="0" max_value="4" units="score" expression="VAR9248 + VAR9249 + VAR9250 + VAR9251" group_id="STRATIFY_DELSUM1" />
<question item_id="9252" mid="VAR9252" datatype="ORD" page_number="2" page_title="Forflytning og r&#248;rlighet/gangfunksjon" page_introduction="Det scores 1 hvis summen av disse to er 3 eller 4, ellers scores det som 0." header="Seng til stol" question_text="Beskriv pasientens prestasjonsniv&#229; ved forflytning fra seng til stol:" optional="1" enumeration_uid="9252" />
<question item_id="9253" mid="VAR9253" datatype="ORD" page_number="2" page_title="Forflytning og r&#248;rlighet/gangfunksjon" page_introduction="Det scores 1 hvis summen av disse to er 3 eller 4, ellers scores det som 0." header="Gangfunksjon" question_text="Beskriv pasientens niv&#229; av r&#248;rlighet/gangfunksjon:" optional="1" enumeration_uid="9253" />
<question item_id="9255" mid="STRATIFY_HELPER5" datatype="QN" page_number="2" page_title="Forflytning og r&#248;rlighet/gangfunksjon" page_introduction="Det scores 1 hvis summen av disse to er 3 eller 4, ellers scores det som 0." question_text="Hjelpevariabel forflytning (poeng)" optional="1" visible="-1" min_value="0" max_value="6" units="poeng" expression="VAR9252_SCORE + VAR9253_SCORE" group_id="STRATIFY_HELPER5" />
<question item_id="9256" mid="STRATIFY_DELSUM2" datatype="QN" page_number="2" page_title="Forflytning og r&#248;rlighet/gangfunksjon" page_introduction="Det scores 1 hvis summen av disse to er 3 eller 4, ellers scores det som 0." question_text="Score for spm 5-6, r&#248;rlighet gangfunksjon (score)" optional="1" min_value="0" max_value="1" units="score" expression="ISNULL( STRATIFY_HELPER5 - 3 ) + ISNULL( STRATIFY_HELPER5 - 4 )" group_id="STRATIFY_DELSUM2" />
<question item_id="9257" mid="STRATIFY_SUM" datatype="ORD" page_number="3" page_title="Oppsummering" question_text="Stratify score og risikoklasse" optional="1" expression="STRATIFY_DELSUM1 + STRATIFY_DELSUM2" enumeration_uid="9257" group_id="STRATIFY_SUM" />
<question item_id="9258" mid="VAR9258" datatype="MSG" page_number="4" header="H&#248;y risiko" question_text="Individuelt tilpassede tiltak skal planlegges, iverksettes og dokumenteres i pasientens veiledende behandlingsplan." optional="1" />

<!-- Start: Form actions, generated XML -->

<question_action master_question_mid="STRATIFY_SUM" detail_question_mid="VAR9258" enum_item_value="2" activate="1" />
<question_action master_question_mid="STRATIFY_SUM" detail_question_mid="VAR9258" enum_item_value="4" activate="1" />
<question_action master_question_mid="STRATIFY_SUM" detail_question_mid="VAR9258" enum_item_value="4" activate="1" />
<question_action master_question_mid="STRATIFY_SUM" detail_question_mid="VAR9258" enum_item_value="5" activate="1" />
</form>
