<?xml version="1.0" encoding="ISO-8859-1"?>
<form form_id="402" form_uid="GBD_KOST" title="Kostregistrering ved innkomst" calculate_invalid="False" rating_scale="False" status="Closed" repeatable="1" >
<instructions></instructions>

<!-- Start: Form enums, generated XML -->


<!-- Start: Form items, generated XML -->

<question item_id="3225" mid="HEIGHT" datatype="QN" page_number="1" question_text="H&#248;yde (cm)" optional="0" min_value="50" max_value="220" units="cm" help_text="Uten sko." group_id="HEIGHT" />
<question item_id="3224" mid="WEIGHT" datatype="QN" page_number="1" question_text="Vekt (kg)" optional="0" min_value="10" max_value="400" units="kg" decimals="1" help_text="Uten sko og yttert&#248;y." group_id="WEIGHT" />
<question item_id="4793" mid="BGKOST_VEKTENDRING" datatype="NAR" page_number="1" question_text="Vektending siste 3 m&#229;neder?" optional="0" multiline="0" group_id="BGKOST_VEKTENDRING" />
<question item_id="4792" mid="BGKOST_MATLYST" datatype="NAR" page_number="1" question_text="Hvordan er matlysten din for tiden?" optional="0" multiline="1" group_id="BGKOST_MATLYST" />
<question item_id="4794" mid="BGKOST_MATLYST_ENDRING" datatype="NAR" page_number="1" question_text="Er dette som det pleier &#229; v&#230;re eller har noe endret seg i det siste?" optional="1" multiline="1" group_id="BGKOST_MATLYST_ENDRING" />
<question item_id="4795" mid="BGKOST_BEVEGELSE" datatype="NAR" page_number="1" question_text="Hvor mye beveger du seg vanligvis i l&#248;pet av en dag?" optional="1" multiline="1" group_id="BGKOST_BEVEGELSE" />
<question item_id="4796" mid="BGKOST_SULTEN" datatype="NAR" page_number="1" question_text="N&#229;r f&#248;ler du deg mest sulten, morgen, dagtid eller kveld?" optional="0" multiline="1" group_id="BGKOST_SULTEN" />
<question item_id="4797" mid="BGKOST_TYGGSVELG" datatype="NAR" page_number="1" question_text="Har du sykdommer eller andre plager som gj&#248;r det vanskelig &#229; tygge eller svelge maten?" optional="1" multiline="1" group_id="BGKOST_TYGGSVELG" />
<question item_id="4798" mid="BGKOST_TILPASNING" datatype="NAR" page_number="1" question_text="Har du sykdommer som gj&#248;r at du m&#229; ha et tilpasset kosthold?" optional="1" multiline="1" group_id="BGKOST_TILPASNING" />

<!-- Start: Form actions, generated XML -->

</form>
