<?xml version="1.0" encoding="ISO-8859-1"?>
<form form_id="892" form_uid="LSREVURD" title="Livets siste dager - Revurdering" calculate_invalid="False" status="Open" repeatable="1" >
<instructions></instructions>

<!-- Start: Form enums, generated XML -->

<enumeration enumeration_uid="1064">
  <enum_item value="1" text="LSD Fortsetter." answer_id="58899" />
  <enum_item value="2" text="LSD Avsluttes." answer_id="58900" />
</enumeration>

<enumeration enumeration_uid="1065">
  <enum_item value="1" text="Ja" answer_id="58903" />
  <enum_item value="2" text="Nei" answer_id="58904" />
</enumeration>

<!-- Start: Form items, generated XML -->

<question item_id="1065" mid="VAR1065" datatype="ORD" page_number="1" page_title="LSD Revurdering" page_introduction="Bruken av LSD skal revurderes minst hvert 3. d&#248;gn. Ved d&#248;dsfall skal LSD del 3 fylles ut i stedet." question_text="Det tverrfaglige teamet er fortsatt enige om at pasienten er d&#248;ende" optional="1" enumeration_uid="1065" />
<question item_id="1063" mid="VAR1063" datatype="NAR" page_number="1" page_title="LSD Revurdering" page_introduction="Bruken av LSD skal revurderes minst hvert 3. d&#248;gn. Ved d&#248;dsfall skal LSD del 3 fylles ut i stedet." question_text="Vurdering" optional="1" multiline="1" />
<question item_id="1064" mid="VAR1064" datatype="ORD" page_number="1" page_title="LSD Revurdering" page_introduction="Bruken av LSD skal revurderes minst hvert 3. d&#248;gn. Ved d&#248;dsfall skal LSD del 3 fylles ut i stedet." question_text="Konklusjon" optional="1" enumeration_uid="1064" />

<!-- Start: Form actions, generated XML -->

</form>
