<?xml version="1.0" encoding="ISO-8859-1"?>
<form form_id="332" form_uid="GBD_SOSIALT" title="Sosial anamnese" calculate_invalid="False" rating_scale="False" status="Open" repeatable="1" >
<instructions></instructions>

<!-- Start: Form enums, generated XML -->


<!-- Start: Form items, generated XML -->

<question item_id="4393" mid="SOSIALT_UTDANNELSE" datatype="NAR" page_number="1" page_title="Sosial anamnese" question_text="Skolegang/yrkesutdannelse" optional="1" multiline="1" help_text="Hvor, hva slags, n&#229;r, spesielle hendelser som det har v&#230;rt snakket mye om, andre opplsyninger." group_id="SOSIALT_UTDANNELSE" />
<question item_id="4394" mid="SOSIALT_ARBEID" datatype="NAR" page_number="1" page_title="Sosial anamnese" question_text="Arbeid" optional="1" multiline="1" help_text="Hva slags type arbeid, arbeidssteder, hvor lang tid p&#229; hvert sted, n&#229;r sluttet i siste arbeid, spesielle kontakter p&#229; arbeidssted, arbeide etter pensjonering, eventuelt andre opplysninger." group_id="SOSIALT_ARBEID" />
<question item_id="4395" mid="SOSIALT_BOSTED" datatype="NAR" page_number="1" page_title="Sosial anamnese" question_text="Bosteder" optional="1" multiline="1" help_text="B&#229;de som barn og voksen, hvor og n&#229;r, hva slags bolig, eventuelt andre opplysninger." group_id="SOSIALT_BOSTED" />
<question item_id="4392" mid="SOSIALT_FAMILIE" datatype="NAR" page_number="2" page_title="Familie" question_text="Foreldre og s&#248;sken" optional="1" multiline="1" help_text="Navn, alder, yrke, bosted, eventelt d&#248;ds&#229;r.  Har det v&#230;rt spesielt mye kontakt med noen av s&#248;sknene eller deres barn." group_id="SOSIALT_FAMILIE" />
<question item_id="4396" mid="SOSIALT_EKTEFELLE" datatype="NAR" page_number="2" page_title="Familie" question_text="Ektefelle(r)" optional="1" multiline="1" help_text="Navn, alder, yrke, n&#229;r giftet de seg, hvor bor eventuell ektefelle n&#229;, eventuelt andre opplysninger." group_id="SOSIALT_EKTEFELLE" />
<question item_id="4397" mid="SOSIALT_BARN" datatype="NAR" page_number="2" page_title="Familie" question_text="Barn" optional="1" multiline="1" help_text="Navn, f&#248;dsels&#229;r, yrke, n&#229;v&#230;rende adresse, eventuelle barnebarn, ektefeller, eventuelt andre opplysninger.  Har det v&#230;rt spesielt mye kontakt med noen av disse." group_id="SOSIALT_BARN" />
<question item_id="4398" mid="SOSIALT_HOBBY" datatype="NAR" page_number="3" page_title="Interesser" question_text="Hobbyer" optional="1" multiline="1" help_text="Har han/hun hatt spesielle hobbyer som h&#229;ndarbeid, snekring, b&#229;ter, samlet p&#229; noe spesielt, matlaging, dyr etc." group_id="SOSIALT_HOBBY" />
<question item_id="4400" mid="SOSIALT_RELIGION" datatype="NAR" page_number="3" page_title="Interesser" question_text="Religi&#248;se interesser" optional="0" carry_forward="1" multiline="1" help_text="Religi&#248;s sang, religi&#248;se foreninger/organisasjoner etc." group_id="SOSIALT_RELIGION" />
<question item_id="4401" mid="SOSIALT_LESING" datatype="NAR" page_number="3" page_title="Interesser" question_text="Lesing" optional="1" multiline="1" help_text="Har han/hun likt &#229; lese, f.eks. aviser (hva slags), b&#248;ker (hva slags litteratur) etc." group_id="SOSIALT_LESING" />
<question item_id="4402" mid="SOSIALT_MUSIKK" datatype="NAR" page_number="3" page_title="Interesser" question_text="Sang/musikk" optional="1" carry_forward="1" multiline="1" help_text="Har han/hun v&#230;rt interessert i musikk, eventuelt hva slags musikk, likt &#229; synge selv, spilt selv (hva slags instrument), sangkor etc." group_id="SOSIALT_MUSIKK" />
<question item_id="4403" mid="SOSIALT_FORENINGER" datatype="NAR" page_number="3" page_title="Interesser" question_text="Foreninger" optional="1" multiline="1" help_text="Har han/hun v&#230;rt medlem av spesielle foreninger, klubber, pensjonistforeninger, organisasjoner etc.  Hva slags, hatt tillitsverv, eventuelt andre opplysninger." group_id="SOSIALT_FORENINGER" />
<question item_id="4404" mid="SOSIALT_ANNET" datatype="NAR" page_number="3" page_title="Interesser" question_text="Andre interesser" optional="1" multiline="1" help_text="Ut over det som er nevnt, andre interesser som kan v&#230;re viktig &#229; kjenne til for oppholdet, som sport, teater, film, spill, reising/ferie (f.eks. spesielle feriem&#229;l/hytte), jakt, fiske friluftsliv etc." group_id="SOSIALT_ANNET" />
<question item_id="4406" mid="SOSIALT_SAMVAER" datatype="NAR" page_number="3" page_title="Interesser" question_text="Samv&#230;r med andre" optional="1" multiline="1" help_text="Har likt &#229; diskutere, har likt &#229; v&#230;re for seg selv, glad for &#229; kunne prate med noen,  har likt &#229; lytte uten selv &#229; delta s&#229; mye etc." group_id="SOSIALT_SAMVAER" />
<question item_id="4407" mid="SOSIALT_AKTIVITETER" datatype="NAR" page_number="3" page_title="Interesser" question_text="Aktiviteter" optional="1" multiline="1" help_text="Er det noen aktiviteter/tiltak man antar spesielt vil v&#230;re av betydning &#229; delta i p&#229; avdelingen?  Er det aktiviteter som ikke vil bli likt?" group_id="SOSIALT_AKTIVITETER" />
<question item_id="4405" mid="SOSIALT_VANER" datatype="NAR" page_number="4" page_title="Vaner" question_text="Vaner" optional="1" multiline="1" help_text="Har han/hun vaner det er viktig at personalet p&#229; sykehjemmet kjenner til, som spisevaner, sovevaner, d&#248;gnrytme, r&#248;ykevaner, hva slags mat/drikke liker/liker ikke, kl&#230;r etc." group_id="SOSIALT_VANER" />

<!-- Start: Form actions, generated XML -->

</form>
