<?xml version="1.0" encoding="ISO-8859-1"?>
<form form_id="843" form_uid="GbdVaksine" title="Vaksine" calculate_invalid="False" rating_scale="False" status="Open" repeatable="1" >
<instructions></instructions>

<!-- Start: Form enums, generated XML -->

<enumeration enumeration_uid="7051">
  <enum_item value="1" text="Ja | Pneumokokkvaksine gitt." short_code="J" answer_id="38858" />
  <enum_item value="2" text="Nei" short_code="N" answer_id="38859" />
</enumeration>

<enumeration enumeration_uid="7052">
  <enum_item value="1" text="Ja | Influensavaksine gitt." short_code="J" answer_id="38862" />
  <enum_item value="2" text="Nei" short_code="N" answer_id="38863" />
</enumeration>

<enumeration enumeration_uid="7053">
  <enum_item value="1" text="Ja | Ingen allergi mot innholdsstoffer." short_code="J" answer_id="38868" />
  <enum_item value="2" text="Nei" short_code="N" answer_id="38869" />
  <enum_item value="3" text="Usikker" short_code="U" answer_id="38870" />
</enumeration>

<enumeration enumeration_uid="7054">
  <enum_item value="1" text="Ja | Har reservert seg mot vaksine." short_code="J" answer_id="38871" />
  <enum_item value="2" text="Nei" short_code="N" answer_id="38872" />
  <enum_item value="3" text="Ukjent" answer_id="38873" />
</enumeration>

<enumeration enumeration_uid="7055">
  <enum_item value="1" text="Ja | Ingen aktiv infeksjon." short_code="J" answer_id="38874" />
  <enum_item value="2" text="Nei" short_code="N" answer_id="38875" />
  <enum_item value="3" text="Usikker" short_code="U" answer_id="38876" />
</enumeration>

<enumeration enumeration_uid="7589">
  <enum_item value="1" text="Ja" short_code="J" answer_id="40707" />
  <enum_item value="2" text="Nei" short_code="N" answer_id="40708" />
</enumeration>

<enumeration enumeration_uid="7590">
  <enum_item value="1" text="Ja" short_code="J" answer_id="40711" />
  <enum_item value="2" text="Nei" short_code="N" answer_id="40712" />
</enumeration>

<enumeration enumeration_uid="7591">
  <enum_item value="1" text="Ja" short_code="J" answer_id="40715" />
  <enum_item value="2" text="Nei" short_code="N" answer_id="40716" />
</enumeration>

<enumeration enumeration_uid="7592">
  <enum_item value="1" text="Ja" short_code="J" answer_id="40719" />
  <enum_item value="2" text="Nei" short_code="N" answer_id="40720" />
</enumeration>

<enumeration enumeration_uid="7593">
  <enum_item value="1" text="Ja" short_code="J" answer_id="40725" />
  <enum_item value="2" text="Nei" short_code="N" answer_id="40726" />
</enumeration>

<enumeration enumeration_uid="7594">
  <enum_item value="1" text="Ja" short_code="J" answer_id="40731" />
  <enum_item value="2" text="Nei" short_code="N" answer_id="40732" />
</enumeration>

<enumeration enumeration_uid="7595">
  <enum_item value="1" text="Renset polysakkaridantigen." answer_id="40735" />
  <enum_item value="2" text="Renset polysakkaridantigen, konjugert." answer_id="40736" />
  <enum_item value="13" text="Renset polysakkaridantigen, konjugert 13 valent." answer_id="40737" />
  <enum_item value="52" text="Renset polysakkaridantigen, konjugert 10 valent." answer_id="40738" />
</enumeration>

<enumeration enumeration_uid="7597">
  <enum_item value="0" text="Ikke gitt" answer_id="40746" />
  <enum_item value="1" text="Influensa A (H1N1) inaktivert, helvirus." answer_id="40747" />
  <enum_item value="2" text="Influensa A (H1N1) inaktivert, splittet influensavirus." answer_id="40748" />
</enumeration>

<enumeration enumeration_uid="10057">
  <enum_item value="0" text="Nei*" short_code="N" answer_id="56205" />
  <enum_item value="1" text="Funksjonell miltmangel." short_code="Funk" answer_id="56206" />
  <enum_item value="2" text="Anatomisk miltmangel." short_code="Anat" answer_id="56244" />
</enumeration>

<enumeration enumeration_uid="10058">
  <enum_item value="1" text="Ja" short_code="J" answer_id="56214" />
  <enum_item value="2" text="Nei" short_code="N" answer_id="56215" />
</enumeration>

<enumeration enumeration_uid="10059">
  <enum_item value="1" text="Ja" short_code="J" answer_id="56222" />
  <enum_item value="2" text="Nei" short_code="N" answer_id="56223" />
</enumeration>

<enumeration enumeration_uid="10060">
  <enum_item value="1" text="Ja" short_code="J" answer_id="56230" />
  <enum_item value="2" text="Nei" short_code="N" answer_id="56231" />
</enumeration>

<enumeration enumeration_uid="10061">
  <enum_item value="1" text="Ja" short_code="J" answer_id="56247" />
  <enum_item value="2" text="Nei | Ikke tidligere vaksinert mot pneumokokker." short_code="N" answer_id="56248" />
  <enum_item value="3" text="Ukjent" short_code="U" answer_id="56259" />
</enumeration>

<enumeration enumeration_uid="10063">
  <enum_item value="0" text="Ikke gitt" answer_id="56262" />
  <enum_item value="1" text="Influensa (sesong) inaktivert, helvirus" answer_id="56263" />
  <enum_item value="2" text="Influensa (sesong) renset antigen" answer_id="56264" />
  <enum_item value="3" text="Influensa (sesong) levende svekket nasal" answer_id="56268" />
</enumeration>

<!-- Start: Form items, generated XML -->

<question item_id="7053" mid="VAR7053" datatype="ORD" page_number="1" page_title="Forsiktighetsregler" page_introduction="G&#229; gjennom sjekklisten selv om noen variable er forh&#229;ndsutfylt." question_text="Allergi mot innholdsstoffer" optional="0" carry_forward="1" enumeration_uid="7053" help_text="Spesielt egg, sjekk deklarasjonen." />
<question item_id="7054" mid="VAR7054" datatype="ORD" page_number="1" page_title="Forsiktighetsregler" page_introduction="G&#229; gjennom sjekklisten selv om noen variable er forh&#229;ndsutfylt." question_text="Reservasjon mot vaksine" optional="0" carry_forward="1" enumeration_uid="7054" />
<question item_id="7055" mid="VAR7055" datatype="ORD" page_number="1" page_title="Forsiktighetsregler" page_introduction="G&#229; gjennom sjekklisten selv om noen variable er forh&#229;ndsutfylt." question_text="Aktiv infeksjon" optional="0" enumeration_uid="7055" />
<question item_id="188" mid="BODY_TEMP" datatype="QN" page_number="1" page_title="Forsiktighetsregler" page_introduction="G&#229; gjennom sjekklisten selv om noen variable er forh&#229;ndsutfylt." question_text="Temperatur (&#176;C)" optional="0" min_value="32" max_value="42" units="&#176;C" decimals="1" group_id="BODY_TEMP" />
<question item_id="10057" mid="VAR10057" datatype="ORD" page_number="2" page_title="Pneumokokk" question_text="Anatomisk/funksjonell miltmangel?" optional="1" carry_forward="1" enumeration_uid="10057" help_text="For pasienter med miltmangel skal revaksinasjon mot pneumokokker vurderes p&#229; bakgrunn av antistoffm&#229;ling etter 5 &#229;r." />
<question item_id="10061" mid="VAR10061" datatype="ORD" page_number="2" page_title="Pneumokokk" question_text="Tidligere pneumokokkvaksinert?" optional="1" carry_forward="1" enumeration_uid="10061" />
<question item_id="10062" mid="VAR10062" datatype="QN" page_number="3" header="Siste pneumokokkvaksine" question_text="Hvilket &#229;r ble pasienten sist pneumkokkvaksinert?" optional="1" carry_forward="1" min_value="DOB_YYYY" max_value="NOW_YYYY" />
<question item_id="7051" mid="VAR7051" datatype="ORD" page_number="4" question_text="Pneumokokkvaksine gitt i dag" optional="1" enumeration_uid="7051" />
<question item_id="7595" mid="SYSVAK.PNE.TYPE" datatype="ORD" page_number="5" header="Vaksinetype" question_text="Angi vaksinetype for pneumokokkvaksinen" optional="1" enumeration_uid="7595" group_id="SYSVAK.PNE.TYPE" />
<question item_id="7596" mid="SYSVAK.PNE.NAVN" datatype="NAR" page_number="5" question_text="Preparatnavn" optional="1" multiline="0" group_id="SYSVAK.PNE.NAVN" />
<question item_id="7591" mid="SYSVAK.PNE01" datatype="ORD" page_number="6" question_text="Pneumokokk renset polysakkaridantigen" optional="1" visible="-1" expression="2-ISNULL(SYSVAK.PNE.TYPE-1)" enumeration_uid="7591" group_id="SYSVAK.PNE01" />
<question item_id="7592" mid="SYSVAK.PNE02" datatype="ORD" page_number="6" question_text="Pneumokokk renset polysakkaridantigen, konjugert" optional="1" visible="-1" expression="2-ISNULL(SYSVAK.PNE.TYPE-2)" enumeration_uid="7592" group_id="SYSVAK.PNE02" />
<question item_id="7593" mid="SYSVAK.PNE13" datatype="ORD" page_number="6" question_text="Pneumokokk renset polysakkaridantigen, konjugert 13 valent" optional="1" visible="-1" expression="2-ISNULL(SYSVAK.PNE.TYPE-13)" enumeration_uid="7593" group_id="SYSVAK.PNE13" />
<question item_id="7594" mid="SYSVAK.PNE52" datatype="ORD" page_number="6" question_text="Pneumokokk renset polysakkaridantigen, konjugert 10 valent" optional="1" visible="-1" expression="2-ISNULL(SYSVAK.PNE.TYPE-52)" enumeration_uid="7594" group_id="SYSVAK.PNE52" />
<question item_id="7052" mid="VAR7052" datatype="ORD" page_number="7" page_title="Influensa" question_text="Influensavaksine gitt i dag" optional="1" enumeration_uid="7052" />
<question item_id="10063" mid="SYSVAK.FLU.TYPE" datatype="ORD" page_number="8" question_text="Vaksinetype, sesonginfluensa" optional="1" enumeration_uid="10063" group_id="SYSVAK.FLU.TYPE" />
<question item_id="10064" mid="SYSVAK.FLU.NAVN" datatype="NAR" page_number="9" header="Preparatnavn" question_text="Preparatnavn for sesonginfluensavaksine" optional="1" multiline="0" group_id="SYSVAK.FLU.NAVN" />
<question item_id="7597" mid="SYSVAK.PAN.TYPE" datatype="ORD" page_number="10" question_text="Vaksinetype, svineinfluensa" optional="1" enumeration_uid="7597" group_id="SYSVAK.PAN.TYPE" />
<question item_id="7598" mid="SYSVAK.PAN.NAVN" datatype="NAR" page_number="11" header="Preparatnavn" question_text="Preparatnavn for svineinfluensavaksine" optional="1" multiline="0" group_id="SYSVAK.PAN.NAVN" />
<question item_id="7589" mid="SYSVAK.PAN01" datatype="ORD" page_number="12" question_text="Influensa A inaktivert helvirus" optional="1" visible="-1" expression="2-ISNULL(SYSVAK.PAN.TYPE-1)" enumeration_uid="7589" group_id="SYSVAK.PAN01" />
<question item_id="7590" mid="SYSVAK.PAN02" datatype="ORD" page_number="12" question_text="Influensa A splittet influensavirus" optional="1" visible="-1" expression="2-ISNULL(SYSVAK.PAN.TYPE-2)" enumeration_uid="7590" group_id="SYSVAK.PAN02" />
<question item_id="10058" mid="SYSVAK.FLU01" datatype="ORD" page_number="12" question_text="Influensa (sesong) inaktivert helvirus" optional="1" visible="-1" expression="2-ISNULL(SYSVAK.FLU.TYPE-1)" enumeration_uid="10058" group_id="SYSVAK.FLU01" />
<question item_id="10059" mid="SYSVAK.FLU02" datatype="ORD" page_number="12" question_text="Influensa (sesong) renset antigen" optional="1" visible="-1" expression="2-ISNULL(SYSVAK.FLU.TYPE-2)" enumeration_uid="10059" group_id="SYSVAK.FLU02" />
<question item_id="10060" mid="SYSVAK.FLU03" datatype="ORD" page_number="12" question_text="Influensa (sesong) levende svekket nasal" optional="1" visible="-1" expression="2-ISNULL(SYSVAK.FLU.TYPE-3)" enumeration_uid="10060" group_id="SYSVAK.FLU03" />
<question item_id="8101" mid="VAR8101" datatype="MSG" page_number="13" header="Allergi mot innholdsstoffer" question_text="Du har angitt at pasienten har allergi mot innholdsstoffene i vaksinen.  Injeksjon av allergener gir ekstra h&#248;y risiko for reaksjon." optional="1" />

<!-- Start: Form actions, generated XML -->

<question_action master_question_mid="VAR10061" detail_question_mid="VAR10062" enum_item_value="1" activate="1" />
<question_action master_question_mid="VAR7051" detail_question_mid="SYSVAK.PNE.TYPE" enum_item_value="1" activate="1" />
<question_action master_question_mid="VAR7051" detail_question_mid="SYSVAK.PNE.NAVN" enum_item_value="1" activate="1" />
<question_action master_question_mid="VAR7052" detail_question_mid="SYSVAK.FLU.TYPE" enum_item_value="1" activate="1" />
<question_action master_question_mid="SYSVAK.FLU.TYPE" detail_question_mid="SYSVAK.FLU.NAVN" enum_item_value="1" activate="1" />
<question_action master_question_mid="SYSVAK.FLU.TYPE" detail_question_mid="SYSVAK.FLU.NAVN" enum_item_value="2" activate="1" />
<question_action master_question_mid="SYSVAK.FLU.TYPE" detail_question_mid="SYSVAK.FLU.NAVN" enum_item_value="3" activate="1" />
<question_action master_question_mid="VAR7052" detail_question_mid="SYSVAK.PAN.TYPE" enum_item_value="1" activate="1" />
<question_action master_question_mid="SYSVAK.PAN.TYPE" detail_question_mid="SYSVAK.PAN.NAVN" enum_item_value="1" activate="1" />
<question_action master_question_mid="SYSVAK.PAN.TYPE" detail_question_mid="SYSVAK.PAN.NAVN" enum_item_value="2" activate="1" />
<question_action master_question_mid="VAR7053" detail_question_mid="VAR8101" enum_item_value="1" activate="1" />
</form>
