<?xml version="1.0" encoding="ISO-8859-1"?>
<form form_id="358" form_uid="TVANGSVEDTAK" title="Tvangsvedtak" calculate_invalid="False" rating_scale="False" status="Open" repeatable="1" >
<instructions></instructions>

<!-- Start: Form enums, generated XML -->

<enumeration enumeration_uid="4467">
  <enum_item value="1" text="Nei" answer_id="23844" />
  <enum_item value="2" text="Ja" answer_id="23845" />
</enumeration>

<enumeration enumeration_uid="4486">
  <enum_item value="1" text="Ja" answer_id="23927" />
  <enum_item value="2" text="Nei" short_code="N" answer_id="23928" />
</enumeration>

<enumeration enumeration_uid="4487">
  <enum_item value="1" text="Ja" answer_id="23929" />
  <enum_item value="2" text="Nei" short_code="N" answer_id="23930" />
</enumeration>

<enumeration enumeration_uid="4488">
  <enum_item value="1" text="Ja" answer_id="23931" />
  <enum_item value="2" text="Nei" short_code="N" answer_id="23932" />
</enumeration>

<enumeration enumeration_uid="4489">
  <enum_item value="1" text="Ja" answer_id="23933" />
  <enum_item value="2" text="Nei" short_code="N" answer_id="23934" />
</enumeration>

<enumeration enumeration_uid="4490">
  <enum_item value="1" text="Ja" answer_id="23935" />
  <enum_item value="2" text="Nei" short_code="N" answer_id="23936" />
</enumeration>

<enumeration enumeration_uid="4491">
  <enum_item value="1" text="Ja" answer_id="23937" />
  <enum_item value="2" text="Nei" short_code="N" answer_id="23938" />
</enumeration>

<enumeration enumeration_uid="4492">
  <enum_item value="1" text="Ja" answer_id="23939" />
  <enum_item value="2" text="Nei" short_code="N" answer_id="23940" />
</enumeration>

<enumeration enumeration_uid="6888">
  <enum_item value="1" text="P&#229;minnelse om fornying." answer_id="38079" />
  <enum_item value="2" text="Automatisk avslutning ved utl&#248;p." answer_id="38080" />
  <enum_item value="3" text="Vedtaket er aktivt avsluttet uten fornying." answer_id="38081" />
  <enum_item value="4" text="Vedtaket ble fornyet." answer_id="38527" />
</enumeration>

<!-- Start: Form items, generated XML -->

<question item_id="4457" mid="TVANG_FATTET_AV" datatype="NAR" page_number="1" page_title="2. Avgj&#248;relse om at pasienten mangler samtykkekomp" page_introduction="Jf. 4 A-2 f&#248;rste ledd, jf. &#167; 4-3 fjerde ledd" question_text="Avgj&#248;relse fattet av" optional="0" carry_forward="1" multiline="0" group_id="TVANG_FATTET_AV" />
<question item_id="4504" mid="TVANG_VEDTAK_DATO" datatype="DATE" page_number="1" page_title="2. Avgj&#248;relse om at pasienten mangler samtykkekomp" page_introduction="Jf. 4 A-2 f&#248;rste ledd, jf. &#167; 4-3 fjerde ledd" question_text="Tidspunkt" optional="0" carry_forward="1" group_id="TVANG_VEDTAK_DATO" />
<question item_id="4459" mid="TVANG_MOTSTAND" datatype="NAR" page_number="2" page_title="3. Redegj&#248;relse" page_introduction="for n&#229;r og hvordan pasientens motstand mot helsehjelp kommer til uttrykk" header="Motstand mot helsehjelp" question_text="Redegj&#248;relse for n&#229;r og hvordan pasientens motstand mot helsehjelp kommer til uttrykk" optional="0" carry_forward="1" multiline="1" help_text="Jfr. 4 A-2 f&#248;rste ledd" group_id="TVANG_MOTSTAND" />
<question item_id="4460" mid="TVANG_HELSETILSTAND" datatype="NAR" page_number="3" page_title="4. Beskrivelse" page_introduction="av pasientens n&#229;v&#230;rende helsetilstand" question_text="Beskrivelse av pasientens n&#229;v&#230;rende helsetilstand" optional="0" carry_forward="1" multiline="1" group_id="TVANG_HELSETILSTAND" />
<question item_id="4461" mid="TVANG_HELSESKADE" datatype="NAR" page_number="4" page_title="5. Vilk&#229;r som vurderes oppfylt" question_text="Unnlatelse av &#229; gi helsehjelp kan f&#248;re til vesentlig helseskade" optional="0" carry_forward="1" multiline="1" help_text="Jf. &#167; 4 A-3 annet ledd, bokstav b" group_id="TVANG_HELSESKADE" />
<question item_id="4462" mid="TVANG_NODVENDIG" datatype="NAR" page_number="4" page_title="5. Vilk&#229;r som vurderes oppfylt" question_text="Helsehjelpen anses n&#248;dvendig" optional="0" carry_forward="1" multiline="1" help_text="Jf. &#167; 4 A-3 annet ledd, bokstav c" group_id="TVANG_NODVENDIG" />
<question item_id="4463" mid="TVANG_FORHOLDSMESSIG" datatype="NAR" page_number="4" page_title="5. Vilk&#229;r som vurderes oppfylt" question_text="Gjennomf&#248;ringstiltaket st&#229;r i forhold til helsehjelpen" optional="0" carry_forward="1" multiline="1" help_text="Jf. &#167; 4 A-3 tredje ledd" group_id="TVANG_FORHOLDSMESSIG" />
<question item_id="4464" mid="TVANG_HELHET" datatype="NAR" page_number="4" page_title="5. Vilk&#229;r som vurderes oppfylt" question_text="Helhetsvurdering" optional="0" carry_forward="1" multiline="1" group_id="TVANG_HELHET" />
<question item_id="4467" mid="TVANG_TILLIT" datatype="ORD" page_number="5" page_title="6-7. Tillitskapende tiltak" question_text="Har tillitskapende tiltak v&#230;rt pr&#248;vd?" optional="0" carry_forward="1" enumeration_uid="4467" group_id="TVANG_TILLIT" />
<question item_id="4465" mid="TVANG_TILLIT_JA" datatype="NAR" page_number="6" header="Tillitsskapende tiltak" question_text="Beskrivelse av tillitsskapende tiltak som har v&#230;rt fors&#248;kt for &#229; gjennomf&#248;re helsehjelpen uten tvang" optional="0" carry_forward="1" multiline="1" help_text="Jf. &#167; 4 A-3 f&#248;rste ledd" group_id="TVANG_TILLIT_JA" />
<question item_id="4466" mid="TVANG_TILLIT_NEI" datatype="NAR" page_number="7" question_text="Begrunnelse for hvorfor tillitskapende tiltak ikke har v&#230;rt fors&#248;kt" optional="0" carry_forward="1" multiline="1" help_text="Jf. &#167; 4 A-3 f&#248;rste ledd" group_id="TVANG_TILLIT_NEI" />
<question item_id="4487" mid="TVANG_TILBAKEHOLD" datatype="ORD" page_number="8" page_title="8. Beskrivelse av tvangsvedtaket som skal benyttes" page_introduction="Jf. &#167;4 A-4" question_text="Tilbakeholdelse i helseinstitusjon" optional="0" enumeration_uid="4487" group_id="TVANG_TILBAKEHOLD" />
<question item_id="4488" mid="TVANG_BEVEGELSE" datatype="ORD" page_number="8" page_title="8. Beskrivelse av tvangsvedtaket som skal benyttes" page_introduction="Jf. &#167;4 A-4" question_text="Bevegelseshindrende tiltak" optional="0" enumeration_uid="4488" group_id="TVANG_BEVEGELSE" />
<question item_id="4489" mid="TVANG_MEDISINERING" datatype="ORD" page_number="8" page_title="8. Beskrivelse av tvangsvedtaket som skal benyttes" page_introduction="Jf. &#167;4 A-4" question_text="Bruk av reseptbelagte legemidler" optional="0" enumeration_uid="4489" group_id="TVANG_MEDISINERING" />
<question item_id="4490" mid="TVANG_INNGREP" datatype="ORD" page_number="8" page_title="8. Beskrivelse av tvangsvedtaket som skal benyttes" page_introduction="Jf. &#167;4 A-4" question_text="Inngrep i kroppen" optional="0" enumeration_uid="4490" group_id="TVANG_INNGREP" />
<question item_id="4491" mid="TVANG_VARSLING" datatype="ORD" page_number="8" page_title="8. Beskrivelse av tvangsvedtaket som skal benyttes" page_introduction="Jf. &#167;4 A-4" question_text="Varslingssystemer" optional="0" enumeration_uid="4491" group_id="TVANG_VARSLING" />
<question item_id="4492" mid="TVANG_ANNET" datatype="ORD" page_number="8" page_title="8. Beskrivelse av tvangsvedtaket som skal benyttes" page_introduction="Jf. &#167;4 A-4" question_text="Annet" optional="0" enumeration_uid="4492" group_id="TVANG_ANNET" />
<question item_id="4486" mid="TVANG_INNLEGGELSE" datatype="ORD" page_number="8" page_title="8. Beskrivelse av tvangsvedtaket som skal benyttes" page_introduction="Jf. &#167;4 A-4" question_text="Innleggelse i helseinstitusjon" optional="0" enumeration_uid="4486" group_id="TVANG_INNLEGGELSE" />
<question item_id="4493" mid="TVANG_BESKRIVELSE" datatype="NAR" page_number="8" page_title="8. Beskrivelse av tvangsvedtaket som skal benyttes" page_introduction="Jf. &#167;4 A-4" question_text="N&#230;rmere beskrivelse av tiltaket" optional="0" carry_forward="1" multiline="1" group_id="TVANG_BESKRIVELSE" />
<question item_id="4494" mid="TVANG_MEDANSVAR_NAVN" datatype="NAR" page_number="9" page_title="9. Vurdering fra annet kvalifisert helsepersonell" question_text="Navn" optional="0" multiline="0" group_id="TVANG_MEDANSVAR_NAVN" />
<question item_id="4495" mid="TVANG_MEDANSVAR_STILLING" datatype="NAR" page_number="9" page_title="9. Vurdering fra annet kvalifisert helsepersonell" question_text="Stilling" optional="0" multiline="0" group_id="TVANG_MEDANSVAR_STILLING" />
<question item_id="4496" mid="TVANG_START" datatype="DATE" page_number="10" page_title="10. Tidsramme for tiltaket" question_text="Startdato for tiltaket" optional="0" min_value="FORMDATE-365" max_value="FORMDATE+30" group_id="TVANG_START" />
<question item_id="4497" mid="TVANG_SLUTT" datatype="DATE" page_number="10" page_title="10. Tidsramme for tiltaket" question_text="Sluttdato for tiltaket" optional="0" min_value="FORMDATE-30" max_value="FORMDATE+365" group_id="TVANG_SLUTT" />
<question item_id="6888" mid="TVANG_SLUTT_AKSJON" datatype="ORD" page_number="10" page_title="10. Tidsramme for tiltaket" question_text="Aksjon ved sluttdato" optional="1" enumeration_uid="6888" help_text="Husk &#229; endre sluttdato ved aktiv avslutning." group_id="TVANG_SLUTT_AKSJON" />
<question item_id="4498" mid="TVANG_PARORENDE_INFO" datatype="NAR" page_number="11" page_title="11. Opplysninger fra p&#229;r&#248;rende" question_text="Hva har pasientens n&#230;rmeste p&#229;r&#248;rende opplyst om hva pasienten ville ha &#248;nsket?" optional="0" carry_forward="1" multiline="1" help_text="Jf. &#167;4 A-5 fjerde ledd" group_id="TVANG_PARORENDE_INFO" />
<question item_id="4499" mid="TVANG_ANSVAR_NAVN" datatype="NAR" page_number="12" page_title="12. Ansvarlig for helsehjelpen" page_introduction="Jf. &#167;4 A-4 f&#248;rste ledd" question_text="Navn" optional="0" carry_forward="1" multiline="0" group_id="TVANG_ANSVAR_NAVN" />
<question item_id="4500" mid="TVANG_ANSVAR_STILLING" datatype="NAR" page_number="12" page_title="12. Ansvarlig for helsehjelpen" page_introduction="Jf. &#167;4 A-4 f&#248;rste ledd" question_text="Stilling" optional="0" carry_forward="1" multiline="0" group_id="TVANG_ANSVAR_STILLING" />
<question item_id="4501" mid="TVANG_ANSVAR_TELEFON" datatype="NAR" page_number="12" page_title="12. Ansvarlig for helsehjelpen" page_introduction="Jf. &#167;4 A-4 f&#248;rste ledd" question_text="Telefon" optional="0" carry_forward="1" multiline="0" group_id="TVANG_ANSVAR_TELEFON" />
<question item_id="3426" mid="NEXTOFKIN_NAME" datatype="NAR" page_number="13" page_title="13. Underretning om og kopi av vedtak sendes til" page_introduction="Jf. &#167; 4 A-6" header="Navn*" question_text="N&#230;rmeste p&#229;r&#248;rende" optional="0" carry_forward="1" exclude_caption="1" multiline="0" group_id="NEXTOFKIN_NAME" />
<question item_id="4502" mid="TVANG_KOPI_ANSVARLIG" datatype="NAR" page_number="13" page_title="13. Underretning om og kopi av vedtak sendes til" page_introduction="Jf. &#167; 4 A-6" question_text="Overordnet faglig ansvarlig" optional="0" carry_forward="1" multiline="0" group_id="TVANG_KOPI_ANSVARLIG" />
<question item_id="4503" mid="TVANG_FYLKE" datatype="NAR" page_number="13" page_title="13. Underretning om og kopi av vedtak sendes til" page_introduction="Jf. &#167; 4 A-6" question_text="Helsetilsynet i fylket" optional="0" carry_forward="1" multiline="0" group_id="TVANG_FYLKE" />

<!-- Start: Form actions, generated XML -->

<question_action master_question_mid="TVANG_TILLIT" detail_question_mid="TVANG_TILLIT_JA" enum_item_value="2" activate="1" />
<question_action master_question_mid="TVANG_TILLIT" detail_question_mid="TVANG_TILLIT_NEI" enum_item_value="1" activate="1" />
</form>
