<?xml version="1.0" encoding="ISO-8859-1"?>
<form form_id="343" form_uid="NPIQ_SHORT" title="NPI-Q Kortversjon" calculate_invalid="False" rating_scale="False" status="Closed" repeatable="1" >
<instructions></instructions>

<!-- Start: Form enums, generated XML -->

<enumeration enumeration_uid="4439">
  <enum_item value="0" text="Nei" answer_id="23769" />
  <enum_item value="1" text="Mild grad" answer_id="23770" />
  <enum_item value="2" text="Moderat grad" answer_id="23771" />
  <enum_item value="3" text="Alvorlig grad" answer_id="23772" />
</enumeration>

<enumeration enumeration_uid="4440">
  <enum_item value="0" text="Nei" answer_id="23773" />
  <enum_item value="1" text="Mild grad" answer_id="23774" />
  <enum_item value="2" text="Moderat grad" answer_id="23775" />
  <enum_item value="3" text="Alvorlig grad" answer_id="23776" />
</enumeration>

<enumeration enumeration_uid="4441">
  <enum_item value="0" text="Nei" answer_id="23781" />
  <enum_item value="1" text="Mild grad" answer_id="23782" />
  <enum_item value="2" text="Moderat grad" answer_id="23783" />
  <enum_item value="3" text="Alvorlig grad" answer_id="23784" />
</enumeration>

<enumeration enumeration_uid="4442">
  <enum_item value="0" text="Nei" answer_id="23785" />
  <enum_item value="1" text="Mild grad" answer_id="23786" />
  <enum_item value="2" text="Moderat grad" answer_id="23787" />
  <enum_item value="3" text="Alvorlig grad" answer_id="23788" />
</enumeration>

<enumeration enumeration_uid="4443">
  <enum_item value="0" text="Nei" answer_id="23793" />
  <enum_item value="1" text="Mild grad" answer_id="23794" />
  <enum_item value="2" text="Moderat grad" answer_id="23795" />
  <enum_item value="3" text="Alvorlig grad" answer_id="23796" />
</enumeration>

<enumeration enumeration_uid="4444">
  <enum_item value="0" text="Nei" answer_id="23797" />
  <enum_item value="1" text="Mild grad" answer_id="23798" />
  <enum_item value="2" text="Moderat grad" answer_id="23799" />
  <enum_item value="3" text="Alvorlig grad" answer_id="23800" />
</enumeration>

<enumeration enumeration_uid="4445">
  <enum_item value="0" text="Nei" answer_id="23801" />
  <enum_item value="1" text="Mild grad" answer_id="23802" />
  <enum_item value="2" text="Moderat grad" answer_id="23803" />
  <enum_item value="3" text="Alvorlig grad" answer_id="23804" />
</enumeration>

<enumeration enumeration_uid="4446">
  <enum_item value="0" text="Nei" answer_id="23805" />
  <enum_item value="1" text="Mild grad" answer_id="23806" />
  <enum_item value="2" text="Moderat grad" answer_id="23807" />
  <enum_item value="3" text="Alvorlig grad" answer_id="23808" />
</enumeration>

<enumeration enumeration_uid="4447">
  <enum_item value="0" text="Nei" answer_id="23809" />
  <enum_item value="1" text="Mild grad" answer_id="23810" />
  <enum_item value="2" text="Moderat grad" answer_id="23811" />
  <enum_item value="3" text="Alvorlig grad" answer_id="23812" />
</enumeration>

<enumeration enumeration_uid="4448">
  <enum_item value="0" text="Nei" answer_id="23813" />
  <enum_item value="1" text="Mild grad" answer_id="23814" />
  <enum_item value="2" text="Moderat grad" answer_id="23815" />
  <enum_item value="3" text="Alvorlig grad" answer_id="23816" />
</enumeration>

<enumeration enumeration_uid="4449">
  <enum_item value="0" text="Nei" answer_id="23817" />
  <enum_item value="1" text="Mild grad" answer_id="23818" />
  <enum_item value="2" text="Moderat grad" answer_id="23819" />
  <enum_item value="3" text="Alvorlig grad" answer_id="23820" />
</enumeration>

<enumeration enumeration_uid="4450">
  <enum_item value="0" text="Nei" answer_id="23821" />
  <enum_item value="1" text="Mild grad" answer_id="23822" />
  <enum_item value="2" text="Moderat grad" answer_id="23823" />
  <enum_item value="3" text="Alvorlig grad" answer_id="23824" />
</enumeration>

<!-- Start: Form items, generated XML -->

<question item_id="4439" mid="NPIQ_01" datatype="ORD" page_number="1" page_title="Psykotiske symptomer" header="Vrangforestillinger" question_text="Har pasienten oppfatninger som du vet ikke er riktige?" optional="0" enumeration_uid="4439" help_text="F.eks. tror at andre stjeler fra ham/henne eller at andre planlegger &#229; skade ham/henne p&#229; en eller annen m&#229;te." group_id="NPIQ_01" />
<question item_id="4440" mid="NPIQ_02" datatype="ORD" page_number="1" page_title="Psykotiske symptomer" header="Hallusinasjoner" question_text="Har pasienten hallusinasjoner slik som uvirkelige syner eller stemmer?" optional="0" enumeration_uid="4440" help_text="Virket det som om han/hun ser eller h&#248;rer ting som ikke er virkelige?" group_id="NPIQ_02" />
<question item_id="4441" mid="NPIQ_03" datatype="ORD" page_number="2" page_title="Stemningsforstyrrelser" header="Agitasjon/aggresjon" question_text="Har pasienten perioder der han/hun motsetter seg hjelp fra andre, eller er vanskelig &#229; ha med &#229; gj&#248;re?" optional="0" enumeration_uid="4441" group_id="NPIQ_03" />
<question item_id="4442" mid="NPIQ_04" datatype="ORD" page_number="2" page_title="Stemningsforstyrrelser" header="Depresjon/dysfori" question_text="Virker pasienten trist, eller sier han/hun at han/hun er deprimert?" optional="0" enumeration_uid="4442" group_id="NPIQ_04" />
<question item_id="4443" mid="NPIQ_05" datatype="ORD" page_number="2" page_title="Stemningsforstyrrelser" header="Angst" question_text="Blir pasienten nerv&#248;s/urolig n&#229;r han/hun er adskilt fra deg?" optional="0" enumeration_uid="4443" help_text="Viser han/hun andre tegn til nerv&#248;sistet slik som tungpustenhet, sukking, ute av stand til &#229; slappe av eller f&#248;ler seg sv&#230;rt anspent?" group_id="NPIQ_05" />
<question item_id="4444" mid="NPIQ_06" datatype="ORD" page_number="2" page_title="Stemningsforstyrrelser" header="Oppstemthet/eufori" question_text="Synes pasienten &#229; f&#248;le seg usedvanlig munter eller oppf&#248;rer seg som om han/hun er sv&#230;rt lykkelig?" optional="0" enumeration_uid="4444" group_id="NPIQ_06" />
<question item_id="4445" mid="NPIQ_07" datatype="ORD" page_number="2" page_title="Stemningsforstyrrelser" header="Apati/likegyldighet" question_text="Virker pasienten mindre interessert i sine vanlige aktiviteter og i andres gj&#248;rem&#229;l og planer?" optional="0" enumeration_uid="4445" group_id="NPIQ_07" />
<question item_id="4447" mid="NPIQ_09" datatype="ORD" page_number="2" page_title="Stemningsforstyrrelser" header="Irritabilitet/labilitet" question_text="Er pasienten ut&#229;lmodig og irritabel?" optional="0" enumeration_uid="4447" help_text="Har han hun/vanskelig for &#229; takle forsinkelser eller venting p&#229; planlagte gj&#248;rem&#229;l?" group_id="NPIQ_09" />
<question item_id="4446" mid="NPIQ_08" datatype="ORD" page_number="2" page_title="Stemningsforstyrrelser" header="Manglende hemninger" question_text="Virker det som om pasienten handler impulsivt, f.eks. snakker til fremmede personer som om han/hun kjenner dem, eller sier s&#229;rende ting til folk?" optional="0" enumeration_uid="4446" group_id="NPIQ_08" />
<question item_id="4448" mid="NPIQ_10" datatype="ORD" page_number="2" page_title="Stemningsforstyrrelser" header="Avvikende motorisk adferd" question_text="Utf&#248;rer pasienten stadig gjentatte handlinger slik som &#229; vandre rundt i huset, fingre med knapper, vri snorer eller gj&#248;re andre ting om og om igjen?" optional="0" enumeration_uid="4448" group_id="NPIQ_10" />
<question item_id="4449" mid="NPIQ_11" datatype="ORD" page_number="3" page_title="Naturlige funksjoner" header="S&#248;vn" question_text="Vekker pasienten deg i l&#248;pet av natten, v&#229;kner for tidlig om morgenen, eller sover mye p&#229; dagtid?" optional="0" enumeration_uid="4449" group_id="NPIQ_11" />
<question item_id="4450" mid="NPIQ_12" datatype="ORD" page_number="3" page_title="Naturlige funksjoner" header="Appetitt/spising" question_text="Har pasienten hatt vekttap eller vekt&#248;kning?" optional="0" enumeration_uid="4450" help_text="Har han/hun endret typen mat han/hun foretrekker?" group_id="NPIQ_12" />

<!-- Start: Form actions, generated XML -->

</form>
