<?xml version="1.0" encoding="ISO-8859-1"?>
<form form_id="522" form_uid="CDR" title="Klinisk demensvurdering (KDV)" calculate_invalid="False" rating_scale="True" status="Open" repeatable="1" >
<instructions></instructions>

<!-- Start: Form enums, generated XML -->

<enumeration enumeration_uid="6415">
  <enum_item value="0" score="0" text="Ingen tap av hukommelse eller lett vekslende glemsomhet" short_code="0p" answer_id="33999" />
  <enum_item value="1" score="0.5" text="Lett, men permanent glemsomhet, begrenset gjenkalling av hendelser, mild glemsomhet" short_code="0,5p" answer_id="34000" />
  <enum_item value="2" score="1" text="Moderat hukommelsestap, mer uttalt for nylig inntrufne hendelser. Svekkelsen p&#229;virker dagliglivets aktiviteter" short_code="1p" answer_id="34001" />
  <enum_item value="3" score="2" text="Alvorlig hukommelsestap. Bare meget godt innl&#230;rt materiale huskes, nytt materiale tapes raskt" short_code="2p" answer_id="34002" />
  <enum_item value="4" score="3" text="Alvorlig hukommelsestap. Bare fragmenter igjen" short_code="3p" answer_id="34003" />
</enumeration>

<enumeration enumeration_uid="6417">
  <enum_item value="0" score="0" text="Helt orientert" short_code="0p" answer_id="34006" />
  <enum_item value="1" score="0.5" text="Helt orientert, bortsett fra lette vanskeligheter med tidsforhold" short_code="0,5p" answer_id="34007" />
  <enum_item value="2" score="1" text="Moderate vansker med tidsorientering, ved unders&#248;kelse orientert for sted, geografisk desorientert andre steder" short_code="1p" answer_id="34008" />
  <enum_item value="3" score="2" text="Alvorlige vansker med tidsforhold, vanligvis desorientert for tid, ofte for sted" short_code="2p" answer_id="34009" />
  <enum_item value="4" score="3" text="Kun orientert for person" short_code="3p" answer_id="34010" />
</enumeration>

<enumeration enumeration_uid="6418">
  <enum_item value="0" score="0" text="L&#248;ser dagliglivets problemer og h&#229;ndterer &#230;render og &#248;konomi bra, vurderingsevne god sammenlignet med tidligere" short_code="0p" answer_id="34031" />
  <enum_item value="1" score="0.5" text="Lett nedsatt evne til &#229; l&#248;se problemer, likheter og forskjeller" short_code="0,5p" answer_id="34032" />
  <enum_item value="2" score="1" text="Moderate vansker med &#229; h&#229;ndtere oppgaver, likheter og forskjeller, sosial vurderingsevne vanligvis bevart" short_code="1p" answer_id="34033" />
  <enum_item value="3" score="2" text="Sv&#230;rt svekket evne til &#229; h&#229;ndtere oppgaver, likheter og forskjeller, sosial vurderingsevne vanligvis svekket" short_code="2p" answer_id="34034" />
  <enum_item value="4" score="3" text="Ute av stand til &#229; bed&#248;mme eller l&#248;se problemer" short_code="3p" answer_id="34035" />
</enumeration>

<enumeration enumeration_uid="6419">
  <enum_item value="0" score="0" text="Fungerer selvstendig i sitt vanlige arbeid, ved innkj&#248;p, i frivillig arbeid og sosiale grupper" short_code="0p" answer_id="34043" />
  <enum_item value="1" score="0.5" text="Lett svekkelse i disse aktivitetene" short_code="0,5p" answer_id="34044" />
  <enum_item value="2" score="1" text="Ikke i stand til &#229; fungere selvstendig i disse aktivitetene, men vil fortsatt kunne delta i noen, synes &#229; fungere normalt ved tilfeldig m&#248;te" short_code="1p" answer_id="34045" />
  <enum_item value="3" score="2" text="Vil ikke forvente selvstendig fungering utenfor hjemmet. Fremst&#229;r som bra nok til &#229; bli tatt med p&#229; aktiviteter utenfor eget hjem" short_code="2p" answer_id="34046" />
  <enum_item value="4" score="3" text="Vil ikke forvente selvstendig fungering utenfor hjemmet. Fremst&#229;r som for d&#229;rlig til &#229; bli tatt med p&#229; aktiviteter utenfor eget hjem" short_code="3p" answer_id="34047" />
</enumeration>

<enumeration enumeration_uid="6420">
  <enum_item value="0" score="0" text="Hjemmeliv, fritidsinteresser og intellektuelle interesser er godt bevart" short_code="0p" answer_id="34055" />
  <enum_item value="1" score="0.5" text="Hjemmeliv, fritidsinteresser og intellektuelle interesser er lett svekket" short_code="0,5p" answer_id="34056" />
  <enum_item value="2" score="1" text="Lett, men avgjort svikt i evnen til &#229; fungere hjemme, vanskeligere husarbeid er oppgitt, mer kompliserte hobbyer og interesser er oppgitt" short_code="1p" answer_id="34057" />
  <enum_item value="3" score="2" text="Kun enklere husarbeid er opprettholdt, sv&#230;rt begrensede interesser. Interessene er d&#229;rlig opprettholdt" short_code="2p" answer_id="34058" />
  <enum_item value="4" score="3" text="Ingen fungering av betydning i hjemmet" short_code="3p" answer_id="34059" />
</enumeration>

<enumeration enumeration_uid="6421">
  <enum_item value="0" score="0" text="Helt selvhjulpen med egenomsorg" short_code="0p" answer_id="34067" />
  <enum_item value="1" score="0.5" text="Helt selvhjulpen med egenomsorg" short_code="0,5p" answer_id="34068" />
  <enum_item value="2" score="1" text="Trenger p&#229;minning om &#229; stelle seg selv" short_code="1p" answer_id="34069" />
  <enum_item value="3" score="2" text="Trenger hjelp til personlig hygiene, p&#229;kledning og til &#229; ta vare p&#229; personlige eiendeler" short_code="2p" answer_id="34070" />
  <enum_item value="4" score="3" text="Trenger mye hjelp til personlig omsorg, ofte inkontinens" short_code="3p" answer_id="34071" />
</enumeration>

<enumeration enumeration_uid="6422">
  <enum_item value="0" score="0" text="Ingen demens (0p)" short_code="0p" answer_id="34077" />
  <enum_item value="1" score="0.5" text="Usikker eller lett svikt (0,5p)" short_code="0,5p" answer_id="34078" />
  <enum_item value="2" score="1" text="Lett demens (1p)" short_code="1p" answer_id="34079" />
  <enum_item value="3" score="2" text="Moderat demens (2p)" short_code="2p" answer_id="34080" />
  <enum_item value="4" score="3" text="Alvorlig demens (3p)" short_code="3p" answer_id="34081" />
</enumeration>

<!-- Start: Form items, generated XML -->

<question item_id="6415" mid="CDR_MEMORY" datatype="ORD" page_number="1" page_title="Klinisk demensvurdering" page_introduction="Det er en betingelse at pleiepersonalet har observert pasienten i minimum 4 uker. Originalskjema med instruksjon vedlagt under papirskjema." question_text="Hukommelse" optional="0" enumeration_uid="6415" group_id="CDR_MEMORY" />
<question item_id="6417" mid="CDR_ORIENTATION" datatype="ORD" page_number="1" page_title="Klinisk demensvurdering" page_introduction="Det er en betingelse at pleiepersonalet har observert pasienten i minimum 4 uker. Originalskjema med instruksjon vedlagt under papirskjema." question_text="Orienteringsevne" optional="0" enumeration_uid="6417" group_id="CDR_ORIENTATION" />
<question item_id="6418" mid="CDR_JUDGEMENT" datatype="ORD" page_number="1" page_title="Klinisk demensvurdering" page_introduction="Det er en betingelse at pleiepersonalet har observert pasienten i minimum 4 uker. Originalskjema med instruksjon vedlagt under papirskjema." question_text="Vurderingsevne" optional="0" enumeration_uid="6418" group_id="CDR_JUDGEMENT" />
<question item_id="6419" mid="CDR_COMMUNITY" datatype="ORD" page_number="1" page_title="Klinisk demensvurdering" page_introduction="Det er en betingelse at pleiepersonalet har observert pasienten i minimum 4 uker. Originalskjema med instruksjon vedlagt under papirskjema." question_text="Samfunnsaktiviteter" optional="0" enumeration_uid="6419" group_id="CDR_COMMUNITY" />
<question item_id="6420" mid="CDR_HOME" datatype="ORD" page_number="1" page_title="Klinisk demensvurdering" page_introduction="Det er en betingelse at pleiepersonalet har observert pasienten i minimum 4 uker. Originalskjema med instruksjon vedlagt under papirskjema." question_text="Hjem og fritidsinteresser" optional="0" enumeration_uid="6420" group_id="CDR_HOME" />
<question item_id="6421" mid="CDR_PERSONAL_CARE" datatype="ORD" page_number="1" page_title="Klinisk demensvurdering" page_introduction="Det er en betingelse at pleiepersonalet har observert pasienten i minimum 4 uker. Originalskjema med instruksjon vedlagt under papirskjema." question_text="Egenomsorg" optional="0" enumeration_uid="6421" group_id="CDR_PERSONAL_CARE" />
<question item_id="6422" mid="CDR_SCORE" datatype="ORD" page_number="2" page_title="Oppsummering" page_introduction="Hvis det er vanskelig &#229; avgj&#248;re hvilken kategori pasienten tilh&#248;rer, skal den h&#248;yeste kategorien velges." question_text="Klinisk demensvurdering" optional="0" enumeration_uid="6422" help_text="Hukommelse er prim&#230;rkategori, og alle de andre er sekund&#230;re kategorier (SK). KDV = Hukommelse (H), hvis minst tre andre kategorier har samme sk&#229;r som hukommelse. Hvis tre eller flere SK har en h&#248;yere eller lavere sk&#229;r enn H, s&#229; er KDV = flertallet av de sekund&#230;re kategoriene, uansett p&#229; hvilken side av H det er flest SK. Hvis tre SK sk&#229;res p&#229; den ene siden av H og to sekund&#230;re kategorier sk&#229;res p&#229; den andre siden av H, s&#229; er KDV = H.
" group_id="CDR_SCORE" />

<!-- Start: Form actions, generated XML -->

</form>
