<?xml version="1.0" encoding="ISO-8859-1"?>
<form form_id="441" form_uid="WELLS_DVT" title="Wells score DVT" calculate_invalid="False" rating_scale="True" status="Open" repeatable="1" >
<instructions></instructions>

<!-- Start: Form enums, generated XML -->

<enumeration enumeration_uid="5362">
  <enum_item value="0" text="Nei" answer_id="29440" />
  <enum_item value="1" text="Ja" answer_id="29441" />
</enumeration>

<enumeration enumeration_uid="5363">
  <enum_item value="0" text="Nei" answer_id="29442" />
  <enum_item value="1" text="Ja" answer_id="29443" />
</enumeration>

<enumeration enumeration_uid="5364">
  <enum_item value="0" text="Nei" answer_id="29444" />
  <enum_item value="1" text="Ja" answer_id="29445" />
</enumeration>

<enumeration enumeration_uid="5365">
  <enum_item value="0" text="Nei" answer_id="29446" />
  <enum_item value="1" text="Ja" answer_id="29447" />
</enumeration>

<enumeration enumeration_uid="5366">
  <enum_item value="0" text="Nei" answer_id="29448" />
  <enum_item value="1" text="Ja" answer_id="29449" />
</enumeration>

<enumeration enumeration_uid="5367">
  <enum_item value="0" text="Nei" answer_id="29450" />
  <enum_item value="1" text="Ja" answer_id="29451" />
</enumeration>

<enumeration enumeration_uid="5368">
  <enum_item value="0" text="Nei" answer_id="29452" />
  <enum_item value="1" text="Ja" answer_id="29453" />
</enumeration>

<enumeration enumeration_uid="5369">
  <enum_item value="0" text="Nei" answer_id="29454" />
  <enum_item value="1" text="Ja" answer_id="29455" />
</enumeration>

<enumeration enumeration_uid="5370">
  <enum_item value="0" text="Nei" answer_id="29456" />
  <enum_item value="1" score="-2" text="Ja" answer_id="29457" />
</enumeration>

<enumeration enumeration_uid="5841">
  <enum_item value="0" text="Nei" answer_id="31244" />
  <enum_item value="1" text="Ja" answer_id="31245" />
</enumeration>

<enumeration enumeration_uid="5842">
  <enum_item value="1" text="Lav sannsynlighet for DVT (ca 5%)." answer_id="31296" />
  <enum_item value="2" text="Moderat sannsynlighet for DVT (ca 17%)." answer_id="31297" />
  <enum_item value="3" text="H&#248;y sannsynlighet for DVT (ca 53%)." answer_id="31298" />
</enumeration>

<enumeration enumeration_uid="5843">
  <enum_item value="1" text="Ja | D-dimer er tatt." short_code="J" answer_id="31313" />
  <enum_item value="2" text="Nei | Ikke tatt D-dimer." short_code="N" answer_id="31314" />
</enumeration>

<!-- Start: Form items, generated XML -->

<question item_id="5362" mid="WELLS_CANCER" datatype="ORD" page_number="1" page_title="Wells score DVT" page_introduction="Sannsynlighet for DVT" question_text="Aktiv kreft" optional="0" enumeration_uid="5362" help_text="P&#229;g&#229;ende behandling, behandling siste 6 mnd, eller palliativ behandling." group_id="WELLS_CANCER" />
<question item_id="5363" mid="WELLS_PARESIS" datatype="ORD" page_number="1" page_title="Wells score DVT" page_introduction="Sannsynlighet for DVT" question_text="Paralyse, parese, eller nylig immobilisering av beinet med gips/ortose" optional="0" enumeration_uid="5363" group_id="WELLS_PARESIS" />
<question item_id="5364" mid="WELLS_BEDRIDDEN" datatype="ORD" page_number="1" page_title="Wells score DVT" page_introduction="Sannsynlighet for DVT" question_text="Nylig sengeliggende mer enn 3 dager, eller st&#248;rre kirurgi siste 4 uker?" optional="0" enumeration_uid="5364" group_id="WELLS_BEDRIDDEN" />
<question item_id="5365" mid="WELLS_TENDERNESS" datatype="ORD" page_number="1" page_title="Wells score DVT" page_introduction="Sannsynlighet for DVT" question_text="Lokalisert &#248;mhet langs det dype venesystemet" optional="0" enumeration_uid="5365" group_id="WELLS_TENDERNESS" />
<question item_id="5366" mid="WELLS_SWELLING" datatype="ORD" page_number="1" page_title="Wells score DVT" page_introduction="Sannsynlighet for DVT" question_text="Hevelse i hele beinet" optional="0" enumeration_uid="5366" group_id="WELLS_SWELLING" />
<question item_id="5841" mid="WELLS_CALF_SWELL" datatype="ORD" page_number="1" page_title="Wells score DVT" page_introduction="Sannsynlighet for DVT" question_text="Hevelse i legg minst 3 cm mer enn p&#229; asymptomatisk side" optional="0" enumeration_uid="5841" help_text="M&#229;les 10 cm nedenfor tuberositas tibiae" group_id="WELLS_CALF_SWELL" />
<question item_id="5367" mid="WELLS_EDEMA" datatype="ORD" page_number="1" page_title="Wells score DVT" page_introduction="Sannsynlighet for DVT" question_text="Pitting &#248;dem begrenset til symptomatisk bein" optional="0" enumeration_uid="5367" group_id="WELLS_EDEMA" />
<question item_id="5368" mid="WELLS_COLLATERALS" datatype="ORD" page_number="1" page_title="Wells score DVT" page_introduction="Sannsynlighet for DVT" question_text="Overfladiske venekollateraler" optional="0" enumeration_uid="5368" help_text="Ikke varik&#248;se" group_id="WELLS_COLLATERALS" />
<question item_id="5369" mid="WELLS_HX_DVT" datatype="ORD" page_number="1" page_title="Wells score DVT" page_introduction="Sannsynlighet for DVT" question_text="Tidligere bekreftet DVT" optional="0" enumeration_uid="5369" group_id="WELLS_HX_DVT" />
<question item_id="5370" mid="WELLS_DX_ALT" datatype="ORD" page_number="1" page_title="Wells score DVT" page_introduction="Sannsynlighet for DVT" question_text="Alternativ diagnose like eller mer sannsynlig enn DVT" optional="0" enumeration_uid="5370" help_text="(f.eks. Bakers cyste, erysipelas/nekrotiserende fasceitt/celulitt), traume, spontan bl&#248;dning)" group_id="WELLS_DX_ALT" />
<question item_id="5371" mid="WELLS_SCORE_DVT" datatype="QN" page_number="2" page_title="Oppsummering" question_text="Wells Score DVT (poeng)" optional="0" units="poeng" expression="WELLS_CANCER + WELLS_PARESIS + WELLS_BEDRIDDEN + WELLS_TENDERNESS + WELLS_SWELLING + WELLS_CALF_SWELL + WELLS_EDEMA + WELLS_COLLATERALS + WELLS_HX_DVT - 2*WELLS_DX_ALT" group_id="WELLS_SCORE_DVT" />
<question item_id="5842" mid="WELL_DVT_PROB" datatype="ORD" page_number="2" page_title="Oppsummering" question_text="Pre-test sannsynlighet" optional="1" expression="1 + ISPOS(WELLS_SCORE_DVT-2) + ISPOS(WELLS_SCORE_DVT)" enumeration_uid="5842" help_text="Sannsynligheter tatt fra Journal of Thrombosis and Haemostasis, 5 (Suppl. 1): 41-50." group_id="WELL_DVT_PROB" />
<question item_id="5843" mid="ORDERED_D_DIMER_YN" datatype="ORD" page_number="2" page_title="Oppsummering" question_text="Er det tatt d-dimer?" optional="0" enumeration_uid="5843" group_id="ORDERED_D_DIMER_YN" />
<question item_id="5844" mid="VAR5844" datatype="MSG" page_number="3" header="Tolkning" question_text="Negativ D-dimer vil praktisk talt utelukke DVT." optional="1" />

<!-- Start: Form actions, generated XML -->

<question_action master_question_mid="WELL_DVT_PROB" detail_question_mid="VAR5844" enum_item_value="1" activate="1" />
<question_action master_question_mid="WELL_DVT_PROB" detail_question_mid="VAR5844" enum_item_value="2" activate="1" />
</form>
