<?xml version="1.0" encoding="ISO-8859-1"?>
<form form_id="891" form_uid="GBD_OPPFOLGING" title="Oppf&#248;lgingssamtale" calculate_invalid="False" status="Open" repeatable="1" >
<instructions></instructions>

<!-- Start: Form enums, generated XML -->

<enumeration enumeration_uid="1060">
  <enum_item value="1" text="Ja" answer_id="10003" />
  <enum_item value="2" text="Nei" answer_id="10004" />
</enumeration>

<!-- Start: Form items, generated XML -->

<question item_id="1060" mid="VAR1060" datatype="ORD" page_number="1" page_title="&#216;nske" header="&#216;nske" question_text="&#216;nsker oppf&#248;lgningssamtale?" optional="0" enumeration_uid="1060" help_text="Jamf&#248;r med sentrale prosedyrer for oppf&#248;lgningssamtale." />
<question item_id="5424" mid="VAR5424" datatype="DATE" page_number="2" page_title="Oppsummering" question_text="Samtale holdt" optional="0" />
<question item_id="5405" mid="VAR5405" datatype="NAR" page_number="2" page_title="Oppsummering" question_text="Deltagere" optional="0" multiline="1" />
<question item_id="5423" mid="VAR5423" datatype="NAR" page_number="2" page_title="Oppsummering" question_text="Oppsummering" optional="0" multiline="1" />

<!-- Start: Form actions, generated XML -->

<question_action master_question_mid="VAR1060" detail_question_mid="VAR5424" enum_item_value="1" activate="1" />
<question_action master_question_mid="VAR1060" detail_question_mid="VAR5405" enum_item_value="1" activate="1" />
<question_action master_question_mid="VAR1060" detail_question_mid="VAR5423" enum_item_value="1" activate="1" />
</form>
