<?xml version="1.0" encoding="ISO-8859-1"?>
<form form_id="505" form_uid="GbdMusTerapi" title="Musikkterapi" calculate_invalid="False" rating_scale="False" status="Open" repeatable="1" >
<instructions></instructions>

<!-- Start: Form enums, generated XML -->

<enumeration enumeration_uid="6125">
  <enum_item value="1" text="Individuell | Individuell terapi." answer_id="32253" />
  <enum_item value="2" text="Gruppe | Gruppeterapi." answer_id="32254" />
  <enum_item value="3" text="Annet | Annen terapitype." answer_id="32255" />
</enumeration>

<!-- Start: Form items, generated XML -->

<question item_id="6125" mid="MUSIKK_KONTAKTTYPE" datatype="ORD" page_number="1" page_title="Musikkterapi" question_text="Kontakttype" optional="0" enumeration_uid="6125" group_id="MUSIKK_KONTAKTTYPE" />
<question item_id="4400" mid="SOSIALT_RELIGION" datatype="NAR" page_number="2" page_title="Bakgrunnsinformasjon" header="Religi&#248;se interesser" question_text="Delt med skjema Sosial anamnese" optional="1" carry_forward="1" multiline="1" help_text="Religi&#248;s sang, religi&#248;se foreninger/organisasjoner etc." group_id="SOSIALT_RELIGION" />
<question item_id="4402" mid="SOSIALT_MUSIKK" datatype="NAR" page_number="2" page_title="Bakgrunnsinformasjon" header="Sang/musikk" question_text="Delt med skjema Sosial anamnese" optional="1" carry_forward="1" multiline="1" help_text="Har han/hun v&#230;rt interessert i musikk, eventuelt hva slags musikk, likt &#229; synge selv, spilt selv (hva slags instrument), sangkor etc." group_id="SOSIALT_MUSIKK" />
<question item_id="6126" mid="MUSIKK_POSITIV" datatype="NAR" page_number="3" page_title="Respons" question_text="Positiv respons p&#229;" optional="1" carry_forward="1" multiline="1" group_id="MUSIKK_POSITIV" />
<question item_id="6127" mid="MUSIKK_NEGATIV" datatype="NAR" page_number="3" page_title="Respons" question_text="Negativ respons p&#229;" optional="1" carry_forward="1" multiline="1" group_id="MUSIKK_NEGATIV" />

<!-- Start: Form actions, generated XML -->

</form>
