<?xml version="1.0" encoding="ISO-8859-1"?>
<form form_id="270" form_uid="GBD_TELEFON" title="Telefonsamtale p&#229;r&#248;rende" calculate_invalid="False" rating_scale="False" status="Open" repeatable="1" >
<instructions>Notat ved telefonkontakt med p�r�rende.</instructions>

<!-- Start: Form enums, generated XML -->

<enumeration enumeration_uid="3605">
  <enum_item value="1" text="Vi ringer p&#229;r&#248;rende." answer_id="18481" />
  <enum_item value="2" text="P&#229;r&#248;rende ringer oss." answer_id="18482" />
</enumeration>

<!-- Start: Form items, generated XML -->

<question item_id="3605" mid="TELEFON_INITIATIV" datatype="ORD" page_number="1" page_title="Telefonsamtale med p&#229;r&#248;rende" question_text="Initiativ tatt av" optional="1" enumeration_uid="3605" group_id="TELEFON_INITIATIV" />
<question item_id="3606" mid="TELEFON_NAVN" datatype="NAR" page_number="1" page_title="Telefonsamtale med p&#229;r&#248;rende" question_text="P&#229;r&#248;rendes navn" optional="1" multiline="0" group_id="TELEFON_NAVN" />
<question item_id="3607" mid="TELEFON_NUMMER" datatype="NAR" page_number="1" page_title="Telefonsamtale med p&#229;r&#248;rende" question_text="Kan n&#229;s p&#229;" optional="1" multiline="0" help_text="telefonnummer/numre" group_id="TELEFON_NUMMER" />

<!-- Start: Form actions, generated XML -->

</form>
