<?xml version="1.0" encoding="ISO-8859-1"?>
<form form_id="673" form_uid="GbdPerStell" title="Periodisk stell" calculate_invalid="False" rating_scale="False" status="Closed" repeatable="1" >
<instructions></instructions>

<!-- Start: Form enums, generated XML -->

<enumeration enumeration_uid="8303">
  <enum_item value="1" text="Ja | Skal regelmessig til tannpleier." short_code="J" answer_id="44611" />
  <enum_item value="2" text="Nei" short_code="N" answer_id="44612" />
</enumeration>

<enumeration enumeration_uid="8304">
  <enum_item value="1" text="Ja | Skal regelmessig til fotpleier." short_code="J" answer_id="44615" />
  <enum_item value="2" text="Nei" short_code="N" answer_id="44616" />
</enumeration>

<enumeration enumeration_uid="8305">
  <enum_item value="1" text="Ja | Skal regelmessig til fris&#248;r." short_code="J" answer_id="44619" />
  <enum_item value="2" text="Nei" short_code="N" answer_id="44620" />
</enumeration>

<!-- Start: Form items, generated XML -->

<question item_id="8303" mid="VAR8303" datatype="ORD" page_number="1" page_title="Tannpleie" question_text="Skal regelmessig til tannpleier" optional="1" enumeration_uid="8303" />
<question item_id="8300" mid="VAR8300" datatype="DATE" page_number="2" header="Siste bes&#248;k" question_text="Dato for siste bes&#248;k hos tannlege/tannpleier" optional="1" carry_forward="1" max_value="NOW+1" />
<question item_id="8304" mid="VAR8304" datatype="ORD" page_number="3" page_title="Fotpleie" question_text="Skal regelmessig til fotpleier" optional="1" enumeration_uid="8304" />
<question item_id="8301" mid="VAR8301" datatype="DATE" page_number="4" header="Siste bes&#248;k" question_text="Dato for siste bes&#248;k hos fotpleier" optional="1" carry_forward="1" max_value="NOW+1" />
<question item_id="8305" mid="VAR8305" datatype="ORD" page_number="5" page_title="Fris&#248;r" question_text="Skal regelmessig til fris&#248;r" optional="1" enumeration_uid="8305" />
<question item_id="8302" mid="VAR8302" datatype="DATE" page_number="6" header="Siste bes&#248;k" question_text="Dato for siste bes&#248;k hos fris&#248;r" optional="1" carry_forward="1" max_value="NOW+1" />
<question item_id="8306" mid="VAR8306" datatype="MSG" page_number="7" header="Et lite tips" question_text="P&#229; datoer kan du skrive f.eks. &quot;-14&quot; hvis noe skjedde for 14 dager siden.  Dette gjelder i alle datofelter, uansett skjema." optional="1" />

<!-- Start: Form actions, generated XML -->

<question_action master_question_mid="VAR8303" detail_question_mid="VAR8300" enum_item_value="1" activate="1" />
<question_action master_question_mid="VAR8304" detail_question_mid="VAR8301" enum_item_value="1" activate="1" />
<question_action master_question_mid="VAR8305" detail_question_mid="VAR8302" enum_item_value="1" activate="1" />
</form>
