<?xml version="1.0" encoding="ISO-8859-1"?>
<form form_id="528" form_uid="LCP1b" title="LCP del 1b - F&#248;rste vurdering (fortsettelse)" calculate_invalid="False" rating_scale="False" status="Closed" repeatable="1" >
<instructions></instructions>

<!-- Start: Form enums, generated XML -->

<enumeration enumeration_uid="5059">
  <enum_item value="1" text="Ja" answer_id="28035" />
  <enum_item value="2" text="Nei" short_code="N" answer_id="28036" />
</enumeration>

<enumeration enumeration_uid="5061">
  <enum_item value="1" text="Ja" answer_id="28037" />
  <enum_item value="2" text="Nei" short_code="N" answer_id="28038" />
  <enum_item value="3" text="Ikke aktuelt" answer_id="40656" />
</enumeration>

<enumeration enumeration_uid="5065">
  <enum_item value="1" text="Uansett tidspunkt p&#229; d&#248;gnet" answer_id="28039" />
  <enum_item value="2" text="Ikke om natten" answer_id="28040" />
  <enum_item value="3" text="P&#229;r&#248;rende overnatter p&#229; sykehjemmet" answer_id="28041" />
</enumeration>

<enumeration enumeration_uid="5072">
  <enum_item value="1" text="Ja" answer_id="28065" />
  <enum_item value="2" text="Nei" short_code="N" answer_id="28066" />
</enumeration>

<enumeration enumeration_uid="5288">
  <enum_item value="1" text="God (m&#229;l oppn&#229;dd)" answer_id="28806" />
  <enum_item value="2" text="Noe" answer_id="28807" />
  <enum_item value="3" text="Ingen" answer_id="28808" />
</enumeration>

<enumeration enumeration_uid="5294">
  <enum_item value="1" text="God (m&#229;l oppn&#229;dd)" answer_id="28815" />
  <enum_item value="2" text="Noe" answer_id="28816" />
  <enum_item value="3" text="Ingen" answer_id="28817" />
</enumeration>

<enumeration enumeration_uid="5765">
  <enum_item value="1" text="God (m&#229;l oppn&#229;dd)" answer_id="30818" />
  <enum_item value="2" text="Noe" answer_id="30819" />
  <enum_item value="3" text="Ingen" answer_id="30820" />
</enumeration>

<enumeration enumeration_uid="5769">
  <enum_item value="1" text="God (m&#229;l oppn&#229;dd)" answer_id="30824" />
  <enum_item value="2" text="Noe" answer_id="30825" />
  <enum_item value="3" text="Ingen" answer_id="30826" />
</enumeration>

<enumeration enumeration_uid="5771">
  <enum_item value="1" text="God (m&#229;l oppn&#229;dd)" answer_id="30827" />
  <enum_item value="2" text="Noe" answer_id="30828" />
  <enum_item value="3" text="Ingen" answer_id="30829" />
</enumeration>

<enumeration enumeration_uid="5773">
  <enum_item value="1" text="God (m&#229;l oppn&#229;dd)" answer_id="30830" />
  <enum_item value="2" text="Noe" answer_id="30831" />
  <enum_item value="3" text="Ingen" answer_id="30832" />
</enumeration>

<enumeration enumeration_uid="5775">
  <enum_item value="1" text="God (m&#229;l oppn&#229;dd)" answer_id="30833" />
  <enum_item value="2" text="Noe" answer_id="30834" />
  <enum_item value="3" text="Ingen" answer_id="30835" />
</enumeration>

<enumeration enumeration_uid="5777">
  <enum_item value="1" text="God (m&#229;l oppn&#229;dd)" answer_id="30836" />
  <enum_item value="2" text="Noe" answer_id="30837" />
  <enum_item value="3" text="Ingen" answer_id="30838" />
</enumeration>

<enumeration enumeration_uid="5779">
  <enum_item value="1" text="God (m&#229;l oppn&#229;dd)" answer_id="30839" />
  <enum_item value="2" text="Noe" answer_id="30840" />
  <enum_item value="3" text="Ingen" answer_id="30841" />
</enumeration>

<enumeration enumeration_uid="5781">
  <enum_item value="1" text="God (m&#229;l oppn&#229;dd)" answer_id="30842" />
  <enum_item value="2" text="Noe" answer_id="30843" />
  <enum_item value="3" text="Ingen" answer_id="30844" />
</enumeration>

<enumeration enumeration_uid="5785">
  <enum_item value="1" text="God (m&#229;l oppn&#229;dd)" answer_id="30848" />
  <enum_item value="2" text="Noe" answer_id="30849" />
  <enum_item value="3" text="Ingen" answer_id="30850" />
</enumeration>

<enumeration enumeration_uid="5787">
  <enum_item value="1" text="God (m&#229;l oppn&#229;dd)" answer_id="30851" />
  <enum_item value="2" text="Noe" answer_id="30852" />
  <enum_item value="3" text="Ingen" answer_id="30853" />
</enumeration>

<enumeration enumeration_uid="5789">
  <enum_item value="1" text="God (m&#229;l oppn&#229;dd)" answer_id="30854" />
  <enum_item value="2" text="Noe" answer_id="30855" />
  <enum_item value="3" text="Ingen" answer_id="30856" />
</enumeration>

<enumeration enumeration_uid="5791">
  <enum_item value="1" text="God (m&#229;l oppn&#229;dd)" answer_id="30857" />
  <enum_item value="2" text="Noe" answer_id="30858" />
  <enum_item value="3" text="Ingen" answer_id="30859" />
</enumeration>

<enumeration enumeration_uid="5793">
  <enum_item value="1" text="God (m&#229;l oppn&#229;dd)" answer_id="30860" />
  <enum_item value="2" text="Noe" answer_id="30861" />
  <enum_item value="3" text="Ingen" answer_id="30862" />
</enumeration>

<enumeration enumeration_uid="5795">
  <enum_item value="1" text="God (m&#229;l oppn&#229;dd)" answer_id="30863" />
  <enum_item value="2" text="Noe" answer_id="30864" />
  <enum_item value="3" text="Ingen" answer_id="30865" />
</enumeration>

<enumeration enumeration_uid="5797">
  <enum_item value="1" text="God (m&#229;l oppn&#229;dd)" answer_id="30866" />
  <enum_item value="2" text="Noe" answer_id="30867" />
  <enum_item value="3" text="Ingen" answer_id="30868" />
</enumeration>

<enumeration enumeration_uid="5799">
  <enum_item value="1" text="God (m&#229;l oppn&#229;dd)" answer_id="30869" />
  <enum_item value="2" text="Noe" answer_id="30870" />
  <enum_item value="3" text="Ingen" answer_id="30871" />
</enumeration>

<enumeration enumeration_uid="6505">
  <enum_item value="1" text="Ja" answer_id="34844" />
  <enum_item value="2" text="Nei" short_code="N" answer_id="34845" />
</enumeration>

<enumeration enumeration_uid="6507">
  <enum_item value="1" text="Ja" answer_id="34846" />
  <enum_item value="2" text="Nei" short_code="N" answer_id="34847" />
  <enum_item value="3" text="Ikke aktuelt" answer_id="34848" />
</enumeration>

<enumeration enumeration_uid="6508">
  <enum_item value="1" text="Ja" answer_id="34852" />
  <enum_item value="2" text="Nei" short_code="N" answer_id="34853" />
  <enum_item value="3" text="Komat&#248;s" answer_id="34856" />
</enumeration>

<enumeration enumeration_uid="6510">
  <enum_item value="1" text="Ja" answer_id="34857" />
  <enum_item value="2" text="Nei" short_code="N" answer_id="34858" />
</enumeration>

<enumeration enumeration_uid="6512">
  <enum_item value="1" text="Ja" answer_id="34860" />
  <enum_item value="2" text="Nei" short_code="N" answer_id="34861" />
</enumeration>

<enumeration enumeration_uid="6513">
  <enum_item value="1" text="Ja" answer_id="34862" />
  <enum_item value="2" text="Nei" short_code="N" answer_id="34863" />
  <enum_item value="3" text="Komat&#248;s" answer_id="34864" />
</enumeration>

<enumeration enumeration_uid="6514">
  <enum_item value="1" text="Ja" answer_id="34865" />
  <enum_item value="2" text="Nei" short_code="N" answer_id="34866" />
</enumeration>

<enumeration enumeration_uid="6516">
  <enum_item value="1" text="Ja" answer_id="34867" />
  <enum_item value="2" text="Nei" short_code="N" answer_id="34868" />
  <enum_item value="3" text="Komat&#248;s" answer_id="34869" />
</enumeration>

<enumeration enumeration_uid="6517">
  <enum_item value="1" text="Ja" answer_id="34870" />
  <enum_item value="2" text="Nei" short_code="N" answer_id="34871" />
</enumeration>

<enumeration enumeration_uid="6526">
  <enum_item value="1" text="Ja" answer_id="34879" />
  <enum_item value="2" text="Nei" short_code="N" answer_id="34880" />
</enumeration>

<enumeration enumeration_uid="6527">
  <enum_item value="1" text="Ja" answer_id="34885" />
  <enum_item value="2" text="Nei" short_code="N" answer_id="34886" />
</enumeration>

<enumeration enumeration_uid="6529">
  <enum_item value="1" text="Ja" answer_id="34891" />
  <enum_item value="2" text="Nei" short_code="N" answer_id="34892" />
  <enum_item value="3" text="Komat&#248;s" answer_id="34893" />
</enumeration>

<enumeration enumeration_uid="6530">
  <enum_item value="1" text="Ja" answer_id="34899" />
  <enum_item value="2" text="Nei" short_code="N" answer_id="34900" />
</enumeration>

<enumeration enumeration_uid="6531">
  <enum_item value="1" text="Ja" answer_id="34905" />
  <enum_item value="2" text="Nei" short_code="N" answer_id="34906" />
</enumeration>

<enumeration enumeration_uid="6878">
  <enum_item value="1" text="Ja" answer_id="38020" />
  <enum_item value="2" text="Nei" short_code="N" answer_id="38021" />
  <enum_item value="3" text="Komat&#248;s" answer_id="38022" />
</enumeration>

<enumeration enumeration_uid="6879">
  <enum_item value="1" text="Ja" answer_id="38033" />
  <enum_item value="2" text="Nei" short_code="N" answer_id="38034" />
</enumeration>

<enumeration enumeration_uid="6881">
  <enum_item value="1" text="God (m&#229;l oppn&#229;dd)" answer_id="38035" />
  <enum_item value="2" text="Noe" answer_id="38036" />
  <enum_item value="3" text="Ingen" answer_id="38037" />
</enumeration>

<!-- Start: Form items, generated XML -->

<question item_id="6575" mid="VAR6575" datatype="MSG" page_number="1" page_title="Pleietiltak" header="M&#197;L 3a" question_text="Det er tatt en avgj&#248;relse om &#229; avslutte ikke-hensiktsmessige pleietiltak" optional="1" />
<question item_id="6505" mid="VAR6505" datatype="ORD" page_number="1" page_title="Pleietiltak" question_text="Det er tatt en avgj&#248;relse om &#229; avslutte ikke-hensiktsmessige pleietiltak" optional="0" enumeration_uid="6505" help_text="Skal en ha et regime for &#229; snu pasienten, eller gj&#248;re det bare ved behov, vurdere anti-decubitus madrass, vurdere huden, skal en fortsette med &#229; ta BT, puls, og temp, osv.?" />
<question item_id="5790" mid="VAR5790" datatype="NAR" page_number="2" question_text="Tiltak gjort for &#229; oppn&#229; m&#229;let" optional="0" multiline="0" />
<question item_id="5791" mid="VAR5791" datatype="ORD" page_number="2" question_text="Effekt av tiltaket" optional="0" enumeration_uid="5791" />
<question item_id="6576" mid="VAR6576" datatype="MSG" page_number="3" header="M&#197;L 3b" question_text="Smertepumpe er satt i gang innen 4 timer etter at den ble forordnet av legen" optional="1" />
<question item_id="6507" mid="VAR6507" datatype="ORD" page_number="3" question_text="Smertepumpe er satt i gang innen 4 timer etter at den ble forordnet av legen" optional="0" enumeration_uid="6507" />
<question item_id="5293" mid="VAR5293" datatype="NAR" page_number="4" question_text="Tiltak gjort for &#229; oppn&#229; m&#229;let" optional="0" multiline="0" />
<question item_id="5294" mid="VAR5294" datatype="ORD" page_number="4" question_text="Effekt av tiltaket" optional="0" enumeration_uid="5294" />
<question item_id="6509" mid="VAR6509" datatype="MSG" page_number="5" page_title="Innsikt / forst&#229;else" header="M&#197;L 4" question_text="Evne til &#229; kommunisere p&#229; norsk er vurdert som adekvat" optional="1" />
<question item_id="6508" mid="VAR6508" datatype="ORD" page_number="5" page_title="Innsikt / forst&#229;else" question_text="hos pasienten" optional="0" enumeration_uid="6508" />
<question item_id="5784" mid="VAR5784" datatype="NAR" page_number="6" question_text="Tiltak gjort for &#229; oppn&#229; m&#229;let" optional="0" multiline="0" />
<question item_id="5785" mid="VAR5785" datatype="ORD" page_number="6" question_text="Effekt av tiltaket" optional="0" enumeration_uid="5785" />
<question item_id="6510" mid="VAR6510" datatype="ORD" page_number="7" question_text="hos de p&#229;r&#248;rende (familie eller andre)" optional="0" carry_forward="1" enumeration_uid="6510" />
<question item_id="5287" mid="VAR5287" datatype="NAR" page_number="8" question_text="Tiltak gjort for &#229; oppn&#229; m&#229;let" optional="0" multiline="0" />
<question item_id="5288" mid="VAR5288" datatype="ORD" page_number="8" question_text="Effekt av tiltaket" optional="0" enumeration_uid="5288" />
<question item_id="6511" mid="VAR6511" datatype="MSG" page_number="9" header="M&#197;L 5" question_text="Innsikt i pasientens tilstand er vurdert:" optional="1" />
<question item_id="6513" mid="VAR6513" datatype="ORD" page_number="9" question_text="Pasienten er klar over diagnosen" optional="0" enumeration_uid="6513" />
<question item_id="5774" mid="VAR5774" datatype="NAR" page_number="10" question_text="Tiltak gjort for &#229; oppn&#229; m&#229;let" optional="0" multiline="0" />
<question item_id="5775" mid="VAR5775" datatype="ORD" page_number="10" question_text="Effekt av tiltaket" optional="0" enumeration_uid="5775" />
<question item_id="6512" mid="VAR6512" datatype="ORD" page_number="11" question_text="De p&#229;r&#248;rende er klar over diagnosen" optional="0" enumeration_uid="6512" />
<question item_id="5770" mid="VAR5770" datatype="NAR" page_number="12" question_text="Tiltak gjort for &#229; oppn&#229; m&#229;let" optional="0" multiline="0" />
<question item_id="5771" mid="VAR5771" datatype="ORD" page_number="12" question_text="Effekt av tiltaket" optional="0" enumeration_uid="5771" />
<question item_id="6878" mid="VAR6878" datatype="ORD" page_number="13" question_text="Pasienten er klar over at han / hun er d&#248;ende" optional="1" enumeration_uid="6878" />
<question item_id="5792" mid="VAR5792" datatype="NAR" page_number="14" question_text="Tiltak gjort for &#229; oppn&#229; m&#229;let" optional="0" multiline="0" />
<question item_id="5793" mid="VAR5793" datatype="ORD" page_number="14" question_text="Effekt av tiltaket" optional="0" enumeration_uid="5793" />
<question item_id="6514" mid="VAR6514" datatype="ORD" page_number="15" question_text="De p&#229;r&#248;rende er klar over at pasienten er d&#248;ende" optional="0" enumeration_uid="6514" />
<question item_id="5794" mid="VAR5794" datatype="NAR" page_number="16" question_text="Tiltak gjort for &#229; oppn&#229; m&#229;let" optional="0" multiline="0" />
<question item_id="5795" mid="VAR5795" datatype="ORD" page_number="16" question_text="Effekt av tiltaket" optional="0" enumeration_uid="5795" />
<question item_id="6515" mid="VAR6515" datatype="MSG" page_number="17" page_title="&#197;ndelig omsorg" header="M&#197;L 6" question_text="Religi&#248;se/&#229;ndelige behov er vurdert. Pasienten eller de p&#229;r&#248;rende kan v&#230;re engstelige for seg selv eller andre. Vurder spesielle behov i forhold til familiens kulturelle bakgrunn. Vurder st&#248;tte fra prest eller annen &#229;ndelig veileder" optional="1" />
<question item_id="6516" mid="VAR6516" datatype="ORD" page_number="17" page_title="&#197;ndelig omsorg" question_text="hos pasienten" optional="0" enumeration_uid="6516" />
<question item_id="5796" mid="VAR5796" datatype="NAR" page_number="18" question_text="Tiltak gjort for &#229; oppn&#229; m&#229;let" optional="0" multiline="0" />
<question item_id="5797" mid="VAR5797" datatype="ORD" page_number="18" question_text="Effekt av tiltaket" optional="0" enumeration_uid="5797" />
<question item_id="6517" mid="VAR6517" datatype="ORD" page_number="19" question_text="hos de p&#229;r&#248;rende" optional="0" enumeration_uid="6517" />
<question item_id="5772" mid="VAR5772" datatype="NAR" page_number="20" question_text="Tiltak gjort for &#229; oppn&#229; m&#229;let" optional="0" multiline="0" />
<question item_id="5773" mid="VAR5773" datatype="ORD" page_number="20" question_text="Effekt av tiltaket" optional="0" enumeration_uid="5773" />
<question item_id="5059" mid="VAR5059" datatype="ORD" page_number="21" question_text="Pasientens trosretning eller livssyn er kjent" optional="0" enumeration_uid="5059" />
<question item_id="5768" mid="VAR5768" datatype="NAR" page_number="22" question_text="Tiltak gjort for &#229; oppn&#229; m&#229;let" optional="0" multiline="0" />
<question item_id="5769" mid="VAR5769" datatype="ORD" page_number="22" question_text="Effekt av tiltaket" optional="0" enumeration_uid="5769" />
<question item_id="5060" mid="VAR5060" datatype="NAR" page_number="23" question_text="Pasientens trosretning eller livssyn:" optional="0" multiline="0" />
<question item_id="5061" mid="VAR5061" datatype="ORD" page_number="24" question_text="Gitt tilbud om kontakt med prest / annen kontaktperson" optional="0" carry_forward="1" enumeration_uid="5061" />
<question item_id="5764" mid="VAR5764" datatype="NAR" page_number="25" question_text="Tiltak gjort for &#229; oppn&#229; m&#229;let" optional="0" multiline="0" />
<question item_id="5765" mid="VAR5765" datatype="ORD" page_number="25" question_text="Effekt av tiltaket" optional="0" enumeration_uid="5765" />
<question item_id="5063" mid="VAR5063" datatype="NAR" page_number="26" question_text="Navn p&#229; prest / kontaktperson" optional="0" multiline="0" />
<question item_id="5062" mid="VAR5062" datatype="NAR" page_number="26" question_text="Telefon-nummer til prest / kontaktperson" optional="0" multiline="0" />
<question item_id="5064" mid="VAR5064" datatype="NAR" page_number="27" question_text="Eventuelle kommentarer til religi&#248;se / &#229;ndelige behov" optional="1" multiline="1" help_text="Spesielle behov n&#229;, i forbindelse med d&#248;dsfallet, etter d&#248;dsfallet" />
<question item_id="6523" mid="VAR6523" datatype="MSG" page_number="28" page_title="Kommunikasjon med de p&#229;r&#248;rende" header="M&#197;L 7" question_text="Det er avtalt hvordan p&#229;r&#248;rende skal informeres ved forandring i pasientens tilstand" optional="1" />
<question item_id="6879" mid="VAR6879" datatype="ORD" page_number="28" page_title="Kommunikasjon med de p&#229;r&#248;rende" question_text="Det er avtalt hvordan de p&#229;r&#248;rende skal informeres ved forandring i pasientens tilstand." optional="1" enumeration_uid="6879" />
<question item_id="5065" mid="VAR5065" datatype="ORD" page_number="28" page_title="Kommunikasjon med de p&#229;r&#248;rende" question_text="Hvordan &#248;nsker p&#229;r&#248;rende &#229; bli informert ved forandring av pasientens tilstand?" optional="1" enumeration_uid="5065" />
<question item_id="3426" mid="NEXTOFKIN_NAME" datatype="NAR" page_number="28" page_title="Kommunikasjon med de p&#229;r&#248;rende" header="Navn*" question_text="N&#230;rmeste p&#229;r&#248;rende" optional="0" exclude_caption="1" multiline="0" group_id="NEXTOFKIN_NAME" />
<question item_id="6524" mid="VAR6524" datatype="NAR" page_number="28" page_title="Kommunikasjon med de p&#229;r&#248;rende" question_text="Relasjon til pasienten" optional="0" multiline="0" />
<question item_id="6525" mid="VAR6525" datatype="NAR" page_number="28" page_title="Kommunikasjon med de p&#229;r&#248;rende" question_text="Tlf:" optional="0" multiline="0" />
<question item_id="1410" mid="OTHEROFKIN_DETAILS" datatype="NAR" page_number="28" page_title="Kommunikasjon med de p&#229;r&#248;rende" header="Andre p&#229;r&#248;rende" question_text="Evt. annen p&#229;r&#248;rende" optional="0" multiline="1" help_text="Navn, tlf, relasjon til pasienten" group_id="OTHEROFKIN_DETAILS" />
<question item_id="6880" mid="VAR6880" datatype="NAR" page_number="29" question_text="Tiltak gjort for &#229; oppn&#229; m&#229;let" optional="1" multiline="0" />
<question item_id="6881" mid="VAR6881" datatype="ORD" page_number="29" question_text="Effekt av tiltaket" optional="1" enumeration_uid="6881" />
<question item_id="6572" mid="VAR6572" datatype="MSG" page_number="30" header="M&#197;L 8" question_text="P&#229;r&#248;rende er gitt informasjon om sykehjemmet" optional="1" />
<question item_id="6526" mid="VAR6526" datatype="ORD" page_number="30" question_text="P&#229;r&#248;rende er gitt informasjon om sykehjemmet" optional="0" enumeration_uid="6526" help_text="Skriftlig informasjon om parkering, telefon, mat og drikke, overnatting og annen praktisk informasjon" />
<question item_id="5780" mid="VAR5780" datatype="NAR" page_number="31" question_text="Tiltak gjort for &#229; oppn&#229; m&#229;let" optional="0" multiline="0" />
<question item_id="5781" mid="VAR5781" datatype="ORD" page_number="31" question_text="Effekt av tiltaket" optional="0" enumeration_uid="5781" />
<question item_id="6573" mid="VAR6573" datatype="MSG" page_number="32" page_title="Kommunikasjon med prim&#230;rhelsetjenesten" page_introduction="(Dersom ikke fast beboer)" header="M&#197;L 9" question_text="Pasientens fastlege er klar over pasientens tilstand" optional="1" />
<question item_id="6527" mid="VAR6527" datatype="ORD" page_number="32" page_title="Kommunikasjon med prim&#230;rhelsetjenesten" page_introduction="(Dersom ikke fast beboer)" question_text="Pasientens fastlege er klar over pasientens tilstand" optional="1" enumeration_uid="6527" />
<question item_id="5778" mid="VAR5778" datatype="NAR" page_number="33" question_text="Tiltak gjort for &#229; oppn&#229; m&#229;let" optional="0" multiline="0" />
<question item_id="5779" mid="VAR5779" datatype="ORD" page_number="33" question_text="Effekt av tiltaket" optional="0" enumeration_uid="5779" />
<question item_id="5072" mid="VAR5072" datatype="ORD" page_number="34" question_text="Hjemmesykepleien er informert om pasientens tilstand" optional="1" enumeration_uid="5072" />
<question item_id="5776" mid="VAR5776" datatype="NAR" page_number="35" question_text="Tiltak gjort for &#229; oppn&#229; m&#229;let" optional="0" multiline="0" />
<question item_id="5777" mid="VAR5777" datatype="ORD" page_number="35" question_text="Effekt av tiltaket" optional="0" enumeration_uid="5777" />
<question item_id="6528" mid="VAR6528" datatype="MSG" page_number="36" page_title="Sammendrag" header="M&#197;L 10" question_text="Plan for videre behandling og pleie er forklart for og dr&#248;ftet med" optional="1" />
<question item_id="6529" mid="VAR6529" datatype="ORD" page_number="36" page_title="Sammendrag" question_text="Pasienten" optional="0" enumeration_uid="6529" />
<question item_id="5786" mid="VAR5786" datatype="NAR" page_number="37" question_text="Tiltak gjort for &#229; oppn&#229; m&#229;let" optional="0" multiline="0" />
<question item_id="5787" mid="VAR5787" datatype="ORD" page_number="37" question_text="Effekt av tiltaket" optional="0" enumeration_uid="5787" />
<question item_id="6530" mid="VAR6530" datatype="ORD" page_number="38" question_text="de p&#229;r&#248;rende" optional="0" enumeration_uid="6530" />
<question item_id="5788" mid="VAR5788" datatype="NAR" page_number="39" question_text="Tiltak gjort for &#229; oppn&#229; m&#229;let" optional="0" multiline="0" />
<question item_id="5789" mid="VAR5789" datatype="ORD" page_number="39" question_text="Effekt av tiltaket" optional="0" enumeration_uid="5789" />
<question item_id="6574" mid="VAR6574" datatype="MSG" page_number="40" header="M&#197;L 11" question_text="De p&#229;r&#248;rende gir uttrykk for at de forst&#229;r hva som er planen videre" optional="1" />
<question item_id="6531" mid="VAR6531" datatype="ORD" page_number="40" question_text="De p&#229;r&#248;rende gir uttrykk for at de forst&#229;r hva som er planen videre" optional="0" enumeration_uid="6531" help_text="De p&#229;r&#248;rende er klar over at videre behandling og pleie har fokus p&#229; at pasienten er d&#248;ende. De p&#229;r&#248;rende har f&#229;tt komme frem med sine &#248;nsker og bekymringer og disse er dokumentert. Tiltaksplanen kan dr&#248;ftes hvis dette vurderes som hensiktsmessig." />
<question item_id="5798" mid="VAR5798" datatype="NAR" page_number="41" question_text="Tiltak gjort for &#229; oppn&#229; m&#229;let" optional="0" multiline="0" />
<question item_id="5799" mid="VAR5799" datatype="ORD" page_number="41" question_text="Effekt av tiltaket" optional="0" enumeration_uid="5799" />

<!-- Start: Form actions, generated XML -->

<question_action master_question_mid="VAR6505" detail_question_mid="VAR5790" enum_item_value="2" activate="1" />
<question_action master_question_mid="VAR6505" detail_question_mid="VAR5791" enum_item_value="2" activate="1" />
<question_action master_question_mid="VAR6507" detail_question_mid="VAR5293" enum_item_value="2" activate="1" />
<question_action master_question_mid="VAR6507" detail_question_mid="VAR5294" enum_item_value="2" activate="1" />
<question_action master_question_mid="VAR6508" detail_question_mid="VAR5784" enum_item_value="2" activate="1" />
<question_action master_question_mid="VAR6508" detail_question_mid="VAR5785" enum_item_value="2" activate="1" />
<question_action master_question_mid="VAR6510" detail_question_mid="VAR5287" enum_item_value="2" activate="1" />
<question_action master_question_mid="VAR6510" detail_question_mid="VAR5288" enum_item_value="2" activate="1" />
<question_action master_question_mid="VAR6513" detail_question_mid="VAR5774" enum_item_value="2" activate="1" />
<question_action master_question_mid="VAR6513" detail_question_mid="VAR5775" enum_item_value="2" activate="1" />
<question_action master_question_mid="VAR6512" detail_question_mid="VAR5770" enum_item_value="2" activate="1" />
<question_action master_question_mid="VAR6512" detail_question_mid="VAR5771" enum_item_value="2" activate="1" />
<question_action master_question_mid="VAR6878" detail_question_mid="VAR5792" enum_item_value="2" activate="1" />
<question_action master_question_mid="VAR6878" detail_question_mid="VAR5793" enum_item_value="2" activate="1" />
<question_action master_question_mid="VAR6514" detail_question_mid="VAR5794" enum_item_value="2" activate="1" />
<question_action master_question_mid="VAR6514" detail_question_mid="VAR5795" enum_item_value="2" activate="1" />
<question_action master_question_mid="VAR6516" detail_question_mid="VAR5796" enum_item_value="2" activate="1" />
<question_action master_question_mid="VAR6516" detail_question_mid="VAR5797" enum_item_value="2" activate="1" />
<question_action master_question_mid="VAR6517" detail_question_mid="VAR5772" enum_item_value="2" activate="1" />
<question_action master_question_mid="VAR6517" detail_question_mid="VAR5773" enum_item_value="2" activate="1" />
<question_action master_question_mid="VAR5059" detail_question_mid="VAR5768" enum_item_value="2" activate="1" />
<question_action master_question_mid="VAR5059" detail_question_mid="VAR5769" enum_item_value="2" activate="1" />
<question_action master_question_mid="VAR5059" detail_question_mid="VAR5060" enum_item_value="1" activate="1" />
<question_action master_question_mid="VAR5061" detail_question_mid="VAR5764" enum_item_value="2" activate="1" />
<question_action master_question_mid="VAR5061" detail_question_mid="VAR5765" enum_item_value="2" activate="1" />
<question_action master_question_mid="VAR5061" detail_question_mid="VAR5063" enum_item_value="1" activate="1" />
<question_action master_question_mid="VAR5061" detail_question_mid="VAR5062" enum_item_value="1" activate="1" />
<question_action master_question_mid="VAR6879" detail_question_mid="VAR6880" enum_item_value="2" activate="1" />
<question_action master_question_mid="VAR6879" detail_question_mid="VAR6881" enum_item_value="2" activate="1" />
<question_action master_question_mid="VAR6526" detail_question_mid="VAR5780" enum_item_value="2" activate="1" />
<question_action master_question_mid="VAR6526" detail_question_mid="VAR5781" enum_item_value="2" activate="1" />
<question_action master_question_mid="VAR6527" detail_question_mid="VAR5778" enum_item_value="2" activate="1" />
<question_action master_question_mid="VAR6527" detail_question_mid="VAR5779" enum_item_value="2" activate="1" />
<question_action master_question_mid="VAR5072" detail_question_mid="VAR5776" enum_item_value="2" activate="1" />
<question_action master_question_mid="VAR5072" detail_question_mid="VAR5777" enum_item_value="2" activate="1" />
<question_action master_question_mid="VAR6529" detail_question_mid="VAR5786" enum_item_value="2" activate="1" />
<question_action master_question_mid="VAR6529" detail_question_mid="VAR5787" enum_item_value="2" activate="1" />
<question_action master_question_mid="VAR6530" detail_question_mid="VAR5788" enum_item_value="2" activate="1" />
<question_action master_question_mid="VAR6530" detail_question_mid="VAR5789" enum_item_value="2" activate="1" />
<question_action master_question_mid="VAR6531" detail_question_mid="VAR5798" enum_item_value="2" activate="1" />
<question_action master_question_mid="VAR6531" detail_question_mid="VAR5799" enum_item_value="2" activate="1" />
</form>
