<?xml version="1.0" encoding="ISO-8859-1"?>
<form form_id="464" form_uid="GBD_TANNSTATUS" title="Tannstatus" calculate_invalid="False" rating_scale="False" status="Closed" repeatable="1" >
<instructions></instructions>

<!-- Start: Form enums, generated XML -->

<enumeration enumeration_uid="5678">
  <enum_item value="1" text="Ja" answer_id="30339" />
  <enum_item value="2" text="Nei" short_code="N" answer_id="30340" />
</enumeration>

<enumeration enumeration_uid="5679">
  <enum_item value="1" text="Ja" answer_id="30341" />
  <enum_item value="2" text="Nei" short_code="N" answer_id="30342" />
</enumeration>

<enumeration enumeration_uid="5680">
  <enum_item value="1" text="Ja" answer_id="30343" />
  <enum_item value="2" text="Nei" short_code="N" answer_id="30344" />
</enumeration>

<enumeration enumeration_uid="5681">
  <enum_item value="1" text="Ja" answer_id="30345" />
  <enum_item value="2" text="Nei" short_code="N" answer_id="30346" />
</enumeration>

<enumeration enumeration_uid="5682">
  <enum_item value="1" text="Ja" answer_id="30347" />
  <enum_item value="2" text="Nei" short_code="N" answer_id="30348" />
</enumeration>

<enumeration enumeration_uid="5683">
  <enum_item value="1" text="Ja" answer_id="30349" />
  <enum_item value="2" text="Nei" short_code="N" answer_id="30350" />
</enumeration>

<enumeration enumeration_uid="5684">
  <enum_item value="1" text="Ja" answer_id="30351" />
  <enum_item value="2" text="Nei" short_code="N" answer_id="30352" />
</enumeration>

<enumeration enumeration_uid="5685">
  <enum_item value="1" text="Ja" answer_id="30353" />
  <enum_item value="2" text="Nei" short_code="N" answer_id="30354" />
</enumeration>

<enumeration enumeration_uid="5687">
  <enum_item value="1" text="Ja" answer_id="30355" />
  <enum_item value="2" text="Nei" short_code="N" answer_id="30356" />
  <enum_item value="3" text="Ukjent" short_code="U" answer_id="30357" />
</enumeration>

<enumeration enumeration_uid="5688">
  <enum_item value="1" text="Tannlegevakt (lege tilkalles)" answer_id="30358" />
  <enum_item value="2" text="Tannlegetime innen 1-2 uker" answer_id="30359" />
  <enum_item value="3" text="Tannlegetime innen 3 mnd" answer_id="30360" />
  <enum_item value="4" text="Tannlegetime innen et &#229;r" answer_id="30361" />
  <enum_item value="5" text="Ikke behov for tannlegesjekk i overskuelig fremtid" answer_id="30362" />
</enumeration>

<!-- Start: Form items, generated XML -->

<question item_id="5678" mid="VAR5678" datatype="ORD" page_number="1" page_introduction="Opplysninger gjelder for de siste fem dager. Gjennomg&#229;s ved personale som kjenner beboer best." question_text="&#216;delagt eller altfor l&#248;st tilpasset tannprotese" optional="1" enumeration_uid="5678" help_text="(kantst&#248;tt, sprukket, uvaskbar, eller l&#248;s)" />
<question item_id="5679" mid="VAR5679" datatype="ORD" page_number="1" page_introduction="Opplysninger gjelder for de siste fem dager. Gjennomg&#229;s ved personale som kjenner beboer best." question_text="Ingen gjenv&#230;rende naturlige tenner eller tannfragmenter" optional="1" enumeration_uid="5679" />
<question item_id="5680" mid="VAR5680" datatype="ORD" page_number="1" page_introduction="Opplysninger gjelder for de siste fem dager. Gjennomg&#229;s ved personale som kjenner beboer best." question_text="Abnormal munn-slimhinne, tunge eller tannkj&#248;tt." optional="1" enumeration_uid="5680" help_text="(s&#229;r, oppfylninger, eller skader, inkludert under eventuell tannprotese)" />
<question item_id="5681" mid="VAR5681" datatype="ORD" page_number="1" page_introduction="Opplysninger gjelder for de siste fem dager. Gjennomg&#229;s ved personale som kjenner beboer best." question_text="Tydelig eller sannsynlig hull i tennene, eller brukne tenner" optional="1" enumeration_uid="5681" />
<question item_id="5682" mid="VAR5682" datatype="ORD" page_number="1" page_introduction="Opplysninger gjelder for de siste fem dager. Gjennomg&#229;s ved personale som kjenner beboer best." question_text="Betent eller bl&#248;dende tannkj&#248;tt, eller l&#248;se naturlige tenner" optional="1" enumeration_uid="5682" />
<question item_id="5683" mid="VAR5683" datatype="ORD" page_number="1" page_introduction="Opplysninger gjelder for de siste fem dager. Gjennomg&#229;s ved personale som kjenner beboer best." question_text="Munn- eller ansikts-smerte, ubehag eller vanskeligheter ved tygging" optional="1" enumeration_uid="5683" />
<question item_id="5684" mid="VAR5684" datatype="ORD" page_number="1" page_introduction="Opplysninger gjelder for de siste fem dager. Gjennomg&#229;s ved personale som kjenner beboer best." question_text="Ingen av de &#248;vrige punkter oppfylt" optional="1" enumeration_uid="5684" />
<question item_id="5685" mid="VAR5685" datatype="ORD" page_number="1" page_introduction="Opplysninger gjelder for de siste fem dager. Gjennomg&#229;s ved personale som kjenner beboer best." question_text="Unders&#248;kelse ikke gjennomf&#248;rbar" optional="1" enumeration_uid="5685" />
<question item_id="5686" mid="VAR5686" datatype="NAR" page_number="2" question_text="Spesifisering av grunn til ikke gjennomf&#248;rt unders&#248;kelse" optional="1" multiline="0" />
<question item_id="5687" mid="VAR5687" datatype="ORD" page_number="3" page_title="Tannlege-kontakt" question_text="Har beboer hatt tannlege-sjekk i l&#248;pet av det siste &#229;ret?" optional="1" enumeration_uid="5687" />
<question item_id="5688" mid="VAR5688" datatype="ORD" page_number="3" page_title="Tannlege-kontakt" question_text="Behov for ny tannlege-sjekk er vurdert av helsepersonell, og er:" optional="1" enumeration_uid="5688" />
<question item_id="5689" mid="VAR5689" datatype="DATE" page_number="4" page_title="Revurderingsdato" page_introduction="Tannstatus revurderes senest etter et &#229;r, tidligere kan spesifiseres ved spesifikke problemstillinger." question_text="Ny tannstatus-vurdering innen..." optional="1" />

<!-- Start: Form actions, generated XML -->

<question_action master_question_mid="VAR5685" detail_question_mid="VAR5686" enum_item_value="1" activate="1" />
</form>
