<?xml version="1.0" encoding="ISO-8859-1"?>
<form form_id="448" form_uid="SAMTALE_INNKOMST" title="Innkomstsamtale (langtid)" calculate_invalid="False" rating_scale="False" status="Closed" repeatable="1" >
<instructions>Innkomstsamtalen finner som regel sted etter ca 2 uker. Skjemaet gjennomg�es punktvis som sjekkliste under innkomstsamtalen. Kommentarfelter fylles ut ved behov. Minimum et referat fra samtalen fylles ut i GBD, i tillegg til administrative opplysninger. Ev. papirnotater legges i journal.</instructions>

<!-- Start: Form enums, generated XML -->

<enumeration enumeration_uid="121">
  <enum_item value="1" text="Innlagt for utredning." answer_id="168" />
  <enum_item value="2" text="Korttidsopphold." answer_id="169" />
  <enum_item value="3" text="Rehabiliteringsopphold." answer_id="170" />
  <enum_item value="4" text="Rullering." answer_id="171" />
  <enum_item value="5" text="Fast beboer." answer_id="17614" />
</enumeration>

<enumeration enumeration_uid="5452">
  <enum_item value="1" text="Ja | Pasienten bidrar med opplysinger." answer_id="29514" />
  <enum_item value="2" text="Nei | Pasienten kan ikke bidra med opplysninger." short_code="N" answer_id="29515" />
</enumeration>

<enumeration enumeration_uid="5455">
  <enum_item value="1" text="hjemmet." answer_id="29524" />
  <enum_item value="2" text="somatisk sykehus." answer_id="29525" />
  <enum_item value="3" text="psykiatrisk sykehus." answer_id="29526" />
  <enum_item value="4" text="sykehjem / aldershjem." answer_id="29527" />
  <enum_item value="5" text="Annet*" answer_id="29528" />
</enumeration>

<enumeration enumeration_uid="5456">
  <enum_item value="1" text="God" answer_id="29531" />
  <enum_item value="2" text="Middels" answer_id="29532" />
  <enum_item value="3" text="D&#229;rlig" answer_id="29533" />
</enumeration>

<enumeration enumeration_uid="5458">
  <enum_item value="1" text="Ja" answer_id="29539" />
  <enum_item value="2" text="Nei" short_code="N" answer_id="29540" />
</enumeration>

<!-- Start: Form items, generated XML -->

<question item_id="5451" mid="VAR5451" datatype="NAR" page_number="1" page_title="Kontekst" header="Tilstede" question_text="Hvem var tilstede under samtalen?" optional="1" multiline="1" />
<question item_id="5452" mid="VAR5452" datatype="ORD" page_number="1" page_title="Kontekst" header="Bidrag fra pasient" question_text="Er beboer i stand til &#229; bidra med opplysninger ved innkomstsamtalen?" optional="1" enumeration_uid="5452" />
<question item_id="5456" mid="VAR5456" datatype="ORD" page_number="1" page_title="Kontekst" header="Subjektiv helsetilstand" question_text="Hvordan oppleves beboerens helsetilstand (av seg selv, ev. p&#229;r&#248;rende)?" optional="1" enumeration_uid="5456" />
<question item_id="4085" mid="GBD_INNDATO" datatype="DATE" page_number="2" page_title="Administrativt" header="Ankom" question_text="N&#229;r kom pasienten kom inn p&#229; sykehjemmet?" optional="0" min_value="DOB" max_value="FORMDATE+7" help_text="Gjelder aktuelt opphold." group_id="GBD_INNDATO" />
<question item_id="5455" mid="VAR5455" datatype="ORD" page_number="2" page_title="Administrativt" header="Kommer fra" question_text="Hvor kommer pasienten fra?" optional="0" enumeration_uid="5455" />
<question item_id="5457" mid="VAR5457" datatype="NAR" page_number="3" header="Institusjon" question_text="Navn p&#229; ev. institusjon som pasienten innlegges fra" optional="1" multiline="0" />
<question item_id="5425" mid="VAR5425" datatype="NAR" page_number="4" page_title="Generell informasjon" question_text="Velkommen" optional="1" multiline="1" help_text="&#8226;	presenter deltakerne 
&#8226;	informere om hensikt med samtalen" />
<question item_id="5426" mid="VAR5426" datatype="NAR" page_number="4" page_title="Generell informasjon" question_text="Organisering" optional="1" multiline="1" help_text="&#8226;	informer om institusjonen 
&#8226;	organisering og ansvarsfordeling
&#8226;	prim&#230;r - og sekund&#230;rkontaktordning" />
<question item_id="5427" mid="VAR5427" datatype="NAR" page_number="4" page_title="Generell informasjon" question_text="M&#229;l og verdier for Bergen kommune:" optional="1" multiline="1" help_text="&#8226;	kort orientering om kommunens/ sykehjemmets visjon, m&#229;l og 
      verdigrunnlag" />
<question item_id="5428" mid="VAR5428" datatype="NAR" page_number="5" page_title="Gjennomgang status beboer" question_text="Forel&#248;big statusrapport" optional="1" multiline="1" help_text="&#8226;	hvordan har beboer funnet seg til rette i institusjonen?" />
<question item_id="5429" mid="VAR5429" datatype="NAR" page_number="5" page_title="Gjennomgang status beboer" question_text="Stellebeskrivelse/d&#248;gnrytmeplan:" optional="1" multiline="1" help_text="&#8226;       m&#229;l &#229; gi tilpasset hjelp i forhold til den enkeltes ressurser og behov
&#8226;	gjennomgang av utarbeidet stellebeskrivelse
&#8226;	suppler med informasjon som innhentes i l&#248;pet av samtalen med beboer/ p&#229;r&#248;rende" />
<question item_id="5430" mid="VAR5430" datatype="NAR" page_number="5" page_title="Gjennomgang status beboer" question_text="Akivitetsplan" optional="1" multiline="1" help_text="&#8226;	m&#229;l &#229; tilpasse aktiviteter til den enkeltes interesser 
&#8226;	gjennomgang av utarbeidet aktivitetsplan 
&#8226;	suppler med informasjon som innhentes i l&#248;pet av samtalen med beboer/ p&#229;r&#248;rende" />
<question item_id="5431" mid="VAR5431" datatype="NAR" page_number="5" page_title="Gjennomgang status beboer" question_text="Anamnese-/bakgrunnsopplysnings-skjema" optional="1" multiline="1" help_text="&#8226;	gjennomgang av utfylt skjema 
&#8226;	informer om hensikt" />
<question item_id="5433" mid="VAR5433" datatype="NAR" page_number="5" page_title="Gjennomgang status beboer" question_text="Ern&#230;ring" optional="1" multiline="1" help_text="&#8226;	gjennomgang av ern&#230;ringsstatus ved innkomst
&#8226;	matkort og m&#229;ltider - suppler med informasjon som innhentes i l&#248;pet av samtalen med beboer/ p&#229;r&#248;rende" />
<question item_id="5434" mid="VAR5434" datatype="NAR" page_number="5" page_title="Gjennomgang status beboer" question_text="Kommunikasjon/informasjon/samarbeid" optional="1" multiline="1" help_text="&#8226;	avklar forventninger begge veier
&#8226;	fyll ut samarbeidsavtale med beboer/p&#229;r&#248;rende" />
<question item_id="5435" mid="VAR5435" datatype="NAR" page_number="6" page_title="Praktisk informasjon" question_text="Flytting" optional="1" multiline="1" help_text="&#8226;	dersom beboer bor p&#229; korttidsavdeling, informere om flytting til langtidsavdeling
&#8226;	evt. mulighet for flytting til annen institusjon
&#8226;	informere om at intern flytting kan bli aktuelt p&#229; senere tidspunkt dersom beboers tilstand endrer seg, eller av andre s&#230;rlige grunner" />
<question item_id="5436" mid="VAR5436" datatype="NAR" page_number="6" page_title="Praktisk informasjon" question_text="&#216;konomi" optional="1" multiline="1" help_text="&#8226;	hvem h&#229;ndterer beboer sin &#248;konomi ? 
&#8226;	har beboer hjelpeverge eller b&#248;r det opprettes? 
&#8226;	informere om mulighet for disponeringsvedtak
&#8226;	eventuelt henvise til kontakt med institusjonssjef/&#248;konomiansvarlig for avtale vedr&#248;rende &#248;konomi
&#8226;	informasjon om at penger/verdisaker oppbevares p&#229; beboerrom p&#229; eget ansvar. 
&#8226;	utdelt &quot;retningslinjer for dekning av diverse utgifter&quot;" />
<question item_id="5437" mid="VAR5437" datatype="NAR" page_number="6" page_title="Praktisk informasjon" question_text="Telefon" optional="1" multiline="1" help_text="&#8226;	informasjon om mulighet for telefon p&#229; beboerrom, eventuelt l&#229;n av telefon i avdelingen" />
<question item_id="5438" mid="VAR5438" datatype="NAR" page_number="6" page_title="Praktisk informasjon" question_text="M&#248;bler/inventar" optional="1" multiline="1" help_text="&#8226;	informasjon om hva som kan v&#230;re fornuftig &#229; ha p&#229; rommet
&#8226;	unng&#229; overm&#248;blering, behov for plass til forflytningshjelpemidler 
&#8226;	mulighet for TV/radio
&#8226;	felles NRK-lisens" />
<question item_id="5439" mid="VAR5439" datatype="NAR" page_number="6" page_title="Praktisk informasjon" question_text="Innkj&#248;p" optional="1" multiline="1" help_text="&#8226;	avklare hvem som kj&#248;per hva (kl&#230;r, toalettsaker, etc.)
&#8226;	hva holder institusjonen" />
<question item_id="5440" mid="VAR5440" datatype="NAR" page_number="6" page_title="Praktisk informasjon" question_text="Post" optional="1" multiline="1" help_text="&#8226;	avklare hvem som skal ha post
&#8226;	sjekke om flyttemelding til folkeregisteret er fylt ut og sendt
p&#229;r&#248;rende sender eventuelt melding om adresseendring til aktuelle postavsendere" />
<question item_id="5441" mid="VAR5441" datatype="NAR" page_number="6" page_title="Praktisk informasjon" question_text="Brannforebygging" optional="1" multiline="1" help_text="&#8226;	Informasjon om r&#248;ykeforbud
&#8226;	Informasjon om egne r&#248;ykerom, om institusjonen har det 
&#8226;	Bestilt/utf&#248;rt kontroll av elektrisk utstyr" />
<question item_id="5442" mid="VAR5442" datatype="NAR" page_number="7" page_title="Informasjon om tilbud og tjenester" question_text="Legetjeneste" optional="1" multiline="1" help_text="&#8226;	legetjeneste ved institusjonen
&#8226;	mulighet for samtale med legen ved behov
&#8226;	avklare forventninger i forhold til behandling" />
<question item_id="5443" mid="VAR5443" datatype="NAR" page_number="7" page_title="Informasjon om tilbud og tjenester" question_text="&#216;vrige tilbud/tjenester" optional="1" multiline="1" help_text="&#8226;	fris&#248;r
&#8226;	fotpleie
&#8226;	tannlege
&#8226;	fysio - ergoterapi
&#8226;	prestetjeneste
&#8226;	Annet" />
<question item_id="5444" mid="VAR5444" datatype="NAR" page_number="7" page_title="Informasjon om tilbud og tjenester" question_text="Aktivitetsplan" optional="1" multiline="1" help_text="&#8226;	aktivitetstilbudet ved institusjonen
&#8226;	informere om hvor oppslag er tilgjengelig" />
<question item_id="5445" mid="VAR5445" datatype="NAR" page_number="7" page_title="Informasjon om tilbud og tjenester" question_text="Samarbeidsutvalg" optional="1" multiline="1" help_text="&#8226;	informere om institusjonens samarbeidsutvalg" />
<question item_id="5446" mid="VAR5446" datatype="NAR" page_number="7" page_title="Informasjon om tilbud og tjenester" question_text="Oppf&#248;lgingssamtale" optional="1" multiline="1" help_text="&#8226;	informer om &#229;rlig oppf&#248;lgingssamtale" />
<question item_id="5447" mid="VAR5447" datatype="NAR" page_number="7" page_title="Informasjon om tilbud og tjenester" question_text="Sp&#248;rsm&#229;l fra beboer/p&#229;r&#248;rende" optional="1" multiline="1" help_text="&#8226;	avklare om beboer/p&#229;r&#248;rende har andre sp&#248;rsm&#229;l
&#8226;	invitere til &#229; ta kontakt n&#229;r de har sp&#248;rsm&#229;l/ behov for avklaringer" />
<question item_id="5458" mid="VAR5458" datatype="ORD" page_number="8" page_title="Oppsummering" question_text="Er alle punkter i skjemaet gjennomg&#229;tt?" optional="0" carry_forward="1" enumeration_uid="5458" />
<question item_id="5450" mid="VAR5450" datatype="NAR" page_number="8" page_title="Oppsummering" question_text="Oppsummering" optional="0" multiline="1" />
<question item_id="121" mid="OPPHOLDSTYPE" datatype="ORD" page_number="9" question_text="Oppholdstype" optional="0" visible="0" expression="5" enumeration_uid="121" help_text="Husk &#229; oppdatere &quot;Statusfeltet&quot; &#248;verst p&#229; skjermen!" group_id="OPPHOLDSTYPE" />

<!-- Start: Form actions, generated XML -->

<question_action master_question_mid="VAR5455" detail_question_mid="VAR5457" enum_item_value="1" activate="6" />
</form>
