<?xml version="1.0" encoding="ISO-8859-1"?>
<form form_id="311" form_uid="GBD_HENVISNING" title="Henvisning" calculate_invalid="False" rating_scale="False" status="Open" repeatable="1" >
<instructions></instructions>

<!-- Start: Form enums, generated XML -->


<!-- Start: Form items, generated XML -->

<question item_id="3551" mid="BREV_INSTITUSJON" datatype="NAR" page_number="1" page_title="Henvises til" question_text="Institusjon" optional="0" multiline="0" help_text="Institusjonen pasienten henvises til" group_id="BREV_INSTITUSJON" />
<question item_id="3552" mid="BREV_AVDELING" datatype="NAR" page_number="1" page_title="Henvises til" question_text="Avdeling" optional="1" multiline="0" help_text="Avdelingen det henvises til" group_id="BREV_AVDELING" />
<question item_id="3630" mid="BREV_ADRESSE" datatype="NAR" page_number="1" page_title="Henvises til" question_text="Adresse" optional="1" multiline="0" help_text="Henvisningsstedets adresse" group_id="BREV_ADRESSE" />
<question item_id="3631" mid="BREV_POSTNUMMER" datatype="NAR" page_number="1" page_title="Henvises til" question_text="Postnummer" optional="0" multiline="0" help_text="Henvisningsstedets postnummer" group_id="BREV_POSTNUMMER" />
<question item_id="3632" mid="BREV_POSTSTED" datatype="NAR" page_number="1" page_title="Henvises til" question_text="Poststed" optional="0" multiline="0" help_text="Henvisningsstedets poststed" group_id="BREV_POSTSTED" />
<question item_id="3634" mid="BREV_KONTAKT" datatype="NAR" page_number="1" page_title="Henvises til" question_text="Kontaktperson" optional="1" multiline="0" help_text="Kontaktperson p&#229; henvisningsstedet" group_id="BREV_KONTAKT" />
<question item_id="3633" mid="BREV_TELEFON" datatype="NAR" page_number="1" page_title="Henvises til" question_text="Telefonnummer" optional="1" multiline="0" help_text="Telefonnummer til kontaktperson p&#229; henvisningsstedet" group_id="BREV_TELEFON" />
<question item_id="928" mid="OH_DIAGNOSE" datatype="NAR" page_number="2" page_title="Problemstilling" question_text="Problemstilling (stikkord)" optional="0" multiline="0" group_id="OH_DIAGNOSE" />

<!-- Start: Form actions, generated XML -->

</form>
