<?xml version="1.0" encoding="ISO-8859-1"?>
<form form_id="659" form_uid="GbdElimDusj" title="Eliminasjon og dusj" calculate_invalid="False" rating_scale="False" status="Open" repeatable="1" >
<instructions></instructions>

<!-- Start: Form enums, generated XML -->

<enumeration enumeration_uid="8102">
  <enum_item value="1" text="Ingen | Ingen avf&#248;ring." answer_id="43383" />
  <enum_item value="2" text="Litt - A1 | Litt avf&#248;ring" answer_id="43384" />
  <enum_item value="3" text="Normal mengde - A2 | Normal mengde avf&#248;ring." answer_id="43385" />
  <enum_item value="4" text="Mye - A3 | Mye avf&#248;ring." answer_id="43386" />
</enumeration>

<enumeration enumeration_uid="8103">
  <enum_item value="1" text="Hard." answer_id="43389" />
  <enum_item value="2" text="Normal." answer_id="43390" />
  <enum_item value="3" text="Diar&#233;." answer_id="43391" />
  <enum_item value="4" text="L&#248;s avf&#248;ring." answer_id="55230" />
</enumeration>

<enumeration enumeration_uid="8104">
  <enum_item value="1" text="Nei" answer_id="43396" />
  <enum_item value="2" text="Ja" answer_id="43397" />
  <enum_item value="3" text="Ukjent" answer_id="43398" />
</enumeration>

<enumeration enumeration_uid="8105">
  <enum_item value="1" text="Ingen urin." answer_id="43399" />
  <enum_item value="2" text="Lite urin." answer_id="43400" />
  <enum_item value="3" text="Normal mengde urin." answer_id="43401" />
  <enum_item value="4" text="Mye urin." answer_id="43402" />
</enumeration>

<enumeration enumeration_uid="8107">
  <enum_item value="1" text="Lys | Lys urin." answer_id="43407" />
  <enum_item value="2" text="Normal | Normal farge p&#229; urin." answer_id="43408" />
  <enum_item value="3" text="M&#248;rk | M&#248;rk urin." answer_id="43409" />
</enumeration>

<enumeration enumeration_uid="8108">
  <enum_item value="1" text="Ja | Klar urin." short_code="J" answer_id="43415" />
  <enum_item value="2" text="Nei | Urinen er grumset/blakket." short_code="N" answer_id="43416" />
</enumeration>

<enumeration enumeration_uid="8299">
  <enum_item value="1" text="Ja | Dusjet i dag." short_code="J" answer_id="44609" />
  <enum_item value="2" text="Nei" short_code="N" answer_id="44610" />
</enumeration>

<!-- Start: Form items, generated XML -->

<question item_id="8102" mid="VAR8102" datatype="ORD" page_number="1" page_title="Avf&#248;ring" question_text="Avf&#248;ring" optional="1" enumeration_uid="8102" />
<question item_id="8103" mid="VAR8103" datatype="ORD" page_number="2" question_text="Konsistens" optional="1" enumeration_uid="8103" />
<question item_id="8104" mid="VAR8104" datatype="ORD" page_number="3" question_text="Avf&#248;ringsmidler" optional="1" enumeration_uid="8104" />
<question item_id="8109" mid="VAR8109" datatype="NAR" page_number="3" question_text="Kommentar" optional="1" multiline="1" />
<question item_id="8105" mid="VAR8105" datatype="ORD" page_number="4" page_title="Urin" question_text="Urinmengde" optional="1" enumeration_uid="8105" />
<question item_id="8106" mid="VAR8106" datatype="QN" page_number="5" question_text="Mengde (mL)" optional="1" min_value="10" max_value="2000" units="mL" help_text="Hvis m&#229;lt" />
<question item_id="8107" mid="VAR8107" datatype="ORD" page_number="6" header="Farge" question_text="Urinens farge" optional="1" enumeration_uid="8107" />
<question item_id="8108" mid="VAR8108" datatype="ORD" page_number="6" header="Klar urin" question_text="Er urinen klar?" optional="1" enumeration_uid="8108" />
<question item_id="8110" mid="VAR8110" datatype="NAR" page_number="7" question_text="Kommentar" optional="1" multiline="1" />
<question item_id="8299" mid="VAR8299" datatype="ORD" page_number="8" page_title="Dusj" question_text="Dusjet i dag" optional="1" enumeration_uid="8299" />

<!-- Start: Form actions, generated XML -->

<question_action master_question_mid="VAR8102" detail_question_mid="VAR8103" enum_item_value="2" activate="1" />
<question_action master_question_mid="VAR8102" detail_question_mid="VAR8103" enum_item_value="3" activate="1" />
<question_action master_question_mid="VAR8102" detail_question_mid="VAR8103" enum_item_value="4" activate="1" />
<question_action master_question_mid="VAR8105" detail_question_mid="VAR8106" enum_item_value="1" activate="6" />
<question_action master_question_mid="VAR8105" detail_question_mid="VAR8107" enum_item_value="1" activate="6" />
<question_action master_question_mid="VAR8105" detail_question_mid="VAR8108" enum_item_value="1" activate="6" />
</form>
