<?xml version="1.0" encoding="ISO-8859-1"?>
<form form_id="312" form_uid="GBD_EKG" title="EKG beskrivelse" calculate_invalid="False" rating_scale="False" status="Closed" repeatable="1" >
<instructions></instructions>

<!-- Start: Form enums, generated XML -->

<enumeration enumeration_uid="226">
  <enum_item value="1" text="Ja | Sinusrytme." short_code="J" answer_id="380" />
  <enum_item value="2" text="Nei | Ikke sinusrytme." short_code="N" answer_id="381" />
</enumeration>

<enumeration enumeration_uid="228">
  <enum_item value="1" text="Normal | Normal akse." answer_id="388" />
  <enum_item value="2" text="H.akse (1+2 er positive) | H&#248;yre akse." answer_id="389" />
  <enum_item value="3" text="V.akse (2+3 er negative) | Venstre akse." answer_id="390" />
</enumeration>

<enumeration enumeration_uid="229">
  <enum_item value="1" text="Nei*" short_code="N" answer_id="391" />
  <enum_item value="2" text="H&#248;yre grenblokk (Stor M i v1)" answer_id="392" />
  <enum_item value="3" text="Venstre Grenblokk (Stor V i v1)" answer_id="393" />
</enumeration>

<enumeration enumeration_uid="230">
  <enum_item value="1" text="Ja | Kjent fra tidligere." short_code="J" answer_id="394" />
  <enum_item value="2" text="Nei | Ikke kjent fra tidligere." short_code="N" answer_id="395" />
  <enum_item value="3" text="Ukjent | Usikkert om dette er nytt." short_code="U" answer_id="396" />
</enumeration>

<enumeration enumeration_uid="231">
  <enum_item value="1" text="Nei*" short_code="N" answer_id="397" />
  <enum_item value="2" text="Ja, nedre vegg (2.3. og aVF) | ST-hevning nedre vegg." answer_id="398" />
  <enum_item value="3" text="Ja, fremre vegg (v1-v6) | ST-hevning fremre vegg." answer_id="399" />
  <enum_item value="4" text="Ja, nedre- og fremre vegg | ST-hevning b&#229;de nedre og fremre vegg." answer_id="400" />
</enumeration>

<enumeration enumeration_uid="232">
  <enum_item value="1" text="Nei*" short_code="N" answer_id="401" />
  <enum_item value="2" text="Ja, NV (II, III,aVF) | T-inversjon nedre vegg." answer_id="402" />
  <enum_item value="3" text="Ja, FV (flere  av v1-v6) | T-inversjon fremre vegg." answer_id="403" />
</enumeration>

<enumeration enumeration_uid="233">
  <enum_item value="1" text="Nei*" short_code="N" answer_id="404" />
  <enum_item value="2" text="Ja, nedre vegg (2.3. og aVF) | ST-depresjon nedre vegg." answer_id="405" />
  <enum_item value="3" text="Ja, fremre vegg (v1-v6) | ST-depresjon fremre vegg." answer_id="406" />
  <enum_item value="4" text="Ja, nedre- og fremre vegg | ST-depresjon nedre og fremre vegg." answer_id="407" />
</enumeration>

<enumeration enumeration_uid="4227">
  <enum_item value="1" text="Ja | Atrieflimmer." short_code="J" answer_id="22675" />
  <enum_item value="2" text="Nei*" short_code="N" answer_id="22676" />
</enumeration>

<enumeration enumeration_uid="4228">
  <enum_item value="1" text="Ja | VES." short_code="J" answer_id="22680" />
  <enum_item value="2" text="Nei*" short_code="N" answer_id="22681" />
</enumeration>

<enumeration enumeration_uid="4229">
  <enum_item value="1" text="Ja | SVES." short_code="J" answer_id="22682" />
  <enum_item value="2" text="Nei*" short_code="N" answer_id="22683" />
</enumeration>

<enumeration enumeration_uid="4230">
  <enum_item value="1" text="Ja | AV-blokk." short_code="J" answer_id="22686" />
  <enum_item value="2" text="Nei*" short_code="N" answer_id="22687" />
</enumeration>

<enumeration enumeration_uid="4231">
  <enum_item value="1" text="1" answer_id="22688" />
  <enum_item value="2" text="2" answer_id="22689" />
</enumeration>

<!-- Start: Form items, generated XML -->

<question item_id="226" mid="EKG_SINUS" datatype="ORD" page_number="1" page_title="Rytme og blokk" question_text="Sinusrytme?" optional="0" enumeration_uid="226" group_id="EKG_SINUS" />
<question item_id="4227" mid="EKG_AF" datatype="ORD" page_number="2" question_text="Atrieflimmer" optional="0" enumeration_uid="4227" group_id="EKG_AF" />
<question item_id="4228" mid="EKG_VES" datatype="ORD" page_number="2" question_text="Ventrikul&#230;re ekstrasystoler" optional="0" enumeration_uid="4228" group_id="EKG_VES" />
<question item_id="4229" mid="EKG_SVES" datatype="ORD" page_number="2" question_text="Supraventrikul&#230;re ekstrasystoler" optional="0" enumeration_uid="4229" group_id="EKG_SVES" />
<question item_id="4230" mid="EKG_AV_BLOKK" datatype="ORD" page_number="3" question_text="AV-blokk" optional="0" enumeration_uid="4230" group_id="EKG_AV_BLOKK" />
<question item_id="4231" mid="EKG_MOBITZ" datatype="ORD" page_number="4" question_text="Mobitz type" optional="0" enumeration_uid="4231" group_id="EKG_MOBITZ" />
<question item_id="228" mid="EKG_AKSE123" datatype="ORD" page_number="5" question_text="Akse bed&#248;mt ut fra 1.2.3. standard" optional="0" enumeration_uid="228" group_id="EKG_AKSE123" />
<question item_id="3482" mid="HECG_MI" datatype="H1" page_number="6" question_text="Infarkttegn" optional="0" group_id="HECG_MI" />
<question item_id="229" mid="EKG_GRENBLOKK" datatype="ORD" page_number="6" header="Grenblokk" question_text="Har pasient h&#248;yre eller venstre grenblokk?" optional="0" enumeration_uid="229" group_id="EKG_GRENBLOKK" />
<question item_id="230" mid="EKG_KJENT" datatype="ORD" page_number="7" header="Er grenblokket kjent fra tidligere" question_text="Er grenblokket kjent fra tidligere (om ikke, mulig ferskt infarkt)" optional="0" enumeration_uid="230" group_id="EKG_KJENT" />
<question item_id="231" mid="EKG_ST" datatype="ORD" page_number="8" header="ST-hevning &gt; 2 mm i flere avledninger?" question_text="ST-hevning &gt; 2 mm i flere avledninger? (Obs. Infarkt)" optional="0" enumeration_uid="231" group_id="EKG_ST" />
<question item_id="232" mid="EKG_TINVERS" datatype="ORD" page_number="8" question_text="T-inversjoner?" optional="0" enumeration_uid="232" group_id="EKG_TINVERS" />
<question item_id="233" mid="EKG_BELASTNING" datatype="ORD" page_number="9" page_title="Belastningstegn" question_text="ST-depresjon" optional="0" enumeration_uid="233" help_text="ST-depresjon er et belastningstegn, obs. angina pectoris." group_id="EKG_BELASTNING" />

<!-- Start: Form actions, generated XML -->

<question_action master_question_mid="EKG_SINUS" detail_question_mid="EKG_AF" enum_item_value="2" activate="1" />
<question_action master_question_mid="EKG_SINUS" detail_question_mid="EKG_VES" enum_item_value="2" activate="1" />
<question_action master_question_mid="EKG_SINUS" detail_question_mid="EKG_SVES" enum_item_value="2" activate="1" />
<question_action master_question_mid="EKG_AV_BLOKK" detail_question_mid="EKG_MOBITZ" enum_item_value="1" activate="1" />
<question_action master_question_mid="EKG_GRENBLOKK" detail_question_mid="EKG_KJENT" enum_item_value="2" activate="1" />
<question_action master_question_mid="EKG_GRENBLOKK" detail_question_mid="EKG_KJENT" enum_item_value="3" activate="1" />
</form>
