<?xml version="1.0" encoding="ISO-8859-1"?>
<form form_id="527" form_uid="GBD_INN_KORTTID" title="Innkomstsamtale (korttid)" calculate_invalid="False" status="Open" repeatable="1" >
<instructions></instructions>

<!-- Start: Form enums, generated XML -->

<enumeration enumeration_uid="121">
  <enum_item value="1" text="Innlagt for utredning." answer_id="168" />
  <enum_item value="2" text="Korttidsopphold." answer_id="169" />
  <enum_item value="3" text="Rehabiliteringsopphold." answer_id="170" />
  <enum_item value="4" text="Rullering." answer_id="171" />
  <enum_item value="5" text="Fast beboer." answer_id="17614" />
</enumeration>

<enumeration enumeration_uid="122">
  <enum_item value="1" text="ektefelle | Ektefelle:" answer_id="180" />
  <enum_item value="2" text="datter/s&#248;nn | Datter/s&#248;nn:" answer_id="181" />
  <enum_item value="3" text="bror/s&#248;ster | Bror/s&#248;ster:" answer_id="182" />
  <enum_item value="4" text="annet slektskap | Slektning:" answer_id="183" />
  <enum_item value="5" text="samboer | Samboer:" answer_id="184" />
</enumeration>

<enumeration enumeration_uid="718">
  <enum_item value="1" score="0" text="Normalt syn." answer_id="1119" />
  <enum_item value="2" score="1" text="Redusert syn." answer_id="1120" />
  <enum_item value="3" score="2" text="Har gangsyn." answer_id="1121" />
  <enum_item value="4" score="3" text="Er blind." answer_id="1122" />
  <enum_item value="5" score="4" text="Ikke mulig &#229; vurdere syn." answer_id="15820" />
</enumeration>

<enumeration enumeration_uid="719">
  <enum_item value="1" score="0" text="Normal h&#248;rsel." answer_id="1123" />
  <enum_item value="2" score="1" text="Kan ikke f&#248;re vanlig samtale." answer_id="1124" />
  <enum_item value="3" score="2" text="D&#248;v." answer_id="1125" />
  <enum_item value="4" score="3" text="Ikke mulig &#229; vurdere h&#248;rsel." answer_id="15832" />
</enumeration>

<enumeration enumeration_uid="734">
  <enum_item value="1" score="0" text="uten hjelp/st&#248;tte." answer_id="1191" />
  <enum_item value="2" score="1" text="med noe hjelp (stokk, krykker el.l.)." answer_id="1192" />
  <enum_item value="3" score="2" text="med mye hjelp (levende st&#248;tte el. rullator)." answer_id="1193" />
  <enum_item value="4" score="3" text="Forflytter seg selv i rullestol." answer_id="1194" />
  <enum_item value="5" score="4" text="Sitter i en stol om dagen, kan ikke bruke rullestol." answer_id="1195" />
  <enum_item value="6" score="5" text="Bundet til sengen." answer_id="15955" />
</enumeration>

<enumeration enumeration_uid="1012">
  <enum_item value="1" text="Ja" answer_id="58736" />
  <enum_item value="2" text="Nei" answer_id="58737" />
</enumeration>

<enumeration enumeration_uid="1078">
  <enum_item value="1" text="Ja" answer_id="10016" />
  <enum_item value="2" text="Nei" answer_id="10017" />
</enumeration>

<enumeration enumeration_uid="1080">
  <enum_item value="1" text="Ja | Stratify er utfylt." answer_id="58925" />
  <enum_item value="2" text="Nei" answer_id="58926" />
</enumeration>

<enumeration enumeration_uid="3434">
  <enum_item value="1" text="Enebolig/rekkehus." answer_id="17620" />
  <enum_item value="2" text="Egen leilighet." answer_id="17621" />
  <enum_item value="3" text="Leid leilighet." answer_id="17622" />
  <enum_item value="4" text="Offentlig boligtilbud." answer_id="17623" />
  <enum_item value="5" text="Uten eget boligtilbud." answer_id="17624" />
</enumeration>

<enumeration enumeration_uid="3444">
  <enum_item value="1" text="Ja | Fastlege:" short_code="J" answer_id="17687" />
  <enum_item value="2" text="Nei | Har ikke fastlege." short_code="N" answer_id="17688" />
</enumeration>

<enumeration enumeration_uid="5455">
  <enum_item value="1" text="hjemmet." answer_id="29524" />
  <enum_item value="2" text="somatisk sykehus." answer_id="29525" />
  <enum_item value="3" text="psykiatrisk sykehus." answer_id="29526" />
  <enum_item value="4" text="sykehjem / aldershjem." answer_id="29527" />
  <enum_item value="5" text="Annet*" answer_id="29528" />
</enumeration>

<enumeration enumeration_uid="5505">
  <enum_item value="1" text="Ja" answer_id="29705" />
  <enum_item value="2" text="Nei" short_code="N" answer_id="29706" />
</enumeration>

<enumeration enumeration_uid="5561">
  <enum_item value="1" text="Ja" answer_id="29880" />
  <enum_item value="2" text="Nei" short_code="N" answer_id="29881" />
</enumeration>

<enumeration enumeration_uid="5562">
  <enum_item value="1" text="Ja" answer_id="29882" />
  <enum_item value="2" text="Nei" short_code="N" answer_id="29883" />
</enumeration>

<enumeration enumeration_uid="5563">
  <enum_item value="1" text="Ja" answer_id="29884" />
  <enum_item value="2" text="Nei" short_code="N" answer_id="29885" />
</enumeration>

<enumeration enumeration_uid="5564">
  <enum_item value="1" text="Ja" answer_id="29886" />
  <enum_item value="2" text="Nei" short_code="N" answer_id="29887" />
</enumeration>

<enumeration enumeration_uid="5565">
  <enum_item value="1" text="Ja" answer_id="29888" />
  <enum_item value="2" text="Nei" short_code="N" answer_id="29889" />
</enumeration>

<enumeration enumeration_uid="5596">
  <enum_item value="1" text="Ja" answer_id="29915" />
  <enum_item value="2" text="Ja, i privat dosett" answer_id="29916" />
  <enum_item value="3" text="Nei" answer_id="29917" />
</enumeration>

<enumeration enumeration_uid="5597">
  <enum_item value="1" text="Pasienten selv" answer_id="29918" />
  <enum_item value="2" text="P&#229;r&#248;rende" answer_id="29919" />
  <enum_item value="3" text="Hjemmesykepleie" answer_id="29920" />
</enumeration>

<enumeration enumeration_uid="5611">
  <enum_item value="1" text="Ja" answer_id="29946" />
  <enum_item value="2" text="Nei" short_code="N" answer_id="29947" />
</enumeration>

<enumeration enumeration_uid="5613">
  <enum_item value="1" text="Ja" answer_id="29948" />
  <enum_item value="2" text="Nei" short_code="N" answer_id="29949" />
</enumeration>

<enumeration enumeration_uid="5621">
  <enum_item value="1" text="Operasjon" answer_id="30051" />
  <enum_item value="2" text="Nedsatt allmenntilstand/funksjonstap" answer_id="30052" />
  <enum_item value="3" text="Lindrende behandling" answer_id="30053" />
  <enum_item value="4" text="Infeksjon" answer_id="30054" />
  <enum_item value="5" text="Hjerneslag" answer_id="30055" />
  <enum_item value="6" text="Bruddskade, uten operasjon" answer_id="30056" />
  <enum_item value="7" text="Avlastning for p&#229;r&#248;rende" answer_id="30057" />
  <enum_item value="8" text="Annet" answer_id="30058" />
  <enum_item value="9" text="Utredning" answer_id="58375" />
</enumeration>

<enumeration enumeration_uid="6103">
  <enum_item value="1" text="Ja" answer_id="32215" />
  <enum_item value="2" text="Nei" answer_id="32216" />
</enumeration>

<enumeration enumeration_uid="6104">
  <enum_item value="1" text="Ja | Stellebeskrivelse utfylt." answer_id="32217" />
  <enum_item value="2" text="Nei" answer_id="32218" />
</enumeration>

<enumeration enumeration_uid="6106">
  <enum_item value="1" text="Ja | Sosial anamnese er utfylt." answer_id="32221" />
  <enum_item value="2" text="Nei" answer_id="32222" />
</enumeration>

<enumeration enumeration_uid="6107">
  <enum_item value="1" text="Ja | Ern&#230;ringsplan er utfylt." answer_id="32223" />
  <enum_item value="2" text="Nei" answer_id="32224" />
</enumeration>

<!-- Start: Form items, generated XML -->

<question item_id="121" mid="OPPHOLDSTYPE" datatype="ORD" page_number="1" page_title="Opphold" question_text="Oppholdstype" optional="0" carry_forward="1" enumeration_uid="121" help_text="Husk &#229; oppdatere &quot;Statusfeltet&quot; &#248;verst p&#229; skjermen!" group_id="OPPHOLDSTYPE" />
<question item_id="4085" mid="GBD_INNDATO" datatype="DATE" page_number="1" page_title="Opphold" header="Ankom" question_text="N&#229;r kom pasienten kom inn p&#229; sykehjemmet?" optional="0" carry_forward="1" min_value="DOB" max_value="FORMDATE+7" help_text="Gjelder aktuelt opphold." group_id="GBD_INNDATO" />
<question item_id="5455" mid="VAR5455" datatype="ORD" page_number="1" page_title="Opphold" header="Kommer fra" question_text="Hvor kommer pasienten fra?" optional="0" carry_forward="1" enumeration_uid="5455" />
<question item_id="5457" mid="VAR5457" datatype="NAR" page_number="2" header="Institusjon" question_text="Navn p&#229; ev. institusjon som pasienten innlegges fra" optional="1" carry_forward="1" multiline="0" />
<question item_id="5621" mid="VAR5621" datatype="ORD" page_number="3" question_text="Bakgrunn for oppholdet" optional="0" enumeration_uid="5621" help_text="Eventuell hendelse eller forhold i l&#248;pet av de siste 3. m&#229;neder som bakgrunn for oppholdet" />
<question item_id="5622" mid="VAR5622" datatype="NAR" page_number="4" question_text="Beskrivelse av annen &#229;rsak" optional="0" multiline="1" />
<question item_id="5559" mid="VAR5559" datatype="NAR" page_number="5" page_title="M&#229;l for oppholdet" header="M&#229;l/bestilling" question_text="Hva er hovedform&#229;let med sykehjemsoppholdet?" optional="0" multiline="1" help_text="Jamf&#248;r med vedtak fra forvaltningen.
" />
<question item_id="3444" mid="FASTLEGE" datatype="ORD" page_number="7" page_title="Fastlege" question_text="Har egen fastlege" optional="0" enumeration_uid="3444" group_id="FASTLEGE" />
<question item_id="3428" mid="DOCNAME" datatype="NAR" page_number="8" header="Navn*" question_text="Fastlegens navn" optional="0" carry_forward="1" exclude_caption="1" multiline="0" group_id="DOCNAME" />
<question item_id="3429" mid="DOCADDRESS" datatype="NAR" page_number="8" header="Adresse*" question_text="Fastlegens adresse" optional="0" carry_forward="1" exclude_caption="1" multiline="0" group_id="DOCADDRESS" />
<question item_id="3430" mid="DOCZIP" datatype="NAR" page_number="8" header="Postnummer*" question_text="Fastlegens postnummer" optional="0" carry_forward="1" exclude_caption="1" multiline="0" group_id="DOCZIP" />
<question item_id="3431" mid="DOCCITY" datatype="NAR" page_number="8" header="Poststed*" question_text="Fastlegens poststed" optional="0" carry_forward="1" exclude_caption="1" multiline="0" group_id="DOCCITY" />
<question item_id="3432" mid="DOCPHONE" datatype="NAR" page_number="8" header="Telefon*" question_text="Fastlegens telefonnummer" optional="0" carry_forward="1" exclude_caption="1" multiline="0" group_id="DOCPHONE" />
<question item_id="4391" mid="SONE_HJEMMESPL" datatype="NAR" page_number="9" question_text="Sone" optional="0" carry_forward="1" multiline="0" help_text="Sone for hjemmesykepleien" group_id="SONE_HJEMMESPL" />
<question item_id="122" mid="NEXTOFKIN_TYPE" datatype="ORD" page_number="10" page_title="N&#230;rmeste p&#229;r&#248;rende" header="N&#230;rmeste p&#229;r&#248;rende" question_text="Hva er pasientens relasjon til n&#230;rmeste p&#229;r&#248;rende?" optional="0" carry_forward="1" enumeration_uid="122" group_id="NEXTOFKIN_TYPE" />
<question item_id="3426" mid="NEXTOFKIN_NAME" datatype="NAR" page_number="10" page_title="N&#230;rmeste p&#229;r&#248;rende" header="Navn*" question_text="N&#230;rmeste p&#229;r&#248;rende" optional="0" carry_forward="1" exclude_caption="1" multiline="0" group_id="NEXTOFKIN_NAME" />
<question item_id="3424" mid="NEXTOFKIN_ADDRESS" datatype="NAR" page_number="10" page_title="N&#230;rmeste p&#229;r&#248;rende" header="Adresse*" question_text="Gate/postadresse for n&#230;rmeste p&#229;r&#248;rende" optional="1" carry_forward="1" exclude_caption="1" multiline="0" group_id="NEXTOFKIN_ADDRESS" />
<question item_id="3433" mid="NEXTOFKIN_ZIP" datatype="NAR" page_number="10" page_title="N&#230;rmeste p&#229;r&#248;rende" header="Postnummer*" question_text="Postnummer for n&#230;rmeste p&#229;r&#248;rende" optional="1" carry_forward="1" exclude_caption="1" multiline="0" group_id="NEXTOFKIN_ZIP" />
<question item_id="3427" mid="NEXTOFKIN_CITY" datatype="NAR" page_number="10" page_title="N&#230;rmeste p&#229;r&#248;rende" header="Poststed*" question_text="Poststed for n&#230;rmeste p&#229;r&#248;rende" optional="1" carry_forward="1" exclude_caption="1" multiline="0" group_id="NEXTOFKIN_CITY" />
<question item_id="3425" mid="NEXTOFKIN_PHONE" datatype="NAR" page_number="10" page_title="N&#230;rmeste p&#229;r&#248;rende" header="Telefon" question_text="Telefonnumre for n&#230;rmeste p&#229;r&#248;rende" optional="1" carry_forward="1" exclude_caption="1" multiline="0" help_text="Skriv gjerne flere telefonnumre, skilt med komma." group_id="NEXTOFKIN_PHONE" />
<question item_id="1410" mid="OTHEROFKIN_DETAILS" datatype="NAR" page_number="10" page_title="N&#230;rmeste p&#229;r&#248;rende" header="Andre p&#229;r&#248;rende" question_text="Opplysninger om  andre p&#229;r&#248;rende" optional="1" carry_forward="1" multiline="1" help_text="Fornavn, etternavn, telefonnummer.  Gi s&#229; utfyllende opplysninger som mulig, gjerne om flere p&#229;r&#248;rende.  Skal brukes i kritiske situasjoner, skriv n&#230;rmeste p&#229;r&#248;rende f&#248;rst." group_id="OTHEROFKIN_DETAILS" />
<question item_id="1078" mid="VAR1078" datatype="ORD" page_number="10" page_title="N&#230;rmeste p&#229;r&#248;rende" header="Kontakt med p&#229;r&#248;rende" question_text="Er det tatt kontakt med n&#230;rmeste p&#229;r&#248;rende innen 24 timer?" optional="0" enumeration_uid="1078" help_text="Jfr. rutine for mottak av korttidspasienter." />
<question item_id="1079" mid="VAR1079" datatype="NAR" page_number="11" page_introduction="This page was autogenerated" question_text="Viktig informasjon fra samtalen" optional="1" multiline="1" help_text="Vurder om noe av dette skal registreres under &quot;Viktig informasjon&quot; nederst til h&#248;yre." />
<question item_id="3434" mid="BOLIGTYPE" datatype="ORD" page_number="12" page_title="Sosiale forhold" question_text="Egen bolig utenfor institusjonen" optional="1" carry_forward="1" enumeration_uid="3434" group_id="BOLIGTYPE" />
<question item_id="4209" mid="ADDRESS" datatype="NAR" page_number="12" page_title="Sosiale forhold" question_text="Adresse" optional="1" carry_forward="1" multiline="0" group_id="ADDRESS" />
<question item_id="4210" mid="ZIP" datatype="NAR" page_number="12" page_title="Sosiale forhold" question_text="Postnummer" optional="1" carry_forward="1" multiline="0" group_id="ZIP" />
<question item_id="4211" mid="CITY" datatype="NAR" page_number="12" page_title="Sosiale forhold" question_text="Poststed" optional="1" carry_forward="1" multiline="0" group_id="CITY" />
<question item_id="3435" mid="ARBEID_KOMMENTAR" datatype="NAR" page_number="12" page_title="Sosiale forhold" question_text="Eventuelle kommentarer" optional="1" carry_forward="1" multiline="1" group_id="ARBEID_KOMMENTAR" />
<question item_id="4872" mid="VAR4872" datatype="NAR" page_number="12" page_title="Sosiale forhold" question_text="Interesser" optional="1" carry_forward="1" multiline="1" help_text="Se ogs&#229; eget skjema &quot;Sosial anamnese&quot;" />
<question item_id="4873" mid="VAR4873" datatype="NAR" page_number="12" page_title="Sosiale forhold" question_text="Annet" optional="1" carry_forward="1" multiline="0" />
<question item_id="3224" mid="WEIGHT" datatype="QN" page_number="13" page_title="Kliniske opplysninger" question_text="Vekt (kg)" optional="1" min_value="10" max_value="400" units="kg" decimals="1" help_text="Uten sko og yttert&#248;y." group_id="WEIGHT" />
<question item_id="3225" mid="HEIGHT" datatype="QN" page_number="13" page_title="Kliniske opplysninger" question_text="H&#248;yde (cm)" optional="1" carry_forward="1" min_value="50" max_value="220" units="cm" help_text="Uten sko." group_id="HEIGHT" />
<question item_id="3310" mid="BMI" datatype="QN" page_number="13" page_title="Kliniske opplysninger" question_text="BMI (kg/m2)" optional="1" min_value="5" max_value="150" units="kg/m2" decimals="1" expression="WEIGHT/((HEIGHT/100)*(HEIGHT/100)) * ISPOS(WEIGHT)*ISPOS(HEIGHT)" help_text="Beregnes automatisk" group_id="BMI" />
<question item_id="718" mid="HULTEN_SYN" datatype="ORD" page_number="13" page_title="Kliniske opplysninger" question_text="Synsnedsettelse?" optional="1" carry_forward="1" enumeration_uid="718" help_text="Redusert: Kan ikke lese avisen." group_id="HULTEN_SYN" />
<question item_id="719" mid="HULTEN_HOERSEL" datatype="ORD" page_number="13" page_title="Kliniske opplysninger" question_text="H&#248;rselsnedsettelse?" optional="1" carry_forward="1" enumeration_uid="719" group_id="HULTEN_HOERSEL" />
<question item_id="734" mid="HULTEN_GANGE" datatype="ORD" page_number="13" page_title="Kliniske opplysninger" header="Mobilitet" question_text="G&#229;r..." optional="1" carry_forward="1" enumeration_uid="734" group_id="HULTEN_GANGE" />
<question item_id="3474" mid="ICD10_T784" datatype="NAR" page_number="14" question_text="Allergier" optional="1" carry_forward="1" multiline="1" help_text="Skriv evt. &quot;Ingen kjente&quot;. Husk: Medikamentelle allergier SKAL registreres under CAVE." group_id="ICD10_T784" />
<question item_id="5606" mid="VAR5606" datatype="NAR" page_number="15" page_title="Inkontinensutstyr" question_text="Inkontinensutstyr p&#229; dag" optional="1" carry_forward="1" multiline="0" />
<question item_id="5607" mid="VAR5607" datatype="NAR" page_number="15" page_title="Inkontinensutstyr" question_text="Inkontinensutstyr p&#229; natt" optional="1" carry_forward="1" multiline="0" />
<question item_id="5596" mid="VAR5596" datatype="ORD" page_number="16" page_title="Medisinh&#229;ndtering" question_text="Har bruker med private medisiner" optional="1" enumeration_uid="5596" />
<question item_id="5597" mid="VAR5597" datatype="ORD" page_number="16" page_title="Medisinh&#229;ndtering" question_text="Hvem doserer medikamenter hjemme?" optional="1" carry_forward="1" enumeration_uid="5597" />
<question item_id="6337" mid="EPIKRISE_MEDISIN" datatype="NAR" page_number="16" page_title="Medisinh&#229;ndtering" header="Legemidler" question_text="Eventuelle kommentarer til den farmakologiske behandlingen." optional="1" multiline="1" help_text="Legemiddelkortet skal ikke gjengis her!" group_id="EPIKRISE_MEDISIN" />
<question item_id="5611" mid="VAR5611" datatype="ORD" page_number="17" page_title="Diverse opplysninger" question_text="Har pasienten med private hjelpemidler til avdelingen" optional="1" exclude_from_text="1" enumeration_uid="5611" />
<question item_id="5612" mid="VAR5612" datatype="NAR" page_number="18" page_title="Private hjelpemidler" question_text="Private hjelpemidler" optional="1" multiline="1" help_text="list opp alle pasientens medbrakte hjelpemidler" />
<question item_id="5613" mid="VAR5613" datatype="ORD" page_number="18" page_title="Private hjelpemidler" question_text="Er disse merket" optional="1" enumeration_uid="5613" help_text="Hvis ikke b&#248;r de merkes med navnelapp" />
<question item_id="5561" mid="VAR5561" datatype="ORD" page_number="19" page_title="Servicetilbud i hjemmet" question_text="Dagsenterplass" optional="1" carry_forward="1" enumeration_uid="5561" />
<question item_id="5562" mid="VAR5562" datatype="ORD" page_number="19" page_title="Servicetilbud i hjemmet" question_text="Trygghetsalarm" optional="1" carry_forward="1" enumeration_uid="5562" />
<question item_id="5563" mid="VAR5563" datatype="ORD" page_number="19" page_title="Servicetilbud i hjemmet" question_text="Drosjekort" optional="1" carry_forward="1" enumeration_uid="5563" />
<question item_id="5564" mid="VAR5564" datatype="ORD" page_number="19" page_title="Servicetilbud i hjemmet" question_text="Hjemmehjelp" optional="1" carry_forward="1" enumeration_uid="5564" />
<question item_id="5565" mid="VAR5565" datatype="ORD" page_number="19" page_title="Servicetilbud i hjemmet" question_text="Hjemmesykepleie" optional="1" carry_forward="1" enumeration_uid="5565" />
<question item_id="5566" mid="VAR5566" datatype="NAR" page_number="19" page_title="Servicetilbud i hjemmet" question_text="Kommentarer" optional="1" multiline="1" />
<question item_id="5610" mid="VAR5610" datatype="NAR" page_number="19" page_title="Servicetilbud i hjemmet" question_text="Hjelpemidler/tilpasninger i hjemmet" optional="1" carry_forward="1" multiline="1" help_text="f.eks rullator, toalettforh&#248;yer, trappeheis, st&#248;tteh&#229;ndtak etc" />
<question item_id="6103" mid="VAR6103" datatype="ORD" page_number="20" page_title="Gjennomgang status beboer" header="Forel&#248;big statusrapport" question_text="Har du spurt om hvordan beboeren har funnet seg til rette i institusjonen?" optional="1" enumeration_uid="6103" />
<question item_id="6104" mid="VAR6104" datatype="ORD" page_number="20" page_title="Gjennomgang status beboer" header="Stellebeskrivelse" question_text="Er skjemaet Stellebeskrivelse utfylt?" optional="1" enumeration_uid="6104" help_text="&#8226; M&#229;l &#229; gi tilpasset hjelp i forhold til den enkeltes ressurser og behov 
&#8226; Gjennomgang av utarbeidet stellebeskrivelse 
&#8226; Suppler med informasjon som innhentes i l&#248;pet av samtalen med beboer/ p&#229;r&#248;rende" />
<question item_id="6106" mid="VAR6106" datatype="ORD" page_number="20" page_title="Gjennomgang status beboer" header="Sosial anamnese" question_text="Er skjemaet Sosial anamnese utfylt?" optional="1" enumeration_uid="6106" help_text="&#8226; Gjennomgang av utfylt skjema    
&#8226; Informer om hensikt" />
<question item_id="6107" mid="VAR6107" datatype="ORD" page_number="20" page_title="Gjennomgang status beboer" header="Ern&#230;ringsplan" question_text="Er skjemaet Ern&#230;ringsplan utfylt?" optional="1" enumeration_uid="6107" help_text="&#8226; Gjennomgang av ern&#230;ringsstatus ved innkomst  
&#8226; Ern&#230;ringsplan/matkort og m&#229;ltider - suppler med informasjon som innhentes i l&#248;pet av samtalen med beboer/ p&#229;r&#248;rende" />
<question item_id="1080" mid="VAR1080" datatype="ORD" page_number="20" page_title="Gjennomgang status beboer" header="Fallrisiko" question_text="Er skjemaet Fallrisiko - Stratify utfylt?" optional="1" enumeration_uid="1080" />
<question item_id="1012" mid="LS1_LIVSSYN_KJENT" datatype="ORD" page_number="21" page_title="Livssyn" question_text="Pasientens trosretning eller livssyn er kjent" optional="0" carry_forward="1" exclude_from_text="1" enumeration_uid="1012" group_id="LS1_LIVSSYN_KJENT" />
<question item_id="1044" mid="LS1_LIVSSYN" datatype="NAR" page_number="22" question_text="Pasientens trosretning eller livssyn:" optional="0" carry_forward="1" exclude_caption="1" multiline="0" group_id="LS1_LIVSSYN" />
<question item_id="5505" mid="GbdLivssynHensyn" datatype="ORD" page_number="22" header="Livssyn" question_text="Har beboeren et livssyn/religion som avdelingen trenger &#229; ta spesielt hensyn til?" optional="0" carry_forward="1" exclude_from_text="1" enumeration_uid="5505" help_text="F.eks. knyttet til kosthold, prestetilbud, h&#248;ytider, blodoverf&#248;ring, m.m." group_id="GbdLivssynHensyn" />
<question item_id="5506" mid="GbdLivvsynHensynTekst" datatype="NAR" page_number="23" header="Hvordan" question_text="P&#229; hvilken m&#229;te det &#248;nskes &#229; bli tatt hensyn til?" optional="0" carry_forward="1" multiline="1" group_id="GbdLivvsynHensynTekst" />

<!-- Start: Form actions, generated XML -->

<question_action master_question_mid="VAR5455" detail_question_mid="VAR5457" enum_item_value="1" activate="6" />
<question_action master_question_mid="FASTLEGE" detail_question_mid="DOCNAME" enum_item_value="1" activate="1" />
<question_action master_question_mid="FASTLEGE" detail_question_mid="DOCADDRESS" enum_item_value="1" activate="1" />
<question_action master_question_mid="FASTLEGE" detail_question_mid="DOCZIP" enum_item_value="1" activate="1" />
<question_action master_question_mid="FASTLEGE" detail_question_mid="DOCCITY" enum_item_value="1" activate="1" />
<question_action master_question_mid="FASTLEGE" detail_question_mid="DOCPHONE" enum_item_value="1" activate="1" />
<question_action master_question_mid="VAR1078" detail_question_mid="VAR1079" enum_item_value="1" activate="1" />
<question_action master_question_mid="VAR5611" detail_question_mid="VAR5612" enum_item_value="1" activate="1" />
<question_action master_question_mid="VAR5611" detail_question_mid="VAR5613" enum_item_value="1" activate="1" />
<question_action master_question_mid="LS1_LIVSSYN_KJENT" detail_question_mid="LS1_LIVSSYN" enum_item_value="1" activate="1" />
<question_action master_question_mid="LS1_LIVSSYN_KJENT" detail_question_mid="GbdLivssynHensyn" enum_item_value="1" activate="1" />
<question_action master_question_mid="GbdLivssynHensyn" detail_question_mid="GbdLivvsynHensynTekst" enum_item_value="1" activate="1" />
</form>
