<?xml version="1.0" encoding="ISO-8859-1"?>
<form form_id="401" form_uid="MNA" title="MNA - Mini Nutritional Assessment" calculate_invalid="False" rating_scale="False" status="Open" repeatable="1" >
<instructions></instructions>

<!-- Start: Form enums, generated XML -->

<enumeration enumeration_uid="4765">
  <enum_item value="1" score="0" text="Betydelig redusert matinntak." short_code="0p" answer_id="26653" />
  <enum_item value="2" score="1" text="Noe redusert matinntak." short_code="1p" answer_id="26654" />
  <enum_item value="3" score="2" text="Ingen endring i matinntaket." short_code="2p" answer_id="26655" />
</enumeration>

<enumeration enumeration_uid="4766">
  <enum_item value="1" score="0" text="Vekttap over 3 kg." short_code="0p" answer_id="26659" />
  <enum_item value="2" score="1" text="Vet ikke*" short_code="1p" answer_id="26660" />
  <enum_item value="3" score="2" text="Vekttap mellom 1 og 3 kg." short_code="2p" answer_id="26661" />
  <enum_item value="4" score="3" text="Ikke vekttap." short_code="3p" answer_id="26662" />
</enumeration>

<enumeration enumeration_uid="4767">
  <enum_item value="1" score="0" text="Sengeliggende / sitter i stol." short_code="0p" answer_id="26663" />
  <enum_item value="2" score="1" text="I stand til &#229; g&#229; ut av seng/stol men g&#229;r ikke ute." short_code="1p" answer_id="26664" />
  <enum_item value="3" score="2" text="G&#229;r ute." short_code="2p" answer_id="26665" />
</enumeration>

<enumeration enumeration_uid="4768">
  <enum_item value="1" score="0" text="Ja | Sykdom/stress." short_code="0p" answer_id="26666" />
  <enum_item value="2" score="2" text="Nei | Ikke sykdom/stress." short_code="2p" answer_id="26667" />
</enumeration>

<enumeration enumeration_uid="4769">
  <enum_item value="1" score="0" text="Alvorlig demens eller depresjon." short_code="0p" answer_id="26668" />
  <enum_item value="2" score="1" text="Mild demens." short_code="1p" answer_id="26669" />
  <enum_item value="3" score="2" text="Ingen psykologiske problemer." short_code="2p" answer_id="26670" />
</enumeration>

<enumeration enumeration_uid="4770">
  <enum_item value="1" score="0" text="BMI mindre enn 19." short_code="0p" answer_id="26671" />
  <enum_item value="2" score="1" text="BMI 19 til mindre enn 21." short_code="1p" answer_id="26672" />
  <enum_item value="3" score="2" text="BMI 21 til mindre enn 23." short_code="2p" answer_id="26673" />
  <enum_item value="4" score="3" text="BMI 23 eller mer." short_code="3p" answer_id="26674" />
</enumeration>

<enumeration enumeration_uid="4772">
  <enum_item value="1" score="1" text="Ja | Bor hjemme." short_code="1p" answer_id="26698" />
  <enum_item value="2" score="0" text="Nei" short_code="0p" answer_id="26699" />
</enumeration>

<enumeration enumeration_uid="4773">
  <enum_item value="1" score="0" text="Ja | Tre eller flere reseptbelagte medisiner daglig." short_code="0p" answer_id="26700" />
  <enum_item value="2" score="1" text="Nei" short_code="1p" answer_id="26701" />
</enumeration>

<enumeration enumeration_uid="4774">
  <enum_item value="1" score="0" text="Ja | Har trykk-/huds&#229;r." short_code="0p" answer_id="26702" />
  <enum_item value="2" score="1" text="Nei" short_code="1p" answer_id="26703" />
</enumeration>

<enumeration enumeration_uid="4775">
  <enum_item value="1" score="0" text="1 m&#229;ltid | Spiser 1 m&#229;ltid per dag." short_code="0p" answer_id="26704" />
  <enum_item value="2" score="1" text="2 m&#229;ltider | Spiser 2 m&#229;ltider per dag." short_code="1p" answer_id="26705" />
  <enum_item value="3" score="2" text="3 m&#229;ltider | Spiser 3 m&#229;ltider per dag." short_code="2p" answer_id="26706" />
</enumeration>

<enumeration enumeration_uid="4776">
  <enum_item value="1" text="Ja | Melkeprodukter daglig." short_code="J" answer_id="26707" />
  <enum_item value="2" text="Nei*" short_code="N" answer_id="26708" />
</enumeration>

<enumeration enumeration_uid="4777">
  <enum_item value="1" text="Ja | Egg/belgfrukter 2+ ggr/uke." short_code="J" answer_id="26709" />
  <enum_item value="2" text="Nei | Ikke egg/belgfrukter 2+ ggr/uke." short_code="N" answer_id="26710" />
</enumeration>

<enumeration enumeration_uid="4778">
  <enum_item value="1" text="Ja | Kj&#248;tt/fisk/fugl daglig." short_code="J" answer_id="26711" />
  <enum_item value="2" text="Nei* | Ikke kj&#248;tt/fisk/fugl daglig." short_code="N" answer_id="26712" />
</enumeration>

<enumeration enumeration_uid="4779">
  <enum_item value="1" score="1" text="Ja | Frukt/gr&#248;nnsaker 2+ daglig." short_code="J" answer_id="26713" />
  <enum_item value="2" score="0" text="Nei | Ikke frukt/gr&#248;nt." short_code="N" answer_id="26714" />
</enumeration>

<enumeration enumeration_uid="4780">
  <enum_item value="1" score="0" text="mindre enn 3 kopper." short_code="0p" answer_id="26717" />
  <enum_item value="2" score="0.5" text="3 til 5 kopper," short_code="0,5p" answer_id="26718" />
  <enum_item value="3" score="1" text="mer enn 5 kopper." short_code="1p" answer_id="26719" />
</enumeration>

<enumeration enumeration_uid="4781">
  <enum_item value="1" score="0" text="Ikke i stand til &#229; spise uten hjelp." short_code="0p" answer_id="26726" />
  <enum_item value="2" score="1" text="Spiser selv med noe vanskeligheter." short_code="1p" answer_id="26727" />
  <enum_item value="3" score="2" text="Spiser selv uten vanskeligheter." short_code="2p" answer_id="26728" />
</enumeration>

<enumeration enumeration_uid="4782">
  <enum_item value="1" score="0" text="Ser p&#229; seg selv som underern&#230;rt." short_code="0p" answer_id="26729" />
  <enum_item value="2" score="1" text="Er usikker p&#229; ern&#230;ringsmessig tilstand." short_code="1p" answer_id="26730" />
  <enum_item value="3" score="2" text="Ser ikke p&#229; seg selv som underern&#230;rt." short_code="2p" answer_id="26731" />
</enumeration>

<enumeration enumeration_uid="4783">
  <enum_item value="1" score="0" text="ikke like bra | Tror helsetilstanden er d&#229;rligere enn andres." short_code="0p" answer_id="26732" />
  <enum_item value="2" score="0.5" text="vet ikke | Usikker p&#229; egen helsetilstand." short_code="0,5p" answer_id="26733" />
  <enum_item value="3" score="1" text="like bra | Tror helsetilstanden er like bra som andres." short_code="1p" answer_id="26734" />
  <enum_item value="4" score="2" text="bedre | Tror helsetilstanden enn bedre enn andres." short_code="2p" answer_id="26735" />
</enumeration>

<enumeration enumeration_uid="4790">
  <enum_item value="1" text="Ja" short_code="J" answer_id="26759" />
  <enum_item value="2" text="Nei" short_code="N" answer_id="26760" />
</enumeration>

<enumeration enumeration_uid="4800">
  <enum_item value="1" text="Underern&#230;rt." answer_id="26772" />
  <enum_item value="2" text="I fare for underern&#230;ring." answer_id="26773" />
  <enum_item value="3" text="Neppe underern&#230;rt." answer_id="26774" />
</enumeration>

<enumeration enumeration_uid="10244">
  <enum_item value="1" text="Ja" answer_id="57168" />
  <enum_item value="2" text="Nei" answer_id="57169" />
</enumeration>

<!-- Start: Form items, generated XML -->

<question item_id="3225" mid="HEIGHT" datatype="QN" page_number="1" page_title="H&#248;yde og vekt" question_text="H&#248;yde (cm)" optional="0" carry_forward="1" min_value="50" max_value="220" units="cm" help_text="Uten sko." group_id="HEIGHT" />
<question item_id="3224" mid="WEIGHT" datatype="QN" page_number="1" page_title="H&#248;yde og vekt" question_text="Vekt (kg)" optional="0" min_value="10" max_value="400" units="kg" decimals="1" help_text="Uten sko og yttert&#248;y." group_id="WEIGHT" />
<question item_id="3310" mid="BMI" datatype="QN" page_number="1" page_title="H&#248;yde og vekt" question_text="BMI (kg/m2)" optional="1" min_value="5" max_value="150" units="kg/m2" decimals="1" expression="WEIGHT/((HEIGHT/100)*(HEIGHT/100)) * ISPOS(WEIGHT)*ISPOS(HEIGHT)" help_text="Beregnes automatisk" group_id="BMI" />
<question item_id="4765" mid="MNA_A" datatype="ORD" page_number="2" page_title="Vurdering del 1" header="Matinntak/appetitt" question_text="Har matinntaket g&#229;tt ned i l&#248;pet av de 3 siste m&#229;nedene pga nedsatt appetitt, ford&#248;yelsesproblemer, vanskeligheter med &#229; tygge og svelge?" optional="0" enumeration_uid="4765" group_id="MNA_A" />
<question item_id="4766" mid="MNA_B" datatype="ORD" page_number="2" page_title="Vurdering del 1" header="Vekttap" question_text="Vekttap i l&#248;pet av de siste 3 m&#229;nedene" optional="0" enumeration_uid="4766" group_id="MNA_B" />
<question item_id="4767" mid="MNA_C" datatype="ORD" page_number="2" page_title="Vurdering del 1" question_text="Mobilitet" optional="0" enumeration_uid="4767" group_id="MNA_C" />
<question item_id="4768" mid="MNA_D" datatype="ORD" page_number="2" page_title="Vurdering del 1" header="Sykdom/stress" question_text="Har opplevd psykologisk stress eller akutt sykdom i l&#248;pet av de siste 3 m&#229;nedene" optional="0" enumeration_uid="4768" group_id="MNA_D" />
<question item_id="4769" mid="MNA_E" datatype="ORD" page_number="2" page_title="Vurdering del 1" question_text="Neuropsykologiske problemer" optional="0" enumeration_uid="4769" group_id="MNA_E" />
<question item_id="4770" mid="MNA_F" datatype="ORD" page_number="2" page_title="Vurdering del 1" question_text="Kroppsmasseindeks" optional="0" expression="1 + ISPOS(BMI-18.99) + ISPOS(BMI-20.99) + ISPOS(BMI-22.99)" enumeration_uid="4770" group_id="MNA_F" />
<question item_id="4771" mid="MNA_PART1" datatype="QN" page_number="2" page_title="Vurdering del 1" question_text="Sum MNA del 1: (poeng)" optional="1" min_value="0" max_value="14" units="poeng" expression="MNA_A_SCORE + MNA_B_SCORE + MNA_C_SCORE + MNA_D_SCORE + MNA_E_SCORE + MNA_F_SCORE" help_text="Maksimalt 14 poeng" group_id="MNA_PART1" />
<question item_id="10244" mid="MNA_PART1_UNDER_12" datatype="ORD" page_number="2" page_title="Vurdering del 1" question_text="Sk&#229;r p&#229; 11 eller lavere p&#229; del 1" optional="1" visible="-1" expression="2-ISNEG(MNA_PART1-12)" enumeration_uid="10244" group_id="MNA_PART1_UNDER_12" />
<question item_id="4790" mid="MNA_PART2_OPEN" datatype="ORD" page_number="2" page_title="Vurdering del 1" header="Fortsett med del 2" question_text="Vil du fortsette &#229; fylle ut del 2?" optional="0" exclude_from_text="1" enumeration_uid="4790" help_text="Del 2 fylles ut sammen med lege ved behov. Dette anbefales hvis sum i del 1 er 11 poeng eller mindre." group_id="MNA_PART2_OPEN" />
<question item_id="10243" mid="VAR10243" datatype="MSG" page_number="3" header="Vurdering av lege" question_text="Ved sk&#229;r under 12 p&#229; MNA del 1 skal ern&#230;ringsstatus tas opp med lege." optional="1" />
<question item_id="4772" mid="MNA_G" datatype="ORD" page_number="4" page_title="Vurdering del 2" question_text="Bor i egen bolig" optional="0" enumeration_uid="4772" group_id="MNA_G" />
<question item_id="4773" mid="MNA_H" datatype="ORD" page_number="4" page_title="Vurdering del 2" header="Medisinforbruk" question_text="Bruker mer enn tre typer reseptbelagte medisiner pr dag" optional="0" enumeration_uid="4773" group_id="MNA_H" />
<question item_id="4774" mid="MNA_I" datatype="ORD" page_number="4" page_title="Vurdering del 2" question_text="Trykks&#229;r eller huds&#229;r" optional="0" enumeration_uid="4774" group_id="MNA_I" />
<question item_id="4775" mid="MNA_J" datatype="ORD" page_number="4" page_title="Vurdering del 2" header="M&#229;ltider" question_text="Hvor mange fullstendige m&#229;ltider spiser pasienten pr dag?" optional="0" enumeration_uid="4775" group_id="MNA_J" />
<question item_id="4776" mid="MNA_K1" datatype="ORD" page_number="4" page_title="Vurdering del 2" header="Melkeprodukter daglig" question_text="Minst en porsjon melkeprodukter (melk, ost, yoghurt) pr dag" optional="0" enumeration_uid="4776" group_id="MNA_K1" />
<question item_id="4777" mid="MNA_K2" datatype="ORD" page_number="4" page_title="Vurdering del 2" header="Belgfrukter/egg" question_text="To eller flere porsjoner belgfrukter eller egg pr uke" optional="0" enumeration_uid="4777" group_id="MNA_K2" />
<question item_id="4778" mid="MNA_K3" datatype="ORD" page_number="4" page_title="Vurdering del 2" header="Kj&#248;tt/fisk daglig" question_text="Kj&#248;tt, fisk eller kylling/kalkun hver dag" optional="0" enumeration_uid="4778" group_id="MNA_K3" />
<question item_id="4786" mid="MNA_K_SCORE" datatype="QN" page_number="4" page_title="Vurdering del 2" question_text="Proteininntak (poeng)" optional="1" min_value="0" max_value="1" units="poeng" decimals="1" expression="(0.5*(ISNULL(MNA_K1-1)+ISNULL(MNA_K2-1)+ISNULL(MNA_K3-1))-0.5) *(1-ISNEG((ISNULL(MNA_K1-1)+ISNULL(MNA_K2-1)+ISNULL(MNA_K3-1))-0.5))" group_id="MNA_K_SCORE" />
<question item_id="4779" mid="MNA_L" datatype="ORD" page_number="4" page_title="Vurdering del 2" header="Frukt/gr&#248;nnsaker" question_text="Spiser to eller flere porsjoner frukt eller gr&#248;nnsaker pr dag?" optional="0" enumeration_uid="4779" group_id="MNA_L" />
<question item_id="4780" mid="MNA_M" datatype="ORD" page_number="4" page_title="Vurdering del 2" header="Daglig v&#230;skeinntak" question_text="Hvor mye v&#230;ske (vann, juice, kaffe, te, melk...) inntas pr dag?" optional="0" enumeration_uid="4780" group_id="MNA_M" />
<question item_id="4781" mid="MNA_N" datatype="ORD" page_number="4" page_title="Vurdering del 2" question_text="Selvhjulpen" optional="0" enumeration_uid="4781" group_id="MNA_N" />
<question item_id="4782" mid="MNA_O" datatype="ORD" page_number="4" page_title="Vurdering del 2" header="Egenvurdering" question_text="Eget syn p&#229; ern&#230;ringsmessig status" optional="0" enumeration_uid="4782" group_id="MNA_O" />
<question item_id="4783" mid="MNA_P" datatype="ORD" page_number="4" page_title="Vurdering del 2" header="Helsetilstand" question_text="Hvordan vurderer pasienten sin egen helsetilstand sammenlignet med mennesker p&#229; samme alder?" optional="0" enumeration_uid="4783" group_id="MNA_P" />
<question item_id="4784" mid="MNA_Q" datatype="QN" page_number="4" page_title="Vurdering del 2" question_text="Overarmens omkrets (cm)" optional="0" min_value="15" max_value="50" units="cm" decimals="1" group_id="MNA_Q" />
<question item_id="4788" mid="MNA_Q_SCORE" datatype="QN" page_number="4" page_title="Vurdering del 2" question_text="Poeng Q" optional="1" visible="-1" decimals="1" expression="0.5*ISPOS(MNA_Q-20.9)+0.5*ISPOS(MNA_Q-21.9)" group_id="MNA_Q_SCORE" />
<question item_id="4785" mid="MNA_R" datatype="QN" page_number="4" page_title="Vurdering del 2" question_text="Leggomkrets (cm)" optional="0" min_value="15" max_value="50" units="cm" decimals="1" group_id="MNA_R" />
<question item_id="4789" mid="MNA_R_SCORE" datatype="QN" page_number="4" page_title="Vurdering del 2" question_text="Poeng R" optional="0" visible="-1" expression="ISPOS(MNA_R-30.9)" group_id="MNA_R_SCORE" />
<question item_id="4787" mid="MNA_PART2" datatype="QN" page_number="4" page_title="Vurdering del 2" question_text="Sum MNA del 2: (poeng)" optional="1" units="poeng" decimals="1" expression="MNA_G_SCORE + MNA_H_SCORE + MNA_I_SCORE + MNA_J_SCORE + MNA_K_SCORE + MNA_L_SCORE + MNA_M_SCORE + MNA_L_SCORE + MNA_O_SCORE + MNA_P_SCORE + MNA_Q_SCORE + MNA_R_SCORE" group_id="MNA_PART2" />
<question item_id="4791" mid="MNA_SUM" datatype="QN" page_number="5" page_title="Oppsummering" question_text="Totalvurdering del 1 + del 2: (poeng)" optional="1" min_value="0" max_value="30" units="poeng" decimals="1" expression="MNA_PART1 + MNA_PART2" help_text="Maksimalt 30 poeng" group_id="MNA_SUM" />
<question item_id="4800" mid="MNA_GRADE" datatype="ORD" page_number="5" page_title="Oppsummering" question_text="Gradering av underern&#230;ringstilstand" optional="1" expression="1 + ISPOS(MNA_SUM - 16.9) + ISPOS(MNA_SUM-23.5)" enumeration_uid="4800" group_id="MNA_GRADE" />

<!-- Start: Form actions, generated XML -->

<question_action master_question_mid="MNA_PART1_UNDER_12" detail_question_mid="VAR10243" enum_item_value="1" activate="1" />
<question_action master_question_mid="MNA_PART2_OPEN" detail_question_mid="MNA_G" enum_item_value="1" activate="1" />
<question_action master_question_mid="MNA_PART2_OPEN" detail_question_mid="MNA_H" enum_item_value="1" activate="1" />
<question_action master_question_mid="MNA_PART2_OPEN" detail_question_mid="MNA_I" enum_item_value="1" activate="1" />
<question_action master_question_mid="MNA_PART2_OPEN" detail_question_mid="MNA_J" enum_item_value="1" activate="1" />
<question_action master_question_mid="MNA_PART2_OPEN" detail_question_mid="MNA_K1" enum_item_value="1" activate="1" />
<question_action master_question_mid="MNA_PART2_OPEN" detail_question_mid="MNA_K2" enum_item_value="1" activate="1" />
<question_action master_question_mid="MNA_PART2_OPEN" detail_question_mid="MNA_K3" enum_item_value="1" activate="1" />
<question_action master_question_mid="MNA_PART2_OPEN" detail_question_mid="MNA_K_SCORE" enum_item_value="1" activate="1" />
<question_action master_question_mid="MNA_PART2_OPEN" detail_question_mid="MNA_L" enum_item_value="1" activate="1" />
<question_action master_question_mid="MNA_PART2_OPEN" detail_question_mid="MNA_M" enum_item_value="1" activate="1" />
<question_action master_question_mid="MNA_PART2_OPEN" detail_question_mid="MNA_N" enum_item_value="1" activate="1" />
<question_action master_question_mid="MNA_PART2_OPEN" detail_question_mid="MNA_O" enum_item_value="1" activate="1" />
<question_action master_question_mid="MNA_PART2_OPEN" detail_question_mid="MNA_P" enum_item_value="1" activate="1" />
<question_action master_question_mid="MNA_PART2_OPEN" detail_question_mid="MNA_Q" enum_item_value="1" activate="1" />
<question_action master_question_mid="MNA_PART2_OPEN" detail_question_mid="MNA_Q_SCORE" enum_item_value="1" activate="1" />
<question_action master_question_mid="MNA_PART2_OPEN" detail_question_mid="MNA_R" enum_item_value="1" activate="1" />
<question_action master_question_mid="MNA_PART2_OPEN" detail_question_mid="MNA_R_SCORE" enum_item_value="1" activate="1" />
<question_action master_question_mid="MNA_PART2_OPEN" detail_question_mid="MNA_PART2" enum_item_value="1" activate="1" />
<question_action master_question_mid="MNA_PART2_OPEN" detail_question_mid="MNA_SUM" enum_item_value="1" activate="1" />
<question_action master_question_mid="MNA_PART2_OPEN" detail_question_mid="MNA_GRADE" enum_item_value="1" activate="1" />
</form>
