<?xml version="1.0" encoding="ISO-8859-1"?>
<form form_id="446" form_uid="SAMTALE_INVITASJON" title="P&#229;r&#248;rendesamtale (invitasjon)" calculate_invalid="False" rating_scale="False" status="Open" repeatable="1" >
<instructions></instructions>

<!-- Start: Form enums, generated XML -->

<enumeration enumeration_uid="5888">
  <enum_item value="1" text="N&#230;rmeste p&#229;r&#248;rende." answer_id="31563" />
  <enum_item value="2" text="Andre*" answer_id="31564" />
</enumeration>

<!-- Start: Form items, generated XML -->

<question item_id="5888" mid="LETTER_NEXTOFKIN" datatype="ORD" page_number="1" page_title="Inviterte" header="Invitert" question_text="Hvem skal inviteres?" optional="0" enumeration_uid="5888" group_id="LETTER_NEXTOFKIN" />
<question item_id="3426" mid="NEXTOFKIN_NAME" datatype="NAR" page_number="2" header="Navn*" question_text="N&#230;rmeste p&#229;r&#248;rende" optional="0" carry_forward="1" exclude_caption="1" multiline="0" group_id="NEXTOFKIN_NAME" />
<question item_id="3424" mid="NEXTOFKIN_ADDRESS" datatype="NAR" page_number="2" header="Adresse*" question_text="Gate/postadresse for n&#230;rmeste p&#229;r&#248;rende" optional="0" carry_forward="1" exclude_caption="1" multiline="0" group_id="NEXTOFKIN_ADDRESS" />
<question item_id="3433" mid="NEXTOFKIN_ZIP" datatype="NAR" page_number="2" header="Postnummer*" question_text="Postnummer for n&#230;rmeste p&#229;r&#248;rende" optional="0" carry_forward="1" exclude_caption="1" multiline="0" group_id="NEXTOFKIN_ZIP" />
<question item_id="3427" mid="NEXTOFKIN_CITY" datatype="NAR" page_number="2" header="Poststed*" question_text="Poststed for n&#230;rmeste p&#229;r&#248;rende" optional="0" carry_forward="1" exclude_caption="1" multiline="0" group_id="NEXTOFKIN_CITY" />
<question item_id="3425" mid="NEXTOFKIN_PHONE" datatype="NAR" page_number="2" header="Telefon" question_text="Telefonnumre for n&#230;rmeste p&#229;r&#248;rende" optional="0" carry_forward="1" exclude_caption="1" multiline="0" help_text="Skriv gjerne flere telefonnumre, skilt med komma." group_id="NEXTOFKIN_PHONE" />
<question item_id="3634" mid="BREV_KONTAKT" datatype="NAR" page_number="3" question_text="Navn" optional="0" multiline="0" group_id="BREV_KONTAKT" />
<question item_id="3630" mid="BREV_ADRESSE" datatype="NAR" page_number="3" question_text="Adresse" optional="0" multiline="0" help_text="Adressen det henvises til" group_id="BREV_ADRESSE" />
<question item_id="3631" mid="BREV_POSTNUMMER" datatype="NAR" page_number="3" question_text="Postnummer" optional="0" multiline="0" group_id="BREV_POSTNUMMER" />
<question item_id="3632" mid="BREV_POSTSTED" datatype="NAR" page_number="3" question_text="Poststed" optional="0" multiline="0" group_id="BREV_POSTSTED" />
<question item_id="5400" mid="MeetingDate" datatype="DATE" page_number="4" page_title="Tid, sted og tema for m&#248;tet" question_text="Dato" optional="0" min_value="FORMDATE" max_value="FORMDATE+60" help_text="for planlagt m&#248;te" group_id="MeetingDate" />
<question item_id="5401" mid="MeetingTime" datatype="NAR" page_number="4" page_title="Tid, sted og tema for m&#248;tet" question_text="Klokkeslett" optional="0" multiline="0" group_id="MeetingTime" />
<question item_id="5402" mid="MeetingPlace" datatype="NAR" page_number="4" page_title="Tid, sted og tema for m&#248;tet" question_text="Sted" optional="0" multiline="0" group_id="MeetingPlace" />
<question item_id="5730" mid="MeetingSubject" datatype="NAR" page_number="4" page_title="Tid, sted og tema for m&#248;tet" question_text="Hovedtema" optional="1" multiline="0" group_id="MeetingSubject" />
<question item_id="5403" mid="AvdelingTelefon" datatype="NAR" page_number="5" page_title="Kontaktinformasjon" header="Telefon" question_text="Telefonnummeret til avdelingen" optional="1" carry_forward="1" exclude_from_text="1" multiline="0" group_id="AvdelingTelefon" />

<!-- Start: Form actions, generated XML -->

<question_action master_question_mid="LETTER_NEXTOFKIN" detail_question_mid="NEXTOFKIN_NAME" enum_item_value="1" activate="1" />
<question_action master_question_mid="LETTER_NEXTOFKIN" detail_question_mid="NEXTOFKIN_ADDRESS" enum_item_value="1" activate="1" />
<question_action master_question_mid="LETTER_NEXTOFKIN" detail_question_mid="NEXTOFKIN_ZIP" enum_item_value="1" activate="1" />
<question_action master_question_mid="LETTER_NEXTOFKIN" detail_question_mid="NEXTOFKIN_CITY" enum_item_value="1" activate="1" />
<question_action master_question_mid="LETTER_NEXTOFKIN" detail_question_mid="NEXTOFKIN_PHONE" enum_item_value="1" activate="1" />
<question_action master_question_mid="LETTER_NEXTOFKIN" detail_question_mid="BREV_KONTAKT" enum_item_value="2" activate="1" />
<question_action master_question_mid="LETTER_NEXTOFKIN" detail_question_mid="BREV_ADRESSE" enum_item_value="2" activate="1" />
<question_action master_question_mid="LETTER_NEXTOFKIN" detail_question_mid="BREV_POSTNUMMER" enum_item_value="2" activate="1" />
<question_action master_question_mid="LETTER_NEXTOFKIN" detail_question_mid="BREV_POSTSTED" enum_item_value="2" activate="1" />
</form>
