<?xml version="1.0" encoding="ISO-8859-1"?>
<form form_id="506" form_uid="MDS30C" title="MDS 3.0 Section C - Cogntive Patterns" calculate_invalid="False" rating_scale="False" status="Closed" repeatable="1" >
<instructions></instructions>

<!-- Start: Form enums, generated XML -->

<enumeration enumeration_uid="6128">
  <enum_item value="0" text="Nei | BIMS ikke utf&#248;rt." answer_id="32259" />
  <enum_item value="1" text="Ja*" answer_id="32260" />
</enumeration>

<enumeration enumeration_uid="6129">
  <enum_item value="0" text="Ingen | Husker ingen ord." answer_id="32263" />
  <enum_item value="1" text="Ett | Husker ett ord." answer_id="32264" />
  <enum_item value="2" text="To | Husker to ord." answer_id="32265" />
  <enum_item value="3" text="Tre | Husker tre ord." answer_id="32266" />
</enumeration>

<enumeration enumeration_uid="6130">
  <enum_item value="0" text="Mer enn 5 &#229;r feil, eller ikke noe svar." answer_id="32271" />
  <enum_item value="1" text="Oppgir 2 til 5 &#229;r feil." answer_id="32272" />
  <enum_item value="2" text="Ett &#229;r feil." answer_id="32273" />
  <enum_item value="3" text="Riktig &#229;r." answer_id="32274" />
</enumeration>

<enumeration enumeration_uid="6131">
  <enum_item value="0" text="Mer enn 1 mnd feil, eller ikke noe svar." answer_id="32277" />
  <enum_item value="1" text="Fra 6 dager til 1 mnd feil." answer_id="32278" />
  <enum_item value="2" text="Riktig innenfor 5 dager." answer_id="32279" />
  <enum_item value="3" text="Riktig m&#229;ned." answer_id="32280" />
</enumeration>

<enumeration enumeration_uid="6132">
  <enum_item value="0" text="Ikke riktig, eller ikke noe svar." answer_id="32287" />
  <enum_item value="1" text="Riktig dag." answer_id="32288" />
</enumeration>

<enumeration enumeration_uid="6133">
  <enum_item value="0" text="Nei | Husker ikke SOKK." answer_id="32293" />
  <enum_item value="1" text="Etter hint (&quot;noe &#229; ha p&#229; seg&quot;) | Husker SOKK etter hint." answer_id="32294" />
  <enum_item value="2" text="Ja, uten hint | Husker SOKK uten hint." answer_id="32295" />
</enumeration>

<enumeration enumeration_uid="6134">
  <enum_item value="0" text="Nei | Husker ikke BL&#197;." answer_id="32307" />
  <enum_item value="1" text="Etter hint (&quot;en farge&quot;) | Husker BL&#197; etter hint." answer_id="32308" />
  <enum_item value="2" text="Ja, uten hint | Husker BL&#197; uten hint." answer_id="32309" />
</enumeration>

<enumeration enumeration_uid="6135">
  <enum_item value="0" text="Nei | Husker ikke SENG." answer_id="32318" />
  <enum_item value="1" text="Etter hint (&quot;et m&#248;bel&quot;) | Husker SENG etter hint." answer_id="32319" />
  <enum_item value="2" text="Ja, uten hint. | Husker SENG uten hint." answer_id="32320" />
</enumeration>

<enumeration enumeration_uid="6136">
  <enum_item value="0" text="Korttidsminne OK." answer_id="32324" />
  <enum_item value="1" text="Problemer med korttidsminne." answer_id="32325" />
</enumeration>

<enumeration enumeration_uid="6137">
  <enum_item value="0" text="Langtidsminne OK." answer_id="32330" />
  <enum_item value="1" text="Problemer med langtidsminne." answer_id="32331" />
</enumeration>

<enumeration enumeration_uid="6138">
  <enum_item value="0" text="Nei | Glemmer &#229;rstid." answer_id="32340" />
  <enum_item value="1" text="Ja | Husker &#229;rstid." answer_id="32341" />
</enumeration>

<enumeration enumeration_uid="6139">
  <enum_item value="0" text="Nei | Finner ikke eget rom." answer_id="32360" />
  <enum_item value="1" text="Ja | Finner eget rom." answer_id="32361" />
</enumeration>

<enumeration enumeration_uid="6140">
  <enum_item value="0" text="Nei | Glemmer navn/ansikt p&#229; pleiere." answer_id="32378" />
  <enum_item value="1" text="Ja | Husker navn/ansikt p&#229; pleiere." answer_id="32379" />
</enumeration>

<enumeration enumeration_uid="6141">
  <enum_item value="0" text="Nei | Glemmer at han/hun er p&#229; sykehjem." answer_id="32384" />
  <enum_item value="1" text="Ja | Husker at han/hun er p&#229; sykehjem." answer_id="32385" />
</enumeration>

<enumeration enumeration_uid="6142">
  <enum_item value="0" text="Nei" answer_id="32390" />
  <enum_item value="1" text="Ja" answer_id="32391" />
</enumeration>

<enumeration enumeration_uid="6143">
  <enum_item value="0" text="Uavhengig." answer_id="32396" />
  <enum_item value="1" text="Uavhengig i kjente situasjoner." answer_id="32397" />
  <enum_item value="2" text="Moderat hemmet - d&#229;rlige avgj&#248;relser, trenger hint/hjelp." answer_id="32400" />
  <enum_item value="3" text="Sterkt hemmet - tar sjelden/aldri avgj&#248;relser." answer_id="32401" />
</enumeration>

<enumeration enumeration_uid="6144">
  <enum_item value="0" text="Ikke tilstede | Normal oppmerksomhet." answer_id="32406" />
  <enum_item value="1" text="Kontinuerlig tilstede | Kontinuerlig uoppmerksom." answer_id="32407" />
  <enum_item value="2" text="Tilstede i varierende grad. | Uoppmerksom i varierende grad." answer_id="32408" />
</enumeration>

<enumeration enumeration_uid="6145">
  <enum_item value="0" text="Ikke tilstede | Ikke uorganisert." answer_id="32411" />
  <enum_item value="1" text="Kontinuerlig tilstede | Kontinuerlig uorganisert." answer_id="32412" />
  <enum_item value="2" text="Tilstede i varierende grad | Uorganisert i varierende grad." answer_id="32413" />
</enumeration>

<enumeration enumeration_uid="6146">
  <enum_item value="0" text="Ikke tilstede | Normalt bevissthetsniv&#229;." answer_id="32416" />
  <enum_item value="1" text="Kontinuerlig tilstede | Kontinuerlig endret bevissthetsniv&#229;." answer_id="32417" />
  <enum_item value="2" text="Tilstede i varierende grad. | Endret bevissthetsniv&#229; i varierende grad." answer_id="32418" />
</enumeration>

<enumeration enumeration_uid="6147">
  <enum_item value="0" text="Ikke tilstede | Normalt aktivitetsniv&#229;." answer_id="32421" />
  <enum_item value="1" text="Kontinuerlig tilstede | Kontinuerlig endret aktivitetsniv&#229;." answer_id="32422" />
  <enum_item value="2" text="Tilstede i varierende grad. | Endret aktivitetsniv&#229; i varierende grad." answer_id="32423" />
</enumeration>

<enumeration enumeration_uid="6148">
  <enum_item value="0" text="Nei | Ingen br&#229; forandringer." answer_id="32426" />
  <enum_item value="1" text="Ja | Br&#229; forandringer siste 5 dager." answer_id="32427" />
</enumeration>

<!-- Start: Form items, generated XML -->

<question item_id="6128" mid="MDS30_C1" datatype="ORD" page_number="1" page_title="Kognitive m&#248;nstre" header="BIMS utf&#248;rt" question_text="Skal Kort intervju for Mental Status (BIMS) utf&#248;res" optional="0" enumeration_uid="6128" help_text="Hvis pasienten sjelden eller aldri gj&#248;r seg forst&#229;tt, svar &quot;Nei&quot; og besvar i stedet &quot;Pleiers vurdering av mental status&quot;." group_id="MDS30_C1" />
<question item_id="6129" mid="MDS30_C2" datatype="ORD" page_number="2" page_title="BIMS - Brief Interview for Mental Status" header="Gjenta tre ord" question_text="Si til beboer: &quot;Jeg skal si tre ord som du skal huske.  Kan du repetere ordene etter at jeg har sagt alle tre.  Ordene er SOKK, BL&#197; og SENG.  N&#229; skal du si de tre ordene." optional="0" enumeration_uid="6129" help_text="Scoring er resultatet p&#229; F&#216;RSTE fors&#248;k.  Etter f&#248;rste fors&#248;k, gjenta ordene med hint (sokk, noe &#229; ha p&#229;; bl&#229;, en farge; seng, et m&#248;bel;).  Du kan gjenta ordene opp til to ganger til." group_id="MDS30_C2" />
<question item_id="6130" mid="MDS30_C3a" datatype="ORD" page_number="2" page_title="BIMS - Brief Interview for Mental Status" question_text="Si til beboer: &quot;Kan du si hvilket &#229;r vi er i n&#229;?&quot;" optional="0" enumeration_uid="6130" group_id="MDS30_C3a" />
<question item_id="6131" mid="MDS30_C3b" datatype="ORD" page_number="2" page_title="BIMS - Brief Interview for Mental Status" question_text="Si til beboer: &quot;Kan du si hvilken m&#229;ned vi er i n&#229;?&quot;" optional="0" enumeration_uid="6131" group_id="MDS30_C3b" />
<question item_id="6132" mid="MDS30_C3c" datatype="ORD" page_number="2" page_title="BIMS - Brief Interview for Mental Status" question_text="Si til beboer: &quot;Kan du si hvilken ukedag vi har i dag?&quot;" optional="0" enumeration_uid="6132" group_id="MDS30_C3c" />
<question item_id="6133" mid="MDS30_C4a" datatype="ORD" page_number="3" question_text="Kan huske SOKK" optional="0" enumeration_uid="6133" group_id="MDS30_C4a" />
<question item_id="6134" mid="MDS30_C4b" datatype="ORD" page_number="3" question_text="Kan huske BL&#197;?" optional="0" enumeration_uid="6134" group_id="MDS30_C4b" />
<question item_id="6135" mid="MDS30_C4c" datatype="ORD" page_number="3" question_text="Kan huske SENG" optional="0" enumeration_uid="6135" group_id="MDS30_C4c" />
<question item_id="6150" mid="MDS30_C5" datatype="QN" page_number="3" question_text="BIMS Score (poeng)" optional="0" min_value="0" max_value="15" units="poeng" expression="MDS30_C2 + MDS30_C3a + MDS30_C3b + MDS30_C3c + MDS30_C4a + MDS30_C4b + MDS30_C4c" group_id="MDS30_C5" />
<question item_id="6136" mid="MDS30_C7" datatype="ORD" page_number="4" page_title="Pleiers vurdering av mental status" header="Korttidsminne" question_text="Ser ut til &#229; v&#230;re i stand til huske etter 5 minutter." optional="0" enumeration_uid="6136" group_id="MDS30_C7" />
<question item_id="6137" mid="MDS30_C8" datatype="ORD" page_number="4" page_title="Pleiers vurdering av mental status" header="Langtidsminne" question_text="Ser ut til &#229; v&#230;re i stand til huske ting som har skjedd for lenge siden." optional="0" enumeration_uid="6137" group_id="MDS30_C8" />
<question item_id="6151" mid="VAR6151" datatype="MSG" page_number="4" page_title="Pleiers vurdering av mental status" header="Korttidsminne" question_text="De neste fire sp&#248;rsm&#229;lene skal besvares basert p&#229; situasjonen de siste 5 dagene." optional="1" />
<question item_id="6138" mid="MDS30_C9a" datatype="ORD" page_number="4" page_title="Pleiers vurdering av mental status" header="&#197;rstid" question_text="Husker beboeren vanligvis &#229;rstiden?" optional="0" enumeration_uid="6138" help_text="Siste 5 dager" group_id="MDS30_C9a" />
<question item_id="6139" mid="MDS30_C9b" datatype="ORD" page_number="4" page_title="Pleiers vurdering av mental status" header="Eget rom" question_text="Husker beboeren vanligvis hvor eget rom er?" optional="0" enumeration_uid="6139" help_text="Siste 5 dager" group_id="MDS30_C9b" />
<question item_id="6140" mid="MDS30_C9c" datatype="ORD" page_number="4" page_title="Pleiers vurdering av mental status" header="Navn/ansikt" question_text="Husker beboeren vanligvis ansikt og navn p&#229; pleierne?" optional="0" enumeration_uid="6140" help_text="Siste 5 dager" group_id="MDS30_C9c" />
<question item_id="6141" mid="MDS30_C9d" datatype="ORD" page_number="4" page_title="Pleiers vurdering av mental status" header="P&#229; sykehjem" question_text="Husker beboeren vanligvis at han/hun er p&#229; sykehjem?" optional="0" enumeration_uid="6141" help_text="Siste 5 dager" group_id="MDS30_C9d" />
<question item_id="6142" mid="MDS30_C9e" datatype="ORD" page_number="4" page_title="Pleiers vurdering av mental status" header="Ingen av delene" question_text="Husker ingen av delene" optional="0" visible="-1" exclude_from_text="1" expression="ISNULL(MDS30_C9a + MDS30_C9b + MDS30_C9c + MDS30_C9d)" enumeration_uid="6142" help_text="Siste 5 dager" group_id="MDS30_C9e" />
<question item_id="6143" mid="MDS30_C10" datatype="ORD" page_number="5" page_title="Uavhengighet" header="Uavhengighet" question_text="Tar avgj&#248;relser rundt dagliglivets aktiviteter" optional="0" enumeration_uid="6143" group_id="MDS30_C10" />
<question item_id="6149" mid="VAR6149" datatype="MSG" page_number="6" page_title="Delirvurdering" header="Tegn og symptomer p&#229; delir (fra CAM)" question_text="Etter at BIMS eller pleiers vurdering er utfylt, besvar f&#248;lgende sp&#248;rsm&#229;l med fokus p&#229; de siste 5 dager." optional="1" />
<question item_id="6144" mid="MDS30_C11a" datatype="ORD" page_number="6" page_title="Delirvurdering" header="Uoppmerksomhet" question_text="Har beboeren problemer med &#229; fokusere oppmerksomheten?" optional="0" enumeration_uid="6144" help_text="Lett distrahert, frav&#230;rende eller vanskeligheter med &#229; f&#248;lge samtalen." group_id="MDS30_C11a" />
<question item_id="6145" mid="MDS30_C11b" datatype="ORD" page_number="6" page_title="Delirvurdering" header="Uorganisert tankegang" question_text="Var beboerens tankegang uorganisert eller usammenhengende?" optional="0" enumeration_uid="6145" help_text="Babling eller irrelevant prat, uklar eller med ulogisk flyt av id&#233;er, eller uforutsigbare endringer av tema)" group_id="MDS30_C11b" />
<question item_id="6146" mid="MDS30_C11c" datatype="ORD" page_number="6" page_title="Delirvurdering" header="Endret bevissthetsniv&#229;" question_text="Har beboeren endret bevissthetsniv&#229;?" optional="0" enumeration_uid="6146" help_text="F.eks. Vaktsom - lettskremt av lyd eller ber&#248;ring; Letargisk - dupper av under samtale, men responderer p&#229; stemme og ber&#248;ring; Stupor&#248;s - veldig vanskelig &#229; vekke og holde v&#229;ken for intervju; Komat&#248;s - kan ikke vekkes." group_id="MDS30_C11c" />
<question item_id="6147" mid="MDS30_C11d" datatype="ORD" page_number="6" page_title="Delirvurdering" header="Psykomotorisk retardasjon" question_text="Hadde beboeren et uvanlig lavt aktivitetsniv&#229; ?" optional="0" enumeration_uid="6147" help_text="Treghet, stirrer ut i luften, ur&#248;rlig, beveger seg sakte." group_id="MDS30_C11d" />
<question item_id="6148" mid="MDS30_C12" datatype="ORD" page_number="6" page_title="Delirvurdering" header="Br&#229; forandringer" question_text="Er det tegn til br&#229; forandringer i beboerens mentale status fra utgangsniv&#229;et de siste 5 dager?" optional="0" enumeration_uid="6148" group_id="MDS30_C12" />

<!-- Start: Form actions, generated XML -->

<question_action master_question_mid="MDS30_C1" detail_question_mid="MDS30_C2" enum_item_value="1" activate="1" />
<question_action master_question_mid="MDS30_C1" detail_question_mid="MDS30_C3a" enum_item_value="1" activate="1" />
<question_action master_question_mid="MDS30_C1" detail_question_mid="MDS30_C3b" enum_item_value="1" activate="1" />
<question_action master_question_mid="MDS30_C1" detail_question_mid="MDS30_C3c" enum_item_value="1" activate="1" />
<question_action master_question_mid="MDS30_C1" detail_question_mid="MDS30_C4a" enum_item_value="1" activate="1" />
<question_action master_question_mid="MDS30_C1" detail_question_mid="MDS30_C4b" enum_item_value="1" activate="1" />
<question_action master_question_mid="MDS30_C1" detail_question_mid="MDS30_C4c" enum_item_value="1" activate="1" />
<question_action master_question_mid="MDS30_C1" detail_question_mid="MDS30_C5" enum_item_value="1" activate="1" />
<question_action master_question_mid="MDS30_C1" detail_question_mid="MDS30_C7" enum_item_value="0" activate="1" />
<question_action master_question_mid="MDS30_C1" detail_question_mid="MDS30_C8" enum_item_value="0" activate="1" />
<question_action master_question_mid="MDS30_C1" detail_question_mid="VAR6151" enum_item_value="0" activate="1" />
<question_action master_question_mid="MDS30_C1" detail_question_mid="MDS30_C9a" enum_item_value="0" activate="1" />
<question_action master_question_mid="MDS30_C1" detail_question_mid="MDS30_C9b" enum_item_value="0" activate="1" />
<question_action master_question_mid="MDS30_C1" detail_question_mid="MDS30_C9c" enum_item_value="0" activate="1" />
<question_action master_question_mid="MDS30_C1" detail_question_mid="MDS30_C9d" enum_item_value="0" activate="1" />
<question_action master_question_mid="MDS30_C1" detail_question_mid="MDS30_C9e" enum_item_value="0" activate="1" />
</form>
