<?xml version="1.0" encoding="ISO-8859-1"?>
<form form_id="279" form_uid="GBD_EPI_BILDE" title="Epikrise fra bildeunders&#248;kelse" calculate_invalid="False" rating_scale="False" status="Open" repeatable="1" >
<instructions>Konklusjoner fra manuelle r�ntgensvar noteres med denne notattypen. Notat i fritekstfeltet.</instructions>

<!-- Start: Form enums, generated XML -->


<!-- Start: Form items, generated XML -->

<question item_id="3551" mid="BREV_INSTITUSJON" datatype="NAR" page_number="1" page_title="Epikrise bildeunders&#248;kelse" question_text="Institusjon" optional="0" multiline="0" group_id="BREV_INSTITUSJON" />
<question item_id="3552" mid="BREV_AVDELING" datatype="NAR" page_number="1" page_title="Epikrise bildeunders&#248;kelse" question_text="Avdeling" optional="0" multiline="0" group_id="BREV_AVDELING" />
<question item_id="3630" mid="BREV_ADRESSE" datatype="NAR" page_number="1" page_title="Epikrise bildeunders&#248;kelse" question_text="Adresse" optional="1" multiline="0" help_text="Adressen det henvises til" group_id="BREV_ADRESSE" />
<question item_id="3631" mid="BREV_POSTNUMMER" datatype="NAR" page_number="1" page_title="Epikrise bildeunders&#248;kelse" question_text="Postnummer" optional="1" multiline="0" group_id="BREV_POSTNUMMER" />
<question item_id="3632" mid="BREV_POSTSTED" datatype="NAR" page_number="1" page_title="Epikrise bildeunders&#248;kelse" question_text="Poststed" optional="1" multiline="0" group_id="BREV_POSTSTED" />
<question item_id="3633" mid="BREV_TELEFON" datatype="NAR" page_number="1" page_title="Epikrise bildeunders&#248;kelse" question_text="Telefonnummer" optional="1" multiline="0" group_id="BREV_TELEFON" />
<question item_id="3650" mid="POLIKLINIKK_DATO" datatype="DATE" page_number="2" page_title="Dato og konklusjon" question_text="Unders&#248;kelsesdato" optional="0" help_text="Dato for bes&#248;k hos poliklinikk/spesialist" group_id="POLIKLINIKK_DATO" />
<question item_id="3651" mid="EPIKRISE_DIAGNOSE" datatype="NAR" page_number="2" page_title="Dato og konklusjon" question_text="Hoveddiagnose" optional="1" multiline="0" group_id="EPIKRISE_DIAGNOSE" />

<!-- Start: Form actions, generated XML -->

</form>
