<?xml version="1.0" encoding="ISO-8859-1"?>
<form form_id="324" form_uid="GBD_KURVE" title="Kurvenotat" calculate_invalid="False" rating_scale="False" status="Open" repeatable="1" >
<instructions></instructions>

<!-- Start: Form enums, generated XML -->

<enumeration enumeration_uid="187">
  <enum_item value="1" text="Regelmessig puls." short_code="R" answer_id="288" />
  <enum_item value="2" text="Uregelmessig puls som ved atrieflimmer." short_code="AF" answer_id="289" />
  <enum_item value="3" text="Uregelmessig puls som ved ekstrasystoli." short_code="ES" answer_id="290" />
</enumeration>

<enumeration enumeration_uid="4327">
  <enum_item value="1" text="Pos" answer_id="23143" />
  <enum_item value="2" text="Neg" answer_id="23144" />
  <enum_item value="3" text="ikke tatt." answer_id="23145" />
</enumeration>

<enumeration enumeration_uid="4328">
  <enum_item value="1" text="Ja | U-Stix tatt." short_code="J" answer_id="23146" />
  <enum_item value="2" text="Nei*" short_code="N" answer_id="23147" />
</enumeration>

<enumeration enumeration_uid="4331">
  <enum_item value="1" text="Ja" answer_id="23148" />
  <enum_item value="2" text="Nei" short_code="N" answer_id="23149" />
</enumeration>

<enumeration enumeration_uid="5712">
  <enum_item value="1" text="Ja" short_code="J" answer_id="30545" />
  <enum_item value="2" text="Nei" short_code="N" answer_id="30546" />
</enumeration>

<enumeration enumeration_uid="6412">
  <enum_item value="0" text="Negativ" answer_id="33975" />
  <enum_item value="1" text="+1" answer_id="33976" />
  <enum_item value="2" text="+2" answer_id="33977" />
  <enum_item value="3" text="+3" answer_id="33978" />
</enumeration>

<enumeration enumeration_uid="6413">
  <enum_item value="0" text="Negativ" answer_id="33981" />
  <enum_item value="1" text="+1" answer_id="33982" />
  <enum_item value="2" text="+2" answer_id="33983" />
  <enum_item value="3" text="+3" answer_id="33984" />
</enumeration>

<enumeration enumeration_uid="6414">
  <enum_item value="0" text="Negativ" answer_id="33991" />
  <enum_item value="1" text="+1" answer_id="33992" />
  <enum_item value="2" text="+2" answer_id="33993" />
  <enum_item value="3" text="+3" answer_id="33994" />
</enumeration>

<!-- Start: Form items, generated XML -->

<question item_id="3683" mid="ESAS_01" datatype="QN" page_number="1" page_title="Smerte og angst (fra ESAS)" question_text="Smerte i ro" optional="1" min_value="1" max_value="10" group_id="ESAS_01" />
<question item_id="3684" mid="ESAS_02" datatype="QN" page_number="1" page_title="Smerte og angst (fra ESAS)" question_text="Smerte ved bevegelse" optional="1" min_value="1" max_value="10" group_id="ESAS_02" />
<question item_id="3690" mid="ESAS_08" datatype="QN" page_number="1" page_title="Smerte og angst (fra ESAS)" question_text="Angst/uro" optional="1" min_value="1" max_value="10" group_id="ESAS_08" />
<question item_id="3225" mid="HEIGHT" datatype="QN" page_number="2" page_title="H&#248;yde og vekt" question_text="H&#248;yde (cm)" optional="1" carry_forward="1" min_value="50" max_value="220" units="cm" help_text="Uten sko." group_id="HEIGHT" />
<question item_id="3224" mid="WEIGHT" datatype="QN" page_number="2" page_title="H&#248;yde og vekt" question_text="Vekt (kg)" optional="1" min_value="10" max_value="400" units="kg" decimals="1" help_text="Uten sko og yttert&#248;y." group_id="WEIGHT" />
<question item_id="3310" mid="BMI" datatype="QN" page_number="2" page_title="H&#248;yde og vekt" question_text="BMI (kg/m2)" optional="1" min_value="5" max_value="150" units="kg/m2" decimals="1" expression="WEIGHT/((HEIGHT/100)*(HEIGHT/100)) * ISPOS(WEIGHT)*ISPOS(HEIGHT)" help_text="Beregnes automatisk" group_id="BMI" />
<question item_id="3556" mid="SBP_UNSPEC" datatype="QN" page_number="3" page_title="Blodtrykk" question_text="Systolisk BT (mmHg)" optional="1" min_value="50" max_value="250" units="mmHg" help_text="Sittende eller liggende." group_id="SBP_UNSPEC" />
<question item_id="3555" mid="DBP_UNSPEC" datatype="QN" page_number="3" page_title="Blodtrykk" question_text="Diastolisk BT (mmHg)" optional="1" min_value="30" max_value="130" units="mmHg" help_text="Sittende eller liggende." group_id="DBP_UNSPEC" />
<question item_id="5712" mid="BP_UPRIGHT" datatype="ORD" page_number="3" page_title="Blodtrykk" header="St&#229;ende blodtrykk" question_text="Vil du ogs&#229; registrere st&#229;ende blodtrykk?" optional="1" exclude_from_text="1" enumeration_uid="5712" group_id="BP_UPRIGHT" />
<question item_id="573" mid="SBP_UPRIGHT" datatype="QN" page_number="4" question_text="Systolisk BT st&#229;ende (mmHg)" optional="1" min_value="50" max_value="250" units="mmHg" group_id="SBP_UPRIGHT" />
<question item_id="600" mid="DBP_UPRIGHT" datatype="QN" page_number="4" question_text="Diastolisk BT st&#229;ende (mmHg)" optional="1" min_value="30" max_value="150" units="mmHg" group_id="DBP_UPRIGHT" />
<question item_id="186" mid="PULSE_RATE" datatype="QN" page_number="5" page_title="Puls og temperatur" question_text="Puls (slag/min)" optional="1" min_value="30" max_value="200" units="slag/min" group_id="PULSE_RATE" />
<question item_id="187" mid="PULSE_QUALITY" datatype="ORD" page_number="5" page_title="Puls og temperatur" question_text="Pulskvalitet" optional="1" enumeration_uid="187" group_id="PULSE_QUALITY" />
<question item_id="188" mid="BODY_TEMP" datatype="QN" page_number="5" page_title="Puls og temperatur" question_text="Temperatur (&#176;C)" optional="1" min_value="32" max_value="42" units="&#176;C" decimals="1" group_id="BODY_TEMP" />
<question item_id="4380" mid="O2_SATURATION" datatype="QN" page_number="5" page_title="Puls og temperatur" question_text="O2-metning (%)" optional="1" min_value="80" max_value="100" units="%" decimals="1" group_id="O2_SATURATION" />
<question item_id="4328" mid="USTIX_TATT" datatype="ORD" page_number="6" page_title="Urin stix" question_text="Er det tatt urin stix" optional="1" enumeration_uid="4328" group_id="USTIX_TATT" />
<question item_id="4322" mid="USTIX_GLU" datatype="NAR" page_number="7" question_text="U-Glukose" optional="1" multiline="0" group_id="USTIX_GLU" />
<question item_id="4323" mid="USTIX_LEU" datatype="NAR" page_number="7" question_text="U-Leukcocytter" optional="1" multiline="0" group_id="USTIX_LEU" />
<question item_id="4324" mid="USTIX_NIT" datatype="NAR" page_number="7" question_text="U-Nitritt" optional="1" multiline="0" group_id="USTIX_NIT" />
<question item_id="4325" mid="USTIX_PRO" datatype="NAR" page_number="7" question_text="U-Protein" optional="1" multiline="0" group_id="USTIX_PRO" />
<question item_id="4326" mid="USTIX_ERY" datatype="NAR" page_number="7" question_text="U-Erytrocytter" optional="1" multiline="0" group_id="USTIX_ERY" />
<question item_id="4327" mid="URICULT" datatype="ORD" page_number="7" question_text="Uricult" optional="1" enumeration_uid="4327" group_id="URICULT" />
<question item_id="6412" mid="HEMOFEC_1" datatype="ORD" page_number="8" page_title="Hemofec" question_text="Hemofec 1" optional="1" enumeration_uid="6412" group_id="HEMOFEC_1" />
<question item_id="6413" mid="HEMOFEC_2" datatype="ORD" page_number="8" page_title="Hemofec" question_text="Hemofec 2" optional="1" enumeration_uid="6413" group_id="HEMOFEC_2" />
<question item_id="6414" mid="HEMOFEC_3" datatype="ORD" page_number="8" page_title="Hemofec" question_text="Hemofec 3" optional="1" enumeration_uid="6414" group_id="HEMOFEC_3" />
<question item_id="4331" mid="BLODPR_TATT" datatype="ORD" page_number="9" page_title="Blodpr&#248;ver" question_text="Er det tatt lokale blodpr&#248;ver?" optional="1" exclude_from_text="1" enumeration_uid="4331" group_id="BLODPR_TATT" />
<question item_id="3134" mid="B_HB" datatype="QN" page_number="10" question_text="B-Hb (g/100mL)" optional="1" min_value="5" max_value="20" units="g/100mL" decimals="1" help_text="H&#248;ye verdier ved polycytemi. Lave ved anemi. Nedsatt hemoglobin i fullblod med normalt hemoglobininnhold i en normal erytrocyttmasse kan ses i svangerskapet, etter splenektomi og undertiden ved makroglobulinemi. &#197;rsaken er &#248;kt plasmavolum." group_id="B_HB" />
<question item_id="4329" mid="SR" datatype="QN" page_number="10" question_text="B-SR (mm/t)" optional="1" min_value="0" max_value="150" units="mm/t" help_text="SR &gt; 30 mm betyr oftest organisk sykdom. SR &gt; 70 mm betyr oftest alvorlig organisk sykdom. Normal SR utelukker ikke organisk sykdom, ikke engang alvorlig organisk sykdom. Ved s&#230;rlig lave verdier (0 - 1 mm) b&#248;r polycytemi overveies." group_id="SR" />
<question item_id="273" mid="CRP" datatype="QN" page_number="10" question_text="S-CRP (mg/L)" optional="1" min_value="0" max_value="500" units="mg/L" decimals="1" help_text="H&#248;ye verdier ved aktive inflammatoriske prosesser. Bakterielle prosesser gir gjerne h&#248;yere verdier enn virusinfeksjoner. CRP er det mest f&#248;lsomme av akutt fase proteinene. Det kan stige til 2000 ganger utgangsverdien i l&#248;pet av 24 timer ved en akutt aktiv prosess. Ved tilbakegang av prosessen synker CRP fortere enn de &#248;vrige akutt fase proteinene." group_id="CRP" />
<question item_id="4330" mid="B_GLUCOSE" datatype="QN" page_number="10" question_text="B-Glukose (mmol/l)" optional="1" min_value="2" max_value="50" units="mmol/l" decimals="1" group_id="B_GLUCOSE" />

<!-- Start: Form actions, generated XML -->

<question_action master_question_mid="USTIX_TATT" detail_question_mid="USTIX_GLU" enum_item_value="1" activate="1" />
<question_action master_question_mid="USTIX_TATT" detail_question_mid="USTIX_LEU" enum_item_value="1" activate="1" />
<question_action master_question_mid="USTIX_TATT" detail_question_mid="USTIX_NIT" enum_item_value="1" activate="1" />
<question_action master_question_mid="USTIX_TATT" detail_question_mid="USTIX_PRO" enum_item_value="1" activate="1" />
<question_action master_question_mid="USTIX_TATT" detail_question_mid="USTIX_ERY" enum_item_value="1" activate="1" />
<question_action master_question_mid="USTIX_TATT" detail_question_mid="URICULT" enum_item_value="1" activate="1" />
<question_action master_question_mid="BLODPR_TATT" detail_question_mid="B_HB" enum_item_value="1" activate="1" />
<question_action master_question_mid="BLODPR_TATT" detail_question_mid="SR" enum_item_value="1" activate="1" />
<question_action master_question_mid="BLODPR_TATT" detail_question_mid="CRP" enum_item_value="1" activate="1" />
<question_action master_question_mid="BLODPR_TATT" detail_question_mid="B_GLUCOSE" enum_item_value="1" activate="1" />
</form>
