<?xml version="1.0" encoding="ISO-8859-1"?>
<form form_id="315" form_uid="GBD_EPIKRISE" title="Epikrise til andre" calculate_invalid="False" rating_scale="False" status="Open" repeatable="1" >
<instructions></instructions>

<!-- Start: Form enums, generated XML -->

<enumeration enumeration_uid="121">
  <enum_item value="1" text="Innlagt for utredning." answer_id="168" />
  <enum_item value="2" text="Korttidsopphold." answer_id="169" />
  <enum_item value="3" text="Rehabiliteringsopphold." answer_id="170" />
  <enum_item value="4" text="Rullering." answer_id="171" />
  <enum_item value="5" text="Fast beboer." answer_id="17614" />
</enumeration>

<!-- Start: Form items, generated XML -->

<question item_id="3634" mid="BREV_KONTAKT" datatype="NAR" page_number="1" page_title="Adressat" question_text="Kontaktperson" optional="0" multiline="0" group_id="BREV_KONTAKT" />
<question item_id="3551" mid="BREV_INSTITUSJON" datatype="NAR" page_number="1" page_title="Adressat" question_text="Institusjon" optional="1" multiline="0" group_id="BREV_INSTITUSJON" />
<question item_id="3552" mid="BREV_AVDELING" datatype="NAR" page_number="1" page_title="Adressat" question_text="Avdeling" optional="1" multiline="0" group_id="BREV_AVDELING" />
<question item_id="3630" mid="BREV_ADRESSE" datatype="NAR" page_number="1" page_title="Adressat" question_text="Adresse" optional="1" multiline="0" help_text="Adressen det henvises til" group_id="BREV_ADRESSE" />
<question item_id="3631" mid="BREV_POSTNUMMER" datatype="NAR" page_number="1" page_title="Adressat" question_text="Postnummer" optional="0" multiline="0" group_id="BREV_POSTNUMMER" />
<question item_id="3632" mid="BREV_POSTSTED" datatype="NAR" page_number="1" page_title="Adressat" question_text="Poststed" optional="0" multiline="0" group_id="BREV_POSTSTED" />
<question item_id="121" mid="OPPHOLDSTYPE" datatype="ORD" page_number="2" page_title="N&#248;kkeldata om oppholdet" question_text="Oppholdstype" optional="0" carry_forward="1" enumeration_uid="121" help_text="Husk &#229; oppdatere &quot;Statusfeltet&quot; &#248;verst p&#229; skjermen!" group_id="OPPHOLDSTYPE" />
<question item_id="4085" mid="GBD_INNDATO" datatype="DATE" page_number="2" page_title="N&#248;kkeldata om oppholdet" header="Ankom" question_text="N&#229;r kom pasienten kom inn p&#229; sykehjemmet?" optional="0" carry_forward="1" min_value="DOB" max_value="FORMDATE-1" help_text="Gjelder aktuelt opphold." group_id="GBD_INNDATO" />
<question item_id="4086" mid="GBD_UTDATO" datatype="DATE" page_number="2" page_title="N&#248;kkeldata om oppholdet" question_text="Forlot sykehjemmet" optional="0" carry_forward="1" help_text="Dato da pasienten forlot sykehjemmet" group_id="GBD_UTDATO" />

<!-- Start: Form actions, generated XML -->

</form>
