<?xml version="1.0" encoding="ISO-8859-1"?>
<form form_id="406" form_uid="DIAPOL_INSULIN" title="Insulindosering" calculate_invalid="True" rating_scale="False" status="Closed" repeatable="1" >
<instructions></instructions>

<!-- Start: Form enums, generated XML -->

<enumeration enumeration_uid="3201">
  <enum_item value="1" text="Ja" short_code="J" answer_id="16006" />
  <enum_item value="2" text="Nei" short_code="N" answer_id="16007" />
</enumeration>

<enumeration enumeration_uid="3206">
  <enum_item value="1" text="Ja" answer_id="16010" />
  <enum_item value="2" text="Nei" short_code="N" answer_id="16011" />
</enumeration>

<enumeration enumeration_uid="3209">
  <enum_item value="1" text="Ja" short_code="J" answer_id="16014" />
  <enum_item value="2" text="Nei" short_code="N" answer_id="16015" />
</enumeration>

<enumeration enumeration_uid="3322">
  <enum_item value="1" text="Kun kost/aktivitet." answer_id="16425" />
  <enum_item value="2" text="Perorale antidiabetika." answer_id="16426" />
  <enum_item value="3" text="Kun insulinbehandlet." answer_id="16427" />
  <enum_item value="4" text="Insulin pluss andre blodsukkersenkende midler." answer_id="16479" />
  <enum_item value="5" text="Ukjent" answer_id="16480" />
</enumeration>

<enumeration enumeration_uid="3332">
  <enum_item value="1" text="Ja" answer_id="16524" />
  <enum_item value="2" text="Nei" short_code="N" answer_id="16525" />
  <enum_item value="3" text="Ukjent" short_code="U" answer_id="16526" />
</enumeration>

<enumeration enumeration_uid="4056">
  <enum_item value="1" text="Insulinpenn/spr&#248;yte." answer_id="21306" />
  <enum_item value="2" text="Insulinpumpe." answer_id="21307" />
</enumeration>

<enumeration enumeration_uid="4207">
  <enum_item value="1" text="Ja" answer_id="22300" />
  <enum_item value="2" text="Nei" short_code="N" answer_id="22301" />
  <enum_item value="3" text="Vet ikke" short_code="V" answer_id="22302" />
</enumeration>

<enumeration enumeration_uid="4726">
  <enum_item value="1" text="Nei" answer_id="25473" />
  <enum_item value="2" text="Spr&#248;yte/penn" answer_id="25474" />
  <enum_item value="3" text="Pumpe" answer_id="25475" />
  <enum_item value="4" text="Vet ikke" answer_id="25476" />
</enumeration>

<!-- Start: Form items, generated XML -->

<question item_id="3322" mid="NDV_TREATMENT_TYPE" datatype="ORD" page_number="1" page_title="Behandlingsopplegg" header="Behandlingsstrategi" question_text="Diabetes behandles ved hjelp av" optional="0" carry_forward="1" highlight="1" enumeration_uid="3322" group_id="NDV_TREATMENT_TYPE" />
<question item_id="4056" mid="NDV_INSULIN_DEVICE" datatype="ORD" page_number="2" question_text="Insulinadministrasjon" optional="0" carry_forward="1" exclude_from_text="1" highlight="1" enumeration_uid="4056" group_id="NDV_INSULIN_DEVICE" />
<question item_id="4207" mid="NDV_NONPHARMA_ONLY" datatype="ORD" page_number="3" page_title="Avledede variable" question_text="Kun kost/aktivitet" optional="0" visible="-1" highlight="1" expression="ISNULL(NDV_TREATMENT_TYPE-1)+2*ISPOS(NDV_TREATMENT_TYPE-1)+ISNULL(NDV_TREATMENT_TYPE-5)" enumeration_uid="4207" group_id="NDV_NONPHARMA_ONLY" />
<question item_id="3332" mid="ATC_A10A" datatype="ORD" page_number="3" page_title="Avledede variable" question_text="Injeksjonsbehandling med insulin" optional="1" visible="-1" exclude_from_text="1" highlight="1" expression="ISPOS(ISNULL(NDV_TREATMENT_TYPE-3)+ISNULL(NDV_TREATMENT_TYPE-4)) + 2*ISNEG(NDV_TREATMENT_TYPE-3) + 3*ISNULL(NDV_TREATMENT_TYPE-5)" enumeration_uid="3332" group_id="ATC_A10A" />
<question item_id="4726" mid="NDV_INSULINADM" datatype="ORD" page_number="3" page_title="Avledede variable" question_text="Insulinbruker" optional="0" visible="-1" highlight="1" expression="1*ISNULL(ATC_A10A-2) + 2*ISNULL(ATC_A10A-1)*ISNULL(NDV_INSULIN_DEVICE-1) + 3*ISNULL(ATC_A10A-1)*ISNULL(NDV_INSULIN_DEVICE-2) + 4*ISNULL(ATC_A10A-3)" enumeration_uid="4726" group_id="NDV_INSULINADM" />
<question item_id="3996" mid="INSPUMP_LEVERT" datatype="DATE" page_number="4" page_title="Insulinpumpe detaljer" question_text="Dato for utlevering av insulinpumpe" optional="0" carry_forward="1" help_text="Mener vi f&#248;rste gang, eller denne?" group_id="INSPUMP_LEVERT" />
<question item_id="3997" mid="INSPUMP_NAVN" datatype="NAR" page_number="4" page_title="Insulinpumpe detaljer" question_text="Pumpe type" optional="0" carry_forward="1" multiline="0" group_id="INSPUMP_NAVN" />
<question item_id="3924" mid="INS_PUMP_00" datatype="QN" page_number="5" page_title="Basalinsulin enh/time" page_introduction="Trykk F4 for &#229; kopiere forrige linje" question_text="00-01 (E)" optional="0" carry_forward="1" min_value="0" max_value="10" units="E" decimals="2" group_id="INS_PUMP_00" />
<question item_id="3923" mid="INS_PUMP_01" datatype="QN" page_number="5" page_title="Basalinsulin enh/time" page_introduction="Trykk F4 for &#229; kopiere forrige linje" question_text="01-02 (E)" optional="0" carry_forward="1" min_value="0" max_value="10" units="E" decimals="2" help_text="Trykk F4 for &#229; kopiere forrige linje" group_id="INS_PUMP_01" />
<question item_id="3922" mid="INS_PUMP_02" datatype="QN" page_number="5" page_title="Basalinsulin enh/time" page_introduction="Trykk F4 for &#229; kopiere forrige linje" question_text="02-03 (E)" optional="0" carry_forward="1" min_value="0" max_value="10" units="E" decimals="2" help_text="Trykk F4 for &#229; kopiere forrige linje" group_id="INS_PUMP_02" />
<question item_id="3921" mid="INS_PUMP_03" datatype="QN" page_number="5" page_title="Basalinsulin enh/time" page_introduction="Trykk F4 for &#229; kopiere forrige linje" question_text="03-04 (E)" optional="0" carry_forward="1" min_value="0" max_value="10" units="E" decimals="2" help_text="Trykk F4 for &#229; kopiere forrige linje" group_id="INS_PUMP_03" />
<question item_id="3920" mid="INS_PUMP_04" datatype="QN" page_number="5" page_title="Basalinsulin enh/time" page_introduction="Trykk F4 for &#229; kopiere forrige linje" question_text="04-05 (E)" optional="0" carry_forward="1" min_value="0" max_value="10" units="E" decimals="2" help_text="Trykk F4 for &#229; kopiere forrige linje" group_id="INS_PUMP_04" />
<question item_id="3919" mid="INS_PUMP_05" datatype="QN" page_number="5" page_title="Basalinsulin enh/time" page_introduction="Trykk F4 for &#229; kopiere forrige linje" question_text="05-06 (E)" optional="0" carry_forward="1" min_value="0" max_value="10" units="E" decimals="2" help_text="Trykk F4 for &#229; kopiere forrige linje" group_id="INS_PUMP_05" />
<question item_id="3918" mid="INS_PUMP_06" datatype="QN" page_number="5" page_title="Basalinsulin enh/time" page_introduction="Trykk F4 for &#229; kopiere forrige linje" question_text="06-07 (E)" optional="0" carry_forward="1" min_value="0" max_value="10" units="E" decimals="2" help_text="Trykk F4 for &#229; kopiere forrige linje" group_id="INS_PUMP_06" />
<question item_id="3917" mid="INS_PUMP_07" datatype="QN" page_number="5" page_title="Basalinsulin enh/time" page_introduction="Trykk F4 for &#229; kopiere forrige linje" question_text="07-08 (E)" optional="0" carry_forward="1" min_value="0" max_value="10" units="E" decimals="2" help_text="Trykk F4 for &#229; kopiere forrige linje" group_id="INS_PUMP_07" />
<question item_id="3916" mid="INS_PUMP_08" datatype="QN" page_number="5" page_title="Basalinsulin enh/time" page_introduction="Trykk F4 for &#229; kopiere forrige linje" question_text="08-09 (E)" optional="0" carry_forward="1" min_value="0" max_value="10" units="E" decimals="2" help_text="Trykk F4 for &#229; kopiere forrige linje" group_id="INS_PUMP_08" />
<question item_id="3915" mid="INS_PUMP_09" datatype="QN" page_number="5" page_title="Basalinsulin enh/time" page_introduction="Trykk F4 for &#229; kopiere forrige linje" question_text="09-10 (E)" optional="0" carry_forward="1" min_value="0" max_value="10" units="E" decimals="2" help_text="Trykk F4 for &#229; kopiere forrige linje" group_id="INS_PUMP_09" />
<question item_id="3914" mid="INS_PUMP_10" datatype="QN" page_number="5" page_title="Basalinsulin enh/time" page_introduction="Trykk F4 for &#229; kopiere forrige linje" question_text="10-11 (E)" optional="0" carry_forward="1" min_value="0" max_value="10" units="E" decimals="2" help_text="Trykk F4 for &#229; kopiere forrige linje" group_id="INS_PUMP_10" />
<question item_id="3913" mid="INS_PUMP_11" datatype="QN" page_number="5" page_title="Basalinsulin enh/time" page_introduction="Trykk F4 for &#229; kopiere forrige linje" question_text="11-12 (E)" optional="0" carry_forward="1" min_value="0" max_value="10" units="E" decimals="2" help_text="Trykk F4 for &#229; kopiere forrige linje" group_id="INS_PUMP_11" />
<question item_id="3912" mid="INS_PUMP_12" datatype="QN" page_number="5" page_title="Basalinsulin enh/time" page_introduction="Trykk F4 for &#229; kopiere forrige linje" question_text="12-13 (E)" optional="0" carry_forward="1" min_value="0" max_value="10" units="E" decimals="2" help_text="Trykk F4 for &#229; kopiere forrige linje" group_id="INS_PUMP_12" />
<question item_id="3911" mid="INS_PUMP_13" datatype="QN" page_number="5" page_title="Basalinsulin enh/time" page_introduction="Trykk F4 for &#229; kopiere forrige linje" question_text="13-14 (E)" optional="0" carry_forward="1" min_value="0" max_value="10" units="E" decimals="2" help_text="Trykk F4 for &#229; kopiere forrige linje" group_id="INS_PUMP_13" />
<question item_id="3910" mid="INS_PUMP_14" datatype="QN" page_number="5" page_title="Basalinsulin enh/time" page_introduction="Trykk F4 for &#229; kopiere forrige linje" question_text="14-15 (E)" optional="0" carry_forward="1" min_value="0" max_value="10" units="E" decimals="2" help_text="Trykk F4 for &#229; kopiere forrige linje" group_id="INS_PUMP_14" />
<question item_id="3925" mid="INS_PUMP_15" datatype="QN" page_number="5" page_title="Basalinsulin enh/time" page_introduction="Trykk F4 for &#229; kopiere forrige linje" question_text="15-16 (E)" optional="0" carry_forward="1" min_value="0" max_value="10" units="E" decimals="2" help_text="Trykk F4 for &#229; kopiere forrige linje" group_id="INS_PUMP_15" />
<question item_id="3926" mid="INS_PUMP_16" datatype="QN" page_number="5" page_title="Basalinsulin enh/time" page_introduction="Trykk F4 for &#229; kopiere forrige linje" question_text="16-17 (E)" optional="0" carry_forward="1" min_value="0" max_value="10" units="E" decimals="2" help_text="Trykk F4 for &#229; kopiere forrige linje" group_id="INS_PUMP_16" />
<question item_id="3927" mid="INS_PUMP_17" datatype="QN" page_number="5" page_title="Basalinsulin enh/time" page_introduction="Trykk F4 for &#229; kopiere forrige linje" question_text="17-18 (E)" optional="0" carry_forward="1" min_value="0" max_value="10" units="E" decimals="2" help_text="Trykk F4 for &#229; kopiere forrige linje" group_id="INS_PUMP_17" />
<question item_id="3928" mid="INS_PUMP_18" datatype="QN" page_number="5" page_title="Basalinsulin enh/time" page_introduction="Trykk F4 for &#229; kopiere forrige linje" question_text="18-19 (E)" optional="0" carry_forward="1" min_value="0" max_value="10" units="E" decimals="2" help_text="Trykk F4 for &#229; kopiere forrige linje" group_id="INS_PUMP_18" />
<question item_id="3929" mid="INS_PUMP_19" datatype="QN" page_number="5" page_title="Basalinsulin enh/time" page_introduction="Trykk F4 for &#229; kopiere forrige linje" question_text="19-20 (E)" optional="0" carry_forward="1" min_value="0" max_value="10" units="E" decimals="2" help_text="Trykk F4 for &#229; kopiere forrige linje" group_id="INS_PUMP_19" />
<question item_id="3930" mid="INS_PUMP_20" datatype="QN" page_number="5" page_title="Basalinsulin enh/time" page_introduction="Trykk F4 for &#229; kopiere forrige linje" question_text="20-21 (E)" optional="0" carry_forward="1" min_value="0" max_value="10" units="E" decimals="2" help_text="Trykk F4 for &#229; kopiere forrige linje" group_id="INS_PUMP_20" />
<question item_id="3931" mid="INS_PUMP_21" datatype="QN" page_number="5" page_title="Basalinsulin enh/time" page_introduction="Trykk F4 for &#229; kopiere forrige linje" question_text="21-22 (E)" optional="0" carry_forward="1" min_value="0" max_value="10" units="E" decimals="2" help_text="Trykk F4 for &#229; kopiere forrige linje" group_id="INS_PUMP_21" />
<question item_id="3932" mid="INS_PUMP_22" datatype="QN" page_number="5" page_title="Basalinsulin enh/time" page_introduction="Trykk F4 for &#229; kopiere forrige linje" question_text="22-23 (E)" optional="0" carry_forward="1" min_value="0" max_value="10" units="E" decimals="2" help_text="Trykk F4 for &#229; kopiere forrige linje" group_id="INS_PUMP_22" />
<question item_id="3909" mid="INS_PUMP_23" datatype="QN" page_number="5" page_title="Basalinsulin enh/time" page_introduction="Trykk F4 for &#229; kopiere forrige linje" question_text="23-24 (E)" optional="0" carry_forward="1" min_value="0" max_value="10" units="E" decimals="2" help_text="Trykk F4 for &#229; kopiere forrige linje" group_id="INS_PUMP_23" />
<question item_id="3933" mid="INS_PUMP_SUM" datatype="QN" page_number="5" page_title="Basalinsulin enh/time" page_introduction="Trykk F4 for &#229; kopiere forrige linje" header="Sum fra pumpe" question_text="Sum enheter insulin pr. d&#248;gn fra pumpen (E)" optional="1" units="E" decimals="2" expression="INS_PUMP_00_SCORE + INS_PUMP_01_SCORE + INS_PUMP_02_SCORE + INS_PUMP_03_SCORE + INS_PUMP_04_SCORE + INS_PUMP_05_SCORE + INS_PUMP_06_SCORE + INS_PUMP_07_SCORE + INS_PUMP_08_SCORE + INS_PUMP_09_SCORE + INS_PUMP_10_SCORE + INS_PUMP_11_SCORE + INS_PUMP_12_SCORE + INS_PUMP_13_SCORE + INS_PUMP_14_SCORE + INS_PUMP_15_SCORE + INS_PUMP_16_SCORE + INS_PUMP_17_SCORE + INS_PUMP_18_SCORE + INS_PUMP_19_SCORE + INS_PUMP_20_SCORE + INS_PUMP_21_SCORE + INS_PUMP_22_SCORE + INS_PUMP_23_SCORE" group_id="INS_PUMP_SUM" />
<question item_id="3209" mid="INS_BASAL_YN" datatype="ORD" page_number="6" page_title="Basalinsulin" question_text="Bruker basalinsulin" optional="0" carry_forward="1" exclude_from_text="1" enumeration_uid="3209" group_id="INS_BASAL_YN" />
<question item_id="4214" mid="INS_BASAL_NAME" datatype="NAR" page_number="7" header="Preparat" question_text="Preparatnavn og type penn" optional="0" carry_forward="1" exclude_caption="1" multiline="0" help_text="F.eks: Humulin engangspenn, Insulatard Penfill, Lantus SoloStar, Levemir FlexPen" group_id="INS_BASAL_NAME" />
<question item_id="3207" mid="INS_BASAL_MORNING" datatype="QN" page_number="7" question_text="Morgen (E)" optional="0" carry_forward="1" min_value="0" max_value="300" units="E" group_id="INS_BASAL_MORNING" />
<question item_id="3208" mid="INS_BASAL_NOON" datatype="QN" page_number="7" question_text="Middag (E)" optional="0" carry_forward="1" min_value="0" max_value="300" units="E" group_id="INS_BASAL_NOON" />
<question item_id="3210" mid="INS_BASAL_EVENING" datatype="QN" page_number="7" question_text="Kveld (E)" optional="0" carry_forward="1" min_value="0" max_value="300" units="E" group_id="INS_BASAL_EVENING" />
<question item_id="3906" mid="INS_BASAL_SUM" datatype="QN" page_number="7" question_text="Sum (E)" optional="0" units="E" expression="IS_NULL(INS_BASAL_YN-1) * ( INS_BASAL_MORNING*ISPOS(INS_BASAL_MORNING+1) + INS_BASAL_NOON*ISPOS(INS_BASAL_NOON+1)+ INS_BASAL_EVENING *ISPOS(INS_BASAL_EVENING+1))" group_id="INS_BASAL_SUM" />
<question item_id="3206" mid="INS_MEAL_YN" datatype="ORD" page_number="8" page_title="M&#229;ltidsinsulin" question_text="Bruker m&#229;ltidsinsulin" optional="0" carry_forward="1" exclude_from_text="1" enumeration_uid="3206" group_id="INS_MEAL_YN" />
<question item_id="4215" mid="INS_MEAL_NAME" datatype="NAR" page_number="9" header="Preparat*" question_text="Preparatnavn og type penn" optional="0" carry_forward="1" exclude_caption="1" multiline="0" help_text="F.eks: Humalog engangspenn, NovoRapid Flexpen, Actrapid Penfill, Apidra SoloStar, Insuman Rapid" group_id="INS_MEAL_NAME" />
<question item_id="3228" mid="INS_MEAL_BREAKFAST" datatype="QN" page_number="9" question_text="Frokost (E)" optional="0" carry_forward="1" min_value="0" max_value="200" units="E" decimals="1" group_id="INS_MEAL_BREAKFAST" />
<question item_id="3202" mid="INS_MEAL_BRUNCH" datatype="QN" page_number="9" question_text="Brunch (E)" optional="0" carry_forward="1" min_value="0" max_value="200" units="E" decimals="1" help_text="Mellom frokost og lunsj" group_id="INS_MEAL_BRUNCH" />
<question item_id="3203" mid="INS_MEAL_LUNCH" datatype="QN" page_number="9" question_text="Lunsj (E)" optional="0" carry_forward="1" min_value="0" max_value="200" units="E" decimals="1" group_id="INS_MEAL_LUNCH" />
<question item_id="3204" mid="INS_MEAL_DINNER" datatype="QN" page_number="9" question_text="Middag (E)" optional="0" carry_forward="1" min_value="0" max_value="200" units="E" decimals="1" group_id="INS_MEAL_DINNER" />
<question item_id="3200" mid="INS_MEAL_SUPPER" datatype="QN" page_number="9" question_text="Kvelds (E)" optional="0" carry_forward="1" min_value="0" max_value="200" units="E" decimals="1" group_id="INS_MEAL_SUPPER" />
<question item_id="3905" mid="INS_MEAL_SUM" datatype="QN" page_number="9" question_text="Sum m&#229;ltidsinsulin (E)" optional="0" units="E" decimals="1" expression="IS_NULL(INS_MEAL_YN-1) * ( INS_MEAL_BREAKFAST*ISPOS(INS_MEAL_BREAKFAST+1) + INS_MEAL_BRUNCH*ISPOS(INS_MEAL_BRUNCH+1) + INS_MEAL_LUNCH*ISPOS(INS_MEAL_LUNCH+1) + INS_MEAL_DINNER*ISPOS(INS_MEAL_DINNER+1) + INS_MEAL_SUPPER*ISPOS(INS_MEAL_SUPPER+1) )" group_id="INS_MEAL_SUM" />
<question item_id="3201" mid="INS_PREMIX_YN" datatype="ORD" page_number="10" page_title="Premix insulin" question_text="Bruker premix-insulin" optional="0" carry_forward="1" exclude_from_text="1" enumeration_uid="3201" group_id="INS_PREMIX_YN" />
<question item_id="4216" mid="INS_PREMIX_NAME" datatype="NAR" page_number="11" header="Preparat*" question_text="Preparatnavn og type penn" optional="0" carry_forward="1" exclude_caption="1" multiline="0" help_text="F.eks: Humalog Mix25 engangspenn, NovoMix 30 FlexPen, Insuman Comb 25 OptiSet" group_id="INS_PREMIX_NAME" />
<question item_id="3221" mid="INS_PREMIX_MORNING" datatype="QN" page_number="11" question_text="Morgen (E)" optional="0" carry_forward="1" min_value="0" max_value="300" units="E" group_id="INS_PREMIX_MORNING" />
<question item_id="3904" mid="INS_PREMIX_NOON" datatype="QN" page_number="11" question_text="Midt p&#229; dagen (E)" optional="0" carry_forward="1" min_value="0" max_value="300" units="E" group_id="INS_PREMIX_NOON" />
<question item_id="3205" mid="INS_PREMIX_EVENING" datatype="QN" page_number="11" question_text="Kveld (E)" optional="0" carry_forward="1" min_value="0" max_value="300" units="E" group_id="INS_PREMIX_EVENING" />
<question item_id="3907" mid="INS_PREMIX_SUM" datatype="QN" page_number="11" question_text="Sum (E)" optional="0" units="E" expression="IS_NULL(INS_PREMIX_YN-1) * ( INS_PREMIX_MORNING*ISPOS(INS_PREMIX_MORNING+1) + INS_PREMIX_NOON*ISPOS(INS_PREMIX_NOON+1) + INS_PREMIX_EVENING*ISPOS(INS_PREMIX_EVENING+1) )" group_id="INS_PREMIX_SUM" />
<question item_id="3908" mid="INS_ALL_SUM" datatype="QN" page_number="12" page_title="Totalsum" question_text="D&#248;gndose (E)" optional="0" units="E" decimals="1" highlight="1" expression="INS_MEAL_SUM + INS_BASAL_SUM + INS_PREMIX_SUM + INS_PUMP_SUM *ISNULL (NDV_INSULIN_DEVICE-2)" group_id="INS_ALL_SUM" />

<!-- Start: Form actions, generated XML -->

<question_action master_question_mid="NDV_TREATMENT_TYPE" detail_question_mid="NDV_INSULIN_DEVICE" enum_item_value="3" activate="1" />
<question_action master_question_mid="NDV_TREATMENT_TYPE" detail_question_mid="NDV_INSULIN_DEVICE" enum_item_value="4" activate="1" />
<question_action master_question_mid="NDV_INSULIN_DEVICE" detail_question_mid="INSPUMP_LEVERT" enum_item_value="2" activate="1" />
<question_action master_question_mid="NDV_INSULIN_DEVICE" detail_question_mid="INSPUMP_NAVN" enum_item_value="2" activate="1" />
<question_action master_question_mid="NDV_INSULIN_DEVICE" detail_question_mid="INS_PUMP_00" enum_item_value="2" activate="1" />
<question_action master_question_mid="NDV_INSULIN_DEVICE" detail_question_mid="INS_PUMP_01" enum_item_value="2" activate="1" />
<question_action master_question_mid="NDV_INSULIN_DEVICE" detail_question_mid="INS_PUMP_02" enum_item_value="2" activate="1" />
<question_action master_question_mid="NDV_INSULIN_DEVICE" detail_question_mid="INS_PUMP_03" enum_item_value="2" activate="1" />
<question_action master_question_mid="NDV_INSULIN_DEVICE" detail_question_mid="INS_PUMP_04" enum_item_value="2" activate="1" />
<question_action master_question_mid="NDV_INSULIN_DEVICE" detail_question_mid="INS_PUMP_05" enum_item_value="2" activate="1" />
<question_action master_question_mid="NDV_INSULIN_DEVICE" detail_question_mid="INS_PUMP_06" enum_item_value="2" activate="1" />
<question_action master_question_mid="NDV_INSULIN_DEVICE" detail_question_mid="INS_PUMP_07" enum_item_value="2" activate="1" />
<question_action master_question_mid="NDV_INSULIN_DEVICE" detail_question_mid="INS_PUMP_08" enum_item_value="2" activate="1" />
<question_action master_question_mid="NDV_INSULIN_DEVICE" detail_question_mid="INS_PUMP_09" enum_item_value="2" activate="1" />
<question_action master_question_mid="NDV_INSULIN_DEVICE" detail_question_mid="INS_PUMP_10" enum_item_value="2" activate="1" />
<question_action master_question_mid="NDV_INSULIN_DEVICE" detail_question_mid="INS_PUMP_11" enum_item_value="2" activate="1" />
<question_action master_question_mid="NDV_INSULIN_DEVICE" detail_question_mid="INS_PUMP_12" enum_item_value="2" activate="1" />
<question_action master_question_mid="NDV_INSULIN_DEVICE" detail_question_mid="INS_PUMP_13" enum_item_value="2" activate="1" />
<question_action master_question_mid="NDV_INSULIN_DEVICE" detail_question_mid="INS_PUMP_14" enum_item_value="2" activate="1" />
<question_action master_question_mid="NDV_INSULIN_DEVICE" detail_question_mid="INS_PUMP_15" enum_item_value="2" activate="1" />
<question_action master_question_mid="NDV_INSULIN_DEVICE" detail_question_mid="INS_PUMP_16" enum_item_value="2" activate="1" />
<question_action master_question_mid="NDV_INSULIN_DEVICE" detail_question_mid="INS_PUMP_17" enum_item_value="2" activate="1" />
<question_action master_question_mid="NDV_INSULIN_DEVICE" detail_question_mid="INS_PUMP_18" enum_item_value="2" activate="1" />
<question_action master_question_mid="NDV_INSULIN_DEVICE" detail_question_mid="INS_PUMP_19" enum_item_value="2" activate="1" />
<question_action master_question_mid="NDV_INSULIN_DEVICE" detail_question_mid="INS_PUMP_20" enum_item_value="2" activate="1" />
<question_action master_question_mid="NDV_INSULIN_DEVICE" detail_question_mid="INS_PUMP_21" enum_item_value="2" activate="1" />
<question_action master_question_mid="NDV_INSULIN_DEVICE" detail_question_mid="INS_PUMP_22" enum_item_value="2" activate="1" />
<question_action master_question_mid="NDV_INSULIN_DEVICE" detail_question_mid="INS_PUMP_23" enum_item_value="2" activate="1" />
<question_action master_question_mid="NDV_INSULIN_DEVICE" detail_question_mid="INS_PUMP_SUM" enum_item_value="2" activate="1" />
<question_action master_question_mid="NDV_INSULIN_DEVICE" detail_question_mid="INS_BASAL_YN" enum_item_value="1" activate="1" />
<question_action master_question_mid="INS_BASAL_YN" detail_question_mid="INS_BASAL_NAME" enum_item_value="1" activate="1" />
<question_action master_question_mid="INS_BASAL_YN" detail_question_mid="INS_BASAL_MORNING" enum_item_value="1" activate="1" />
<question_action master_question_mid="INS_BASAL_YN" detail_question_mid="INS_BASAL_NOON" enum_item_value="1" activate="1" />
<question_action master_question_mid="INS_BASAL_YN" detail_question_mid="INS_BASAL_EVENING" enum_item_value="1" activate="1" />
<question_action master_question_mid="INS_BASAL_YN" detail_question_mid="INS_BASAL_SUM" enum_item_value="1" activate="1" />
<question_action master_question_mid="ATC_A10A" detail_question_mid="INS_MEAL_YN" enum_item_value="1" activate="1" />
<question_action master_question_mid="INS_MEAL_YN" detail_question_mid="INS_MEAL_NAME" enum_item_value="1" activate="1" />
<question_action master_question_mid="INS_MEAL_YN" detail_question_mid="INS_MEAL_BREAKFAST" enum_item_value="1" activate="1" />
<question_action master_question_mid="INS_MEAL_YN" detail_question_mid="INS_MEAL_BRUNCH" enum_item_value="1" activate="1" />
<question_action master_question_mid="INS_MEAL_YN" detail_question_mid="INS_MEAL_LUNCH" enum_item_value="1" activate="1" />
<question_action master_question_mid="INS_MEAL_YN" detail_question_mid="INS_MEAL_DINNER" enum_item_value="1" activate="1" />
<question_action master_question_mid="INS_MEAL_YN" detail_question_mid="INS_MEAL_SUPPER" enum_item_value="1" activate="1" />
<question_action master_question_mid="INS_MEAL_YN" detail_question_mid="INS_MEAL_SUM" enum_item_value="1" activate="1" />
<question_action master_question_mid="NDV_INSULIN_DEVICE" detail_question_mid="INS_PREMIX_YN" enum_item_value="1" activate="1" />
<question_action master_question_mid="INS_PREMIX_YN" detail_question_mid="INS_PREMIX_NAME" enum_item_value="1" activate="1" />
<question_action master_question_mid="INS_PREMIX_YN" detail_question_mid="INS_PREMIX_MORNING" enum_item_value="1" activate="1" />
<question_action master_question_mid="INS_PREMIX_YN" detail_question_mid="INS_PREMIX_NOON" enum_item_value="1" activate="1" />
<question_action master_question_mid="INS_PREMIX_YN" detail_question_mid="INS_PREMIX_EVENING" enum_item_value="1" activate="1" />
<question_action master_question_mid="INS_PREMIX_YN" detail_question_mid="INS_PREMIX_SUM" enum_item_value="1" activate="1" />
<question_action master_question_mid="ATC_A10A" detail_question_mid="INS_ALL_SUM" enum_item_value="1" activate="1" />
</form>
