<?xml version="1.0" encoding="ISO-8859-1"?>
<form form_id="769" form_uid="GBD_NATT" title="Nattrapport" calculate_invalid="False" rating_scale="False" status="Open" repeatable="1" >
<instructions></instructions>

<!-- Start: Form enums, generated XML -->

<enumeration enumeration_uid="9456">
  <enum_item value="1" text="Ja | Eventuelt-medisin gitt." answer_id="51835" />
  <enum_item value="2" text="Nei | Ikke gitt eventuelt-medisin." answer_id="51836" />
  <enum_item value="3" text="Ikke aktuelt*" answer_id="51837" />
</enumeration>

<enumeration enumeration_uid="9458">
  <enum_item value="1" text="Ja | Oppf&#248;lging kreves." answer_id="51844" />
  <enum_item value="2" text="Nei*" answer_id="51845" />
</enumeration>

<!-- Start: Form items, generated XML -->

<question item_id="9456" mid="VAR9456" datatype="ORD" page_number="1" page_title="Eventuelt" question_text="Gitt eventuelt-medisin" optional="0" enumeration_uid="9456" />
<question item_id="9457" mid="VAR9457" datatype="NAR" page_number="2" header="Kommentar" question_text="Kommentar til eventuelt-medisin." optional="0" multiline="1" />
<question item_id="9458" mid="VAR9458" datatype="ORD" page_number="3" page_title="Oppf&#248;lging" header="Oppf&#248;lgningsbehov" question_text="Er det ting i rapporten som krever spesiell oppf&#248;lging" optional="0" enumeration_uid="9458" />
<question item_id="9459" mid="VAR9459" datatype="NAR" page_number="4" header="Stikkord:" question_text="Stikkord til hva som skal f&#248;lges opp" optional="0" multiline="1" help_text="Bruk kommentarfeltet nederst for mer utfyllende beskrivelse." />

<!-- Start: Form actions, generated XML -->

<question_action master_question_mid="VAR9456" detail_question_mid="VAR9457" enum_item_value="1" activate="1" />
<question_action master_question_mid="VAR9458" detail_question_mid="VAR9459" enum_item_value="1" activate="1" />
</form>
