<?xml version="1.0" encoding="ISO-8859-1"?>
<form form_id="465" form_uid="Innkomst" title="Innkomstsamtale langtid" calculate_invalid="False" rating_scale="False" status="Closed" repeatable="1" >
<instructions></instructions>

<!-- Start: Form enums, generated XML -->

<enumeration enumeration_uid="122">
  <enum_item value="1" text="ektefelle | Ektefelle:" answer_id="180" />
  <enum_item value="2" text="datter/s&#248;nn | Datter/s&#248;nn:" answer_id="181" />
  <enum_item value="3" text="bror/s&#248;ster | Bror/s&#248;ster:" answer_id="182" />
  <enum_item value="4" text="annet slektskap | Slektning:" answer_id="183" />
  <enum_item value="5" text="samboer | Samboer:" answer_id="184" />
</enumeration>

<enumeration enumeration_uid="4911">
  <enum_item value="1" text="Ja" answer_id="27402" />
  <enum_item value="2" text="Nei" short_code="N" answer_id="27403" />
</enumeration>

<enumeration enumeration_uid="4913">
  <enum_item value="1" text="Ja" answer_id="27404" />
  <enum_item value="2" text="Nei" short_code="N" answer_id="27405" />
  <enum_item value="3" text="Ukjent" short_code="U" answer_id="28639" />
</enumeration>

<enumeration enumeration_uid="4914">
  <enum_item value="1" text="Ja" answer_id="27407" />
  <enum_item value="2" text="Nei" short_code="N" answer_id="27408" />
</enumeration>

<enumeration enumeration_uid="4915">
  <enum_item value="1" text="Ja" answer_id="27412" />
  <enum_item value="2" text="Nei" short_code="N" answer_id="27413" />
</enumeration>

<enumeration enumeration_uid="4917">
  <enum_item value="1" text="N&#229;r som helst p&#229; d&#248;gnet" answer_id="27432" />
  <enum_item value="2" text="Ikke om natten" answer_id="27433" />
</enumeration>

<enumeration enumeration_uid="4919">
  <enum_item value="1" text="Ja" answer_id="27440" />
  <enum_item value="2" text="Nei" short_code="N" answer_id="27441" />
</enumeration>

<enumeration enumeration_uid="4920">
  <enum_item value="1" text="Hjem" answer_id="27448" />
  <enum_item value="2" text="Somatisk sykehus" answer_id="27449" />
  <enum_item value="3" text="Psykiatrisk sykehus" answer_id="28524" />
  <enum_item value="4" text="Sykehjem / aldershjem" answer_id="28525" />
  <enum_item value="5" text="Annet" answer_id="28526" />
</enumeration>

<enumeration enumeration_uid="4923">
  <enum_item value="1" text="Korttids-opphold" answer_id="27450" />
  <enum_item value="2" text="Rullerings-opphold" answer_id="27451" />
  <enum_item value="3" text="Rehabiliterings-opphold" answer_id="27452" />
  <enum_item value="4" text="Langtids-opphold / Fast plass" answer_id="27456" />
</enumeration>

<enumeration enumeration_uid="4924">
  <enum_item value="1" text="Ja" answer_id="27463" />
  <enum_item value="2" text="Nei" short_code="N" answer_id="27464" />
</enumeration>

<enumeration enumeration_uid="4925">
  <enum_item value="1" text="Ja" answer_id="27465" />
  <enum_item value="2" text="Nei" short_code="N" answer_id="27466" />
</enumeration>

<enumeration enumeration_uid="4926">
  <enum_item value="1" text="Ja" answer_id="27471" />
  <enum_item value="2" text="Nei" short_code="N" answer_id="27472" />
</enumeration>

<enumeration enumeration_uid="4927">
  <enum_item value="1" text="Ja" answer_id="27473" />
  <enum_item value="2" text="Nei" short_code="N" answer_id="27474" />
</enumeration>

<enumeration enumeration_uid="4928">
  <enum_item value="1" text="Ja" answer_id="27475" />
  <enum_item value="2" text="Nei" short_code="N" answer_id="27476" />
</enumeration>

<enumeration enumeration_uid="4929">
  <enum_item value="1" text="Ja" answer_id="27477" />
  <enum_item value="2" text="Nei" short_code="N" answer_id="27478" />
</enumeration>

<enumeration enumeration_uid="4930">
  <enum_item value="1" text="Ja" answer_id="27479" />
  <enum_item value="2" text="Nei" short_code="N" answer_id="27480" />
  <enum_item value="3" text="Ikke relevant" answer_id="27481" />
</enumeration>

<enumeration enumeration_uid="4931">
  <enum_item value="1" text="Ja" answer_id="27482" />
  <enum_item value="2" text="Nei" short_code="N" answer_id="27483" />
</enumeration>

<enumeration enumeration_uid="4932">
  <enum_item value="1" text="Ja" answer_id="27484" />
  <enum_item value="2" text="Nei" short_code="N" answer_id="27485" />
</enumeration>

<enumeration enumeration_uid="4933">
  <enum_item value="1" text="Ja" answer_id="27486" />
  <enum_item value="2" text="Nei" short_code="N" answer_id="27487" />
</enumeration>

<enumeration enumeration_uid="4934">
  <enum_item value="1" text="Ja" answer_id="27490" />
  <enum_item value="2" text="Nei" short_code="N" answer_id="27491" />
</enumeration>

<enumeration enumeration_uid="4935">
  <enum_item value="1" text="Ja" answer_id="27492" />
  <enum_item value="2" text="Nei" short_code="N" answer_id="27493" />
</enumeration>

<enumeration enumeration_uid="4936">
  <enum_item value="1" text="Ja" answer_id="27494" />
  <enum_item value="2" text="Nei" short_code="N" answer_id="27495" />
</enumeration>

<enumeration enumeration_uid="4937">
  <enum_item value="1" text="Ja" answer_id="27496" />
  <enum_item value="2" text="Nei" short_code="N" answer_id="27497" />
</enumeration>

<enumeration enumeration_uid="4938">
  <enum_item value="1" text="Ja" answer_id="27498" />
  <enum_item value="2" text="Nei" short_code="N" answer_id="27499" />
</enumeration>

<enumeration enumeration_uid="4939">
  <enum_item value="1" text="Ja" answer_id="27500" />
  <enum_item value="2" text="Nei" short_code="N" answer_id="27501" />
</enumeration>

<enumeration enumeration_uid="4940">
  <enum_item value="1" text="Ja" answer_id="27512" />
  <enum_item value="2" text="Nei" short_code="N" answer_id="27513" />
</enumeration>

<enumeration enumeration_uid="4942">
  <enum_item value="1" text="Ja" answer_id="27518" />
  <enum_item value="2" text="Nei" short_code="N" answer_id="27519" />
</enumeration>

<enumeration enumeration_uid="4943">
  <enum_item value="1" text="Ja" answer_id="27520" />
  <enum_item value="2" text="Nei" short_code="N" answer_id="27521" />
</enumeration>

<enumeration enumeration_uid="4944">
  <enum_item value="1" text="Ja" answer_id="27522" />
  <enum_item value="2" text="Nei" short_code="N" answer_id="27523" />
</enumeration>

<enumeration enumeration_uid="4945">
  <enum_item value="1" text="Ja" answer_id="27524" />
  <enum_item value="2" text="Nei" short_code="N" answer_id="27525" />
</enumeration>

<enumeration enumeration_uid="4946">
  <enum_item value="1" text="Ja" answer_id="27526" />
  <enum_item value="2" text="Nei" short_code="N" answer_id="27527" />
</enumeration>

<enumeration enumeration_uid="4947">
  <enum_item value="1" text="Sv&#230;rt interessert" answer_id="27528" />
  <enum_item value="2" text="Litt interessert" answer_id="27529" />
  <enum_item value="3" text="Ikke interessert" answer_id="28731" />
</enumeration>

<enumeration enumeration_uid="4949">
  <enum_item value="1" text="f&#248;r 7" answer_id="27544" />
  <enum_item value="2" text="7-9" answer_id="27545" />
  <enum_item value="3" text="9-11" answer_id="27546" />
  <enum_item value="4" text="etter 11" answer_id="27547" />
</enumeration>

<enumeration enumeration_uid="4950">
  <enum_item value="1" text="f&#248;r 19" answer_id="27548" />
  <enum_item value="2" text="19-21" answer_id="27549" />
  <enum_item value="3" text="21-23" answer_id="27550" />
  <enum_item value="4" text="etter 23" answer_id="27551" />
</enumeration>

<enumeration enumeration_uid="4953">
  <enum_item value="1" text="Ja" answer_id="27556" />
  <enum_item value="2" text="Nei" short_code="N" answer_id="27557" />
</enumeration>

<enumeration enumeration_uid="4955">
  <enum_item value="1" text="Ja" answer_id="27560" />
  <enum_item value="2" text="Nei" short_code="N" answer_id="27561" />
</enumeration>

<enumeration enumeration_uid="4956">
  <enum_item value="1" text="Ja" answer_id="27562" />
  <enum_item value="2" text="Nei" short_code="N" answer_id="27563" />
</enumeration>

<enumeration enumeration_uid="4957">
  <enum_item value="1" text="Ja" answer_id="27566" />
  <enum_item value="2" text="Nei" short_code="N" answer_id="27567" />
</enumeration>

<enumeration enumeration_uid="4958">
  <enum_item value="1" text="Ja" answer_id="27568" />
  <enum_item value="2" text="Nei" short_code="N" answer_id="27569" />
</enumeration>

<enumeration enumeration_uid="4959">
  <enum_item value="1" text="Ja" answer_id="27576" />
  <enum_item value="2" text="Nei" short_code="N" answer_id="27577" />
</enumeration>

<enumeration enumeration_uid="4960">
  <enum_item value="1" text="Ja" answer_id="27578" />
  <enum_item value="2" text="Nei" short_code="N" answer_id="27579" />
</enumeration>

<enumeration enumeration_uid="4961">
  <enum_item value="1" text="Beboer selv" answer_id="27580" />
  <enum_item value="2" text="P&#229;r&#248;rende" answer_id="27581" />
  <enum_item value="3" text="Hjemmesykepleie" answer_id="27582" />
</enumeration>

<enumeration enumeration_uid="4989">
  <enum_item value="1" text="God" answer_id="27662" />
  <enum_item value="2" text="Middels" answer_id="27663" />
  <enum_item value="3" text="D&#229;rlig" answer_id="27664" />
</enumeration>

<enumeration enumeration_uid="5112">
  <enum_item value="1" text="Ja" answer_id="28214" />
  <enum_item value="2" text="Nei" short_code="N" answer_id="28215" />
</enumeration>

<enumeration enumeration_uid="5113">
  <enum_item value="1" text="Ja" answer_id="28216" />
  <enum_item value="2" text="Nei" short_code="N" answer_id="28217" />
</enumeration>

<enumeration enumeration_uid="5114">
  <enum_item value="1" text="Ja" answer_id="28220" />
  <enum_item value="2" text="Nei" short_code="N" answer_id="28221" />
</enumeration>

<enumeration enumeration_uid="5115">
  <enum_item value="1" text="Ja" answer_id="28222" />
  <enum_item value="2" text="Nei" short_code="N" answer_id="28223" />
</enumeration>

<enumeration enumeration_uid="5130">
  <enum_item value="1" text="Ja" answer_id="28246" />
  <enum_item value="2" text="Nei" short_code="N" answer_id="28247" />
</enumeration>

<enumeration enumeration_uid="5132">
  <enum_item value="1" text="Det meste" answer_id="28248" />
  <enum_item value="2" text="klassisk" answer_id="28249" />
  <enum_item value="3" text="visesang" answer_id="28250" />
  <enum_item value="4" text="country" answer_id="28251" />
  <enum_item value="5" text="danseband" answer_id="28252" />
  <enum_item value="6" text="folkemusikk" answer_id="28253" />
  <enum_item value="7" text="rock" answer_id="28254" />
  <enum_item value="8" text="jazz" answer_id="28255" />
  <enum_item value="9" text="religi&#248;s musikk" answer_id="28256" />
  <enum_item value="10" text="pop" answer_id="28717" />
  <enum_item value="11" text="annet (kommentarfelt)" answer_id="28728" />
</enumeration>

<enumeration enumeration_uid="5178">
  <enum_item value="1" text="Ugift" answer_id="28527" />
  <enum_item value="2" text="Gift" answer_id="28528" />
  <enum_item value="3" text="Enke(mann)" answer_id="28529" />
  <enum_item value="4" text="Separert" answer_id="28530" />
  <enum_item value="5" text="Skilt" answer_id="28531" />
  <enum_item value="6" text="Registrert partnerskap" answer_id="28532" />
  <enum_item value="7" text="Ukjent" answer_id="28533" />
</enumeration>

<enumeration enumeration_uid="5217">
  <enum_item value="1" text="Ja" answer_id="28578" />
  <enum_item value="2" text="Nei" short_code="N" answer_id="28579" />
</enumeration>

<enumeration enumeration_uid="5218">
  <enum_item value="1" text="Ja" answer_id="28582" />
  <enum_item value="2" text="Nei" short_code="N" answer_id="28583" />
</enumeration>

<enumeration enumeration_uid="5219">
  <enum_item value="1" text="Pasienten selv" answer_id="28588" />
  <enum_item value="2" text="Hjelpeverge" answer_id="28589" />
  <enum_item value="3" text="P&#229;r&#248;rende" answer_id="28590" />
  <enum_item value="4" text="Annen" answer_id="28591" />
</enumeration>

<enumeration enumeration_uid="5221">
  <enum_item value="1" text="Ja" answer_id="28586" />
  <enum_item value="2" text="Nei" short_code="N" answer_id="28587" />
</enumeration>

<enumeration enumeration_uid="5223">
  <enum_item value="1" text="Ja" answer_id="28592" />
  <enum_item value="2" text="Nei" short_code="N" answer_id="28593" />
</enumeration>

<enumeration enumeration_uid="5224">
  <enum_item value="1" text="Ja" answer_id="28594" />
  <enum_item value="2" text="Nei" short_code="N" answer_id="28595" />
</enumeration>

<enumeration enumeration_uid="5225">
  <enum_item value="1" text="Ja" answer_id="28596" />
  <enum_item value="2" text="Nei" short_code="N" answer_id="28597" />
</enumeration>

<enumeration enumeration_uid="5226">
  <enum_item value="1" text="Ja" answer_id="28598" />
  <enum_item value="2" text="Nei" short_code="N" answer_id="28599" />
</enumeration>

<enumeration enumeration_uid="5231">
  <enum_item value="1" text="Barneskolen" answer_id="28627" />
  <enum_item value="2" text="Videreg&#229;ende" answer_id="28628" />
  <enum_item value="3" text="H&#248;yskole / Universitet / h&#248;yere utdannelse" answer_id="28629" />
</enumeration>

<enumeration enumeration_uid="5233">
  <enum_item value="1" text="Ja" answer_id="28697" />
  <enum_item value="2" text="Nei" short_code="N" answer_id="28698" />
</enumeration>

<!-- Start: Form items, generated XML -->

<question item_id="5177" mid="VAR5177" datatype="NAR" page_number="1" question_text="Samtale mellom" optional="1" multiline="0" />
<question item_id="4914" mid="VAR4914" datatype="ORD" page_number="1" question_text="Er beboer i stand til &#229; bidra med opplysninger ved innkomstsamtalen?" optional="1" enumeration_uid="4914" />
<question item_id="4922" mid="VAR4922" datatype="DATE" page_number="2" page_title="Informasjon om det aktuelle oppholdet" question_text="Innkomst dato" optional="1" />
<question item_id="4923" mid="VAR4923" datatype="ORD" page_number="2" page_title="Informasjon om det aktuelle oppholdet" question_text="Type opphold" optional="1" enumeration_uid="4923" />
<question item_id="4920" mid="VAR4920" datatype="ORD" page_number="2" page_title="Informasjon om det aktuelle oppholdet" question_text="Kommer fra..." optional="1" enumeration_uid="4920" />
<question item_id="4921" mid="VAR4921" datatype="NAR" page_number="3" header="Institusjon" question_text="Navn p&#229; ev. institusjon som pasienten innlegges fra" optional="1" multiline="0" />
<question item_id="4989" mid="VAR4989" datatype="ORD" page_number="4" page_title="Subjektiv helsetilstand" header="Subjektiv helsetilstand" question_text="Hvordan oppleves beboerens helsetilstand (av seg selv, ev. p&#229;r&#248;rende)?" optional="1" enumeration_uid="4989" />
<question item_id="5235" mid="VAR5235" datatype="DATE" page_number="5" page_title="Behandler-kontakt" question_text="Vurdert av lege i l&#248;pet av siste 12 mnd." optional="1" help_text="Tidspunkt for siste vurdering registreres der det er kjent, selv om det er over 12 mnd siden" />
<question item_id="5236" mid="VAR5236" datatype="DATE" page_number="5" page_title="Behandler-kontakt" question_text="Vurdert av tannhelsepersonell i l&#248;pet av siste 12 mnd." optional="1" help_text="Tidspunkt for siste vurdering registreres der det er kjent, selv om det er over 12 mnd siden" />
<question item_id="3428" mid="DOCNAME" datatype="NAR" page_number="6" header="Navn*" question_text="Fastlegens navn" optional="0" exclude_caption="1" multiline="0" group_id="DOCNAME" />
<question item_id="3429" mid="DOCADDRESS" datatype="NAR" page_number="6" header="Adresse*" question_text="Fastlegens adresse" optional="0" exclude_caption="1" multiline="0" group_id="DOCADDRESS" />
<question item_id="3430" mid="DOCZIP" datatype="NAR" page_number="6" header="Postnummer*" question_text="Fastlegens postnummer" optional="0" exclude_caption="1" multiline="0" group_id="DOCZIP" />
<question item_id="3431" mid="DOCCITY" datatype="NAR" page_number="6" header="Poststed*" question_text="Fastlegens poststed" optional="0" exclude_caption="1" multiline="0" group_id="DOCCITY" />
<question item_id="3432" mid="DOCPHONE" datatype="NAR" page_number="6" header="Telefon*" question_text="Fastlegens telefonnummer" optional="0" exclude_caption="1" multiline="0" group_id="DOCPHONE" />
<question item_id="5230" mid="VAR5230" datatype="NAR" page_number="7" page_title="Yrke / Skolegang" question_text="(Tidligere) Yrke(r)" optional="1" multiline="0" />
<question item_id="5231" mid="VAR5231" datatype="ORD" page_number="7" page_title="Yrke / Skolegang" question_text="H&#248;yest fullf&#248;rte skolegang / utdannelse" optional="1" enumeration_uid="5231" />
<question item_id="5178" mid="VAR5178" datatype="ORD" page_number="8" page_title="Kontaktpersoner" question_text="Sivilstand" optional="1" enumeration_uid="5178" />
<question item_id="122" mid="NEXTOFKIN_TYPE" datatype="ORD" page_number="8" page_title="Kontaktpersoner" header="N&#230;rmeste p&#229;r&#248;rende" question_text="Hva er pasientens relasjon til n&#230;rmeste p&#229;r&#248;rende?" optional="0" enumeration_uid="122" group_id="NEXTOFKIN_TYPE" />
<question item_id="3426" mid="NEXTOFKIN_NAME" datatype="NAR" page_number="8" page_title="Kontaktpersoner" header="Navn*" question_text="N&#230;rmeste p&#229;r&#248;rende" optional="1" exclude_caption="1" multiline="0" group_id="NEXTOFKIN_NAME" />
<question item_id="3424" mid="NEXTOFKIN_ADDRESS" datatype="NAR" page_number="8" page_title="Kontaktpersoner" header="Adresse*" question_text="Gate/postadresse for n&#230;rmeste p&#229;r&#248;rende" optional="0" exclude_caption="1" multiline="0" group_id="NEXTOFKIN_ADDRESS" />
<question item_id="3433" mid="NEXTOFKIN_ZIP" datatype="NAR" page_number="8" page_title="Kontaktpersoner" header="Postnummer*" question_text="Postnummer for n&#230;rmeste p&#229;r&#248;rende" optional="0" exclude_caption="1" multiline="0" group_id="NEXTOFKIN_ZIP" />
<question item_id="3427" mid="NEXTOFKIN_CITY" datatype="NAR" page_number="8" page_title="Kontaktpersoner" header="Poststed*" question_text="Poststed for n&#230;rmeste p&#229;r&#248;rende" optional="0" exclude_caption="1" multiline="0" group_id="NEXTOFKIN_CITY" />
<question item_id="3425" mid="NEXTOFKIN_PHONE" datatype="NAR" page_number="8" page_title="Kontaktpersoner" header="Telefon" question_text="Telefonnumre for n&#230;rmeste p&#229;r&#248;rende" optional="0" exclude_caption="1" multiline="0" help_text="Skriv gjerne flere telefonnumre, skilt med komma." group_id="NEXTOFKIN_PHONE" />
<question item_id="5184" mid="VAR5184" datatype="NAR" page_number="8" page_title="Kontaktpersoner" question_text="Andre p&#229;r&#248;rende" optional="1" multiline="0" help_text="Kontaktopplysninger for andre p&#229;r&#248;rende" />
<question item_id="4913" mid="VAR4913" datatype="ORD" page_number="9" page_title="Om kommunikasjon ved forverring i helsetilstand" question_text="Orientering til beboer om helsetilstand" optional="1" enumeration_uid="4913" help_text="Beboeren &#248;nsker/ville &#248;nsket &#229; holdes fortl&#248;pende orientert om sin helsetilstand, for eksempel ved nytilkomne sykdomsfunn p&#229; blodpr&#248;ver eller andre funn" />
<question item_id="4915" mid="VAR4915" datatype="ORD" page_number="9" page_title="Om kommunikasjon ved forverring i helsetilstand" question_text="Full informasjon til p&#229;r&#248;rende" optional="1" enumeration_uid="4915" help_text="Beboer &#248;nsker/ville &#248;nsket at n&#230;rmeste p&#229;r&#248;rende skal f&#229; full informasjon om hans/hennes helsetilstand?" />
<question item_id="5232" mid="VAR5232" datatype="NAR" page_number="10" question_text="Ev. kommentar" optional="1" multiline="0" />
<question item_id="4917" mid="VAR4917" datatype="ORD" page_number="11" question_text="Hvordan &#248;nsker p&#229;r&#248;rende &#229; bli informert ved akutt forverring av beboers helsetilstand?" optional="1" enumeration_uid="4917" />
<question item_id="4919" mid="VAR4919" datatype="ORD" page_number="11" question_text="Har beboer et &#248;nske om, eller ville beboer &#248;nsket, at det igangsettes gjennopplivningsfors&#248;k f.eks. ved akutt hjertestans?" optional="1" enumeration_uid="4919" />
<question item_id="5219" mid="VAR5219" datatype="ORD" page_number="12" page_title="&#216;konomi" question_text="Hvem h&#229;ndterer &#248;konomien?" optional="1" enumeration_uid="5219" />
<question item_id="5222" mid="VAR5222" datatype="NAR" page_number="13" question_text="Hvem annen h&#229;ndterer &#248;konomien til beboer?" optional="1" multiline="0" />
<question item_id="5221" mid="VAR5221" datatype="ORD" page_number="14" question_text="B&#248;r det opprettes hjelpeverge?" optional="1" enumeration_uid="5221" />
<question item_id="4911" mid="VAR4911" datatype="ORD" page_number="15" page_title="Bidrag fra p&#229;r&#248;rende" question_text="Melder flytting til folkeregisteret?" optional="1" enumeration_uid="4911" />
<question item_id="4924" mid="VAR4924" datatype="ORD" page_number="15" page_title="Bidrag fra p&#229;r&#248;rende" question_text="Endring av abonnementer p&#229; aviser, ukeblad, tidsskrifter og post?" optional="1" enumeration_uid="4924" />
<question item_id="4925" mid="VAR4925" datatype="ORD" page_number="15" page_title="Bidrag fra p&#229;r&#248;rende" question_text="Skaffe m&#248;bler /annet inventar til beboerrommet?" optional="1" enumeration_uid="4925" />
<question item_id="4926" mid="VAR4926" datatype="ORD" page_number="15" page_title="Bidrag fra p&#229;r&#248;rende" question_text="Merke t&#248;yet?" optional="1" enumeration_uid="4926" />
<question item_id="4927" mid="VAR4927" datatype="ORD" page_number="15" page_title="Bidrag fra p&#229;r&#248;rende" question_text="Vaske ullt&#248;y og fint-t&#248;y?" optional="1" enumeration_uid="4927" />
<question item_id="4928" mid="VAR4928" datatype="ORD" page_number="15" page_title="Bidrag fra p&#229;r&#248;rende" question_text="Innkj&#248;p av n&#248;dvendig t&#248;y fortl&#248;pende?" optional="1" enumeration_uid="4928" />
<question item_id="4929" mid="VAR4929" datatype="ORD" page_number="15" page_title="Bidrag fra p&#229;r&#248;rende" question_text="Innkj&#248;p av toalettsaker fortl&#248;pende?" optional="1" enumeration_uid="4929" />
<question item_id="4930" mid="VAR4930" datatype="ORD" page_number="15" page_title="Bidrag fra p&#229;r&#248;rende" question_text="Vedlikeholde av ev. blomster?" optional="1" enumeration_uid="4930" />
<question item_id="4931" mid="VAR4931" datatype="ORD" page_number="15" page_title="Bidrag fra p&#229;r&#248;rende" question_text="T&#248;rke st&#248;v i blant p&#229; beboer-rommet?" optional="1" enumeration_uid="4931" />
<question item_id="4932" mid="VAR4932" datatype="ORD" page_number="15" page_title="Bidrag fra p&#229;r&#248;rende" question_text="F&#248;lge beboer til tannlege, spesialister, arrangementer ol.?" optional="1" enumeration_uid="4932" />
<question item_id="5233" mid="VAR5233" datatype="ORD" page_number="16" page_title="&#216;nske om deltagelse i felles aktiviteter" question_text="Alle aktiviteter?" optional="1" enumeration_uid="5233" />
<question item_id="4933" mid="VAR4933" datatype="ORD" page_number="17" page_title="Felles aktiviteter" question_text="Andakt" optional="1" enumeration_uid="4933" />
<question item_id="4935" mid="VAR4935" datatype="ORD" page_number="17" page_title="Felles aktiviteter" question_text="Avislesing" optional="1" enumeration_uid="4935" />
<question item_id="4937" mid="VAR4937" datatype="ORD" page_number="17" page_title="Felles aktiviteter" question_text="Utflukter" optional="1" enumeration_uid="4937" />
<question item_id="4938" mid="VAR4938" datatype="ORD" page_number="17" page_title="Felles aktiviteter" question_text="Bingo" optional="1" enumeration_uid="4938" />
<question item_id="4939" mid="VAR4939" datatype="ORD" page_number="17" page_title="Felles aktiviteter" question_text="Trim" optional="1" enumeration_uid="4939" />
<question item_id="4936" mid="VAR4936" datatype="ORD" page_number="17" page_title="Felles aktiviteter" question_text="Konserter" optional="1" enumeration_uid="4936" />
<question item_id="5112" mid="VAR5112" datatype="ORD" page_number="17" page_title="Felles aktiviteter" question_text="Sangkor" optional="1" enumeration_uid="5112" />
<question item_id="4940" mid="VAR4940" datatype="ORD" page_number="17" page_title="Felles aktiviteter" question_text="Felles-sang" optional="1" enumeration_uid="4940" />
<question item_id="5114" mid="VAR5114" datatype="ORD" page_number="17" page_title="Felles aktiviteter" question_text="Dans" optional="1" enumeration_uid="5114" />
<question item_id="5113" mid="VAR5113" datatype="ORD" page_number="17" page_title="Felles aktiviteter" question_text="Baking" optional="1" enumeration_uid="5113" />
<question item_id="5115" mid="VAR5115" datatype="ORD" page_number="17" page_title="Felles aktiviteter" question_text="Kino / film" optional="1" enumeration_uid="5115" />
<question item_id="4934" mid="VAR4934" datatype="ORD" page_number="17" page_title="Felles aktiviteter" question_text="Hagearbeid" optional="1" enumeration_uid="4934" />
<question item_id="4942" mid="VAR4942" datatype="ORD" page_number="17" page_title="Felles aktiviteter" question_text="Bord-dekking" optional="1" enumeration_uid="4942" />
<question item_id="4943" mid="VAR4943" datatype="ORD" page_number="17" page_title="Felles aktiviteter" question_text="Vanne blomster" optional="1" enumeration_uid="4943" />
<question item_id="4944" mid="VAR4944" datatype="ORD" page_number="17" page_title="Felles aktiviteter" question_text="Brette t&#248;y" optional="1" enumeration_uid="4944" />
<question item_id="4947" mid="VAR4947" datatype="ORD" page_number="18" page_title="Interesser" question_text="Hvor musikk-interessert er beboer?" optional="1" enumeration_uid="4947" />
<question item_id="5130" mid="VAR5130" datatype="ORD" page_number="19" question_text="Spiller beboer, eller har beboer spilt, et instrument?" optional="1" enumeration_uid="5130" />
<question item_id="5131" mid="VAR5131" datatype="NAR" page_number="19" question_text="Hvilket instrument" optional="1" multiline="0" />
<question item_id="5132" mid="VAR5132" datatype="ORD" page_number="19" question_text="Hvilken musikksjanger liker beboer best?" optional="1" enumeration_uid="5132" />
<question item_id="5234" mid="VAR5234" datatype="NAR" page_number="19" question_text="Ev. andre musikk-typer" optional="1" multiline="0" />
<question item_id="4945" mid="VAR4945" datatype="ORD" page_number="20" question_text="Liker &#229; se p&#229; TV" optional="1" enumeration_uid="4945" />
<question item_id="4946" mid="VAR4946" datatype="ORD" page_number="20" question_text="H&#248;re p&#229; radio" optional="1" enumeration_uid="4946" />
<question item_id="4948" mid="VAR4948" datatype="NAR" page_number="20" question_text="Hvilke andre interesser har beboer?" optional="1" multiline="1" />
<question item_id="4949" mid="VAR4949" datatype="ORD" page_number="21" page_title="Vaner" question_text="Beboer liker &#229; st&#229; opp klokken..." optional="1" enumeration_uid="4949" />
<question item_id="4950" mid="VAR4950" datatype="ORD" page_number="21" page_title="Vaner" question_text="Beboer liker &#229; legge seg klokken..." optional="1" enumeration_uid="4950" />
<question item_id="4952" mid="VAR4952" datatype="NAR" page_number="21" page_title="Vaner" question_text="Andre vaner..." optional="1" multiline="1" />
<question item_id="4953" mid="VAR4953" datatype="ORD" page_number="22" page_title="Livssyn" question_text="Har beboeren et livssyn som avdelingen b&#248;r ta hensyn til?" optional="1" enumeration_uid="4953" help_text="F.eks ifht. kosthold, prestetilbud, h&#248;ytider, blodoverf&#248;ring, mm." />
<question item_id="4954" mid="VAR4954" datatype="NAR" page_number="23" question_text="Ev. hvilket, og p&#229; hvilken m&#229;te det &#248;nskes &#229; bli tatt hensyn til." optional="1" multiline="1" />
<question item_id="4955" mid="VAR4955" datatype="ORD" page_number="24" page_title="Gjennomgang av praktiske opplysninger" question_text="Skriftlig informasjon om institusjonen er gitt" optional="1" enumeration_uid="4955" help_text="Er gitt beboer / p&#229;r&#248;rende" />
<question item_id="4956" mid="VAR4956" datatype="ORD" page_number="24" page_title="Gjennomgang av praktiske opplysninger" question_text="Personlige eiendeler erstattes ikke av institusjonen." optional="1" enumeration_uid="4956" help_text="Beboer / p&#229;r&#248;rende er informert" />
<question item_id="4957" mid="VAR4957" datatype="ORD" page_number="24" page_title="Gjennomgang av praktiske opplysninger" question_text="Flytting til annet rom eller avdeling kan forekomme." optional="1" enumeration_uid="4957" help_text="Beboer / p&#229;r&#248;rende er informert" />
<question item_id="5223" mid="VAR5223" datatype="ORD" page_number="24" page_title="Gjennomgang av praktiske opplysninger" question_text="Telefon-muligheter" optional="1" enumeration_uid="5223" help_text="Beboer / p&#229;r&#248;rende er informert" />
<question item_id="5224" mid="VAR5224" datatype="ORD" page_number="24" page_title="Gjennomgang av praktiske opplysninger" question_text="R&#248;ykeforbud / r&#248;ykerom" optional="1" enumeration_uid="5224" help_text="Beboer / p&#229;r&#248;rende er informert" />
<question item_id="5225" mid="VAR5225" datatype="ORD" page_number="24" page_title="Gjennomgang av praktiske opplysninger" question_text="Om legetjenesten" optional="1" enumeration_uid="5225" help_text="Beboer / p&#229;r&#248;rende er informert" />
<question item_id="5226" mid="VAR5226" datatype="ORD" page_number="24" page_title="Gjennomgang av praktiske opplysninger" question_text="Om andre tjenester (fris&#248;r, fotpleie, osv.)" optional="1" enumeration_uid="5226" help_text="Beboer / p&#229;r&#248;rende er informert" />
<question item_id="5217" mid="VAR5217" datatype="ORD" page_number="24" page_title="Gjennomgang av praktiske opplysninger" header="Elektrisk utstyr hjemmefra" question_text="Skal beboer ha med seg elektrisk utstyr hjemmefra?" optional="1" enumeration_uid="5217" />
<question item_id="4958" mid="VAR4958" datatype="ORD" page_number="25" question_text="Skal pasienten ha TV p&#229; rommet?" optional="1" enumeration_uid="4958" />
<question item_id="4959" mid="VAR4959" datatype="ORD" page_number="25" question_text="Dersom TVen er eldre enn 2 &#229;r m&#229; det innhentes dokumentasjon p&#229; at apparatet er rengjort av autorisert TV-verksted. Denne dokumentasjon returneres til teknisk avdeling p&#229; institusjonen. Informasjon er gitt." optional="1" enumeration_uid="4959" />
<question item_id="5218" mid="VAR5218" datatype="ORD" page_number="25" question_text="Beskjed er gitt til vaktmester om kontroll av eksternt elektrisk utstyr" optional="1" enumeration_uid="5218" />
<question item_id="4960" mid="VAR4960" datatype="ORD" page_number="26" page_title="Medisinh&#229;ndtering" question_text="Har beboer med private medisiner?" optional="1" enumeration_uid="4960" />
<question item_id="4961" mid="VAR4961" datatype="ORD" page_number="27" question_text="Hvem doserer medisiner hjemme?" optional="1" enumeration_uid="4961" />

<!-- Start: Form actions, generated XML -->

<question_action master_question_mid="VAR4920" detail_question_mid="VAR4921" enum_item_value="1" activate="6" />
<question_action master_question_mid="VAR4923" detail_question_mid="DOCNAME" enum_item_value="4" activate="6" />
<question_action master_question_mid="VAR4923" detail_question_mid="DOCADDRESS" enum_item_value="4" activate="6" />
<question_action master_question_mid="VAR4923" detail_question_mid="DOCZIP" enum_item_value="4" activate="6" />
<question_action master_question_mid="VAR4923" detail_question_mid="DOCCITY" enum_item_value="4" activate="6" />
<question_action master_question_mid="VAR4923" detail_question_mid="DOCPHONE" enum_item_value="4" activate="6" />
<question_action master_question_mid="VAR4915" detail_question_mid="VAR5232" enum_item_value="2" activate="1" />
<question_action master_question_mid="VAR5219" detail_question_mid="VAR5222" enum_item_value="4" activate="1" />
<question_action master_question_mid="VAR5233" detail_question_mid="VAR4933" enum_item_value="2" activate="1" />
<question_action master_question_mid="VAR5233" detail_question_mid="VAR4935" enum_item_value="2" activate="1" />
<question_action master_question_mid="VAR5233" detail_question_mid="VAR4937" enum_item_value="2" activate="1" />
<question_action master_question_mid="VAR5233" detail_question_mid="VAR4938" enum_item_value="2" activate="1" />
<question_action master_question_mid="VAR5233" detail_question_mid="VAR4939" enum_item_value="2" activate="1" />
<question_action master_question_mid="VAR5233" detail_question_mid="VAR4936" enum_item_value="2" activate="1" />
<question_action master_question_mid="VAR5233" detail_question_mid="VAR5112" enum_item_value="2" activate="1" />
<question_action master_question_mid="VAR5233" detail_question_mid="VAR4940" enum_item_value="2" activate="1" />
<question_action master_question_mid="VAR5233" detail_question_mid="VAR5114" enum_item_value="2" activate="1" />
<question_action master_question_mid="VAR5233" detail_question_mid="VAR5113" enum_item_value="2" activate="1" />
<question_action master_question_mid="VAR5233" detail_question_mid="VAR5115" enum_item_value="2" activate="1" />
<question_action master_question_mid="VAR5233" detail_question_mid="VAR4934" enum_item_value="2" activate="1" />
<question_action master_question_mid="VAR5233" detail_question_mid="VAR4942" enum_item_value="2" activate="1" />
<question_action master_question_mid="VAR5233" detail_question_mid="VAR4943" enum_item_value="2" activate="1" />
<question_action master_question_mid="VAR5233" detail_question_mid="VAR4944" enum_item_value="2" activate="1" />
<question_action master_question_mid="VAR4947" detail_question_mid="VAR5130" enum_item_value="3" activate="6" />
<question_action master_question_mid="VAR4947" detail_question_mid="VAR5131" enum_item_value="3" activate="6" />
<question_action master_question_mid="VAR4947" detail_question_mid="VAR5132" enum_item_value="3" activate="6" />
<question_action master_question_mid="VAR4947" detail_question_mid="VAR5234" enum_item_value="3" activate="6" />
<question_action master_question_mid="VAR4953" detail_question_mid="VAR4954" enum_item_value="1" activate="1" />
<question_action master_question_mid="VAR5217" detail_question_mid="VAR4958" enum_item_value="1" activate="1" />
<question_action master_question_mid="VAR5217" detail_question_mid="VAR4959" enum_item_value="1" activate="1" />
<question_action master_question_mid="VAR5217" detail_question_mid="VAR5218" enum_item_value="1" activate="1" />
<question_action master_question_mid="VAR4923" detail_question_mid="VAR4961" enum_item_value="4" activate="6" />
</form>
