<?xml version="1.0" encoding="ISO-8859-1"?>
<form form_id="360" form_uid="GBD_SLANGER" title="Sonder og katetre" calculate_invalid="False" rating_scale="False" status="Open" repeatable="1" >
<instructions></instructions>

<!-- Start: Form enums, generated XML -->

<enumeration enumeration_uid="726">
  <enum_item value="1" score="0" text="Kontinent for urin." answer_id="1148" />
  <enum_item value="2" score="1" text="Er inkontinent for urin (bruker bleie)." answer_id="1149" />
  <enum_item value="3" score="2" text="Periodevis inkontinent for urin." answer_id="1150" />
  <enum_item value="4" score="3" text="Bruker uridom." answer_id="1151" />
  <enum_item value="5" score="4" text="Har inneliggende kateter." answer_id="17596" />
</enumeration>

<enumeration enumeration_uid="4510">
  <enum_item value="1" text="Intermitterende kateterisering" answer_id="23952" />
  <enum_item value="2" text="Fast inneliggende kateter" answer_id="23953" />
  <enum_item value="3" text="Suprapubisk kateter" answer_id="23956" />
</enumeration>

<enumeration enumeration_uid="4511">
  <enum_item value="1" text="Ja | Har PEG-sonde." answer_id="23957" />
  <enum_item value="2" text="Nei" short_code="N" answer_id="23958" />
</enumeration>

<enumeration enumeration_uid="4512">
  <enum_item value="1" text="Ja | F&#229;r intraven&#248;s ern&#230;ring." answer_id="23959" />
  <enum_item value="2" text="Nei" short_code="N" answer_id="23960" />
</enumeration>

<enumeration enumeration_uid="4513">
  <enum_item value="1" text="25% eller mindre." answer_id="23967" />
  <enum_item value="2" text="26-50%" answer_id="23968" />
  <enum_item value="3" text="51% eller mer" answer_id="23971" />
</enumeration>

<enumeration enumeration_uid="4514">
  <enum_item value="1" text="500 ml eller mindre" answer_id="23972" />
  <enum_item value="2" text="501 ml eller mer" answer_id="23973" />
</enumeration>

<enumeration enumeration_uid="4515">
  <enum_item value="1" text="Ja" answer_id="23982" />
  <enum_item value="2" text="Nei" short_code="N" answer_id="23983" />
</enumeration>

<enumeration enumeration_uid="4516">
  <enum_item value="1" text="Ja" answer_id="23988" />
  <enum_item value="2" text="Nei" short_code="N" answer_id="23989" />
</enumeration>

<!-- Start: Form items, generated XML -->

<question item_id="726" mid="HULTEN_URININKONTINENS" datatype="ORD" page_number="1" page_title="Urinkateter" question_text="Urininkontinens" optional="0" carry_forward="1" enumeration_uid="726" group_id="HULTEN_URININKONTINENS" />
<question item_id="4510" mid="URINKATETER_TYPE" datatype="ORD" page_number="2" question_text="Type kateter" optional="0" visible="0" carry_forward="1" enumeration_uid="4510" group_id="URINKATETER_TYPE" />
<question item_id="9648" mid="URINKATETER_INDIKASJON" datatype="NAR" page_number="3" header="Indikasjon" question_text="Beskriv kort hvorfor pasienten har urinkateter" optional="1" multiline="1" group_id="URINKATETER_INDIKASJON" />
<question item_id="4505" mid="URINKATETER_DATO" datatype="DATE" page_number="3" header="Sist skiftet" question_text="N&#229;r ble kateteret sist skiftet?" optional="0" visible="0" carry_forward="1" min_value="DOB" max_value="NOW" group_id="URINKATETER_DATO" />
<question item_id="4512" mid="K0500A" datatype="ORD" page_number="4" page_title="Ern&#230;ring" question_text="Intraven&#248;s ern&#230;ring?" optional="0" carry_forward="1" enumeration_uid="4512" group_id="K0500A" />
<question item_id="4511" mid="K0500B" datatype="ORD" page_number="4" page_title="Ern&#230;ring" question_text="Nasogastrisk eller PEG-sonde?" optional="0" carry_forward="1" enumeration_uid="4511" group_id="K0500B" />
<question item_id="4516" mid="K0500AB" datatype="ORD" page_number="4" page_title="Ern&#230;ring" question_text="Kunstig ern&#230;ring" optional="1" visible="0" expression="2-ISPOS(ISNULL(K0500A-1)+ISNULL(K0500B-1))" enumeration_uid="4516" group_id="K0500AB" />
<question item_id="4508" mid="SONDE_DATO" datatype="DATE" page_number="5" header="Sist skiftet" question_text="N&#229;r ble ern&#230;ringssonden sist skiftet?" optional="0" carry_forward="1" min_value="DOB" max_value="NOW" group_id="SONDE_DATO" />
<question item_id="4513" mid="MDS_K5a" datatype="ORD" page_number="6" page_title="Inntak via kunstig ern&#230;ring" question_text="Andel av daglig kalorinntak via kunstig ern&#230;ring" optional="1" carry_forward="1" enumeration_uid="4513" group_id="MDS_K5a" />
<question item_id="4514" mid="MDS_K5b" datatype="ORD" page_number="6" page_title="Inntak via kunstig ern&#230;ring" question_text="Gjennomsnittlig v&#230;skeinntak intraven&#248;st eller via sondeern&#230;ring" optional="1" carry_forward="1" enumeration_uid="4514" group_id="MDS_K5b" />
<question item_id="4515" mid="TRACHEALTUBE" datatype="ORD" page_number="7" page_title="Trachealtube" question_text="Har trachealtube" optional="0" enumeration_uid="4515" group_id="TRACHEALTUBE" />
<question item_id="4509" mid="TRACHEALTUBE_DATO" datatype="DATE" page_number="8" header="Sist skiftet" question_text="N&#229;r ble trachealtuben sist skiftet?" optional="0" carry_forward="1" min_value="DOB" max_value="NOW" group_id="TRACHEALTUBE_DATO" />

<!-- Start: Form actions, generated XML -->

<question_action master_question_mid="HULTEN_URININKONTINENS" detail_question_mid="URINKATETER_TYPE" enum_item_value="5" activate="1" />
<question_action master_question_mid="URINKATETER_TYPE" detail_question_mid="URINKATETER_INDIKASJON" enum_item_value="2" activate="1" />
<question_action master_question_mid="URINKATETER_TYPE" detail_question_mid="URINKATETER_INDIKASJON" enum_item_value="3" activate="1" />
<question_action master_question_mid="URINKATETER_TYPE" detail_question_mid="URINKATETER_DATO" enum_item_value="2" activate="1" />
<question_action master_question_mid="URINKATETER_TYPE" detail_question_mid="URINKATETER_DATO" enum_item_value="3" activate="1" />
<question_action master_question_mid="K0500B" detail_question_mid="SONDE_DATO" enum_item_value="1" activate="1" />
<question_action master_question_mid="K0500A" detail_question_mid="MDS_K5a" enum_item_value="1" activate="1" />
<question_action master_question_mid="K0500A" detail_question_mid="MDS_K5b" enum_item_value="1" activate="1" />
<question_action master_question_mid="TRACHEALTUBE" detail_question_mid="TRACHEALTUBE_DATO" enum_item_value="1" activate="1" />
</form>
