<?xml version="1.0" encoding="ISO-8859-1"?>
<form form_id="889" form_uid="LS3" title="Livets siste dager - Ved d&#248;dsfallet" calculate_invalid="False" status="Open" repeatable="1" >
<instructions></instructions>

<!-- Start: Form enums, generated XML -->

<enumeration enumeration_uid="1070">
  <enum_item value="1" text="Ja" answer_id="58915" />
  <enum_item value="2" text="Nei" answer_id="58916" />
</enumeration>

<enumeration enumeration_uid="1071">
  <enum_item value="1" text="Pasienten d&#248;de f&#248;r en rakk &#229; starte planen." answer_id="58919" />
  <enum_item value="2" text="Det ble glemt &#229; starte planen." answer_id="58920" />
  <enum_item value="3" text="Det ble sett p&#229; som ikke n&#248;dvendig &#229; starte planen." answer_id="58921" />
  <enum_item value="4" text="Annen &#229;rsak" answer_id="58922" />
</enumeration>

<enumeration enumeration_uid="1072">
  <enum_item value="1" text="Ja" answer_id="10007" />
  <enum_item value="2" text="Nei" answer_id="10008" />
  <enum_item value="3" text="Ikke aktuelt" answer_id="10009" />
</enumeration>

<enumeration enumeration_uid="1073">
  <enum_item value="1" text="Ja" answer_id="10010" />
  <enum_item value="2" text="Nei" answer_id="10011" />
</enumeration>

<enumeration enumeration_uid="1116">
  <enum_item value="1" score="1" text="Hjemme" answer_id="10058" />
  <enum_item value="2" score="4" text="Sykehjemmet" answer_id="10059" />
  <enum_item value="3" score="3" text="Transport til sykehus" answer_id="10060" />
  <enum_item value="4" score="4" text="Sykehus eller i annen institusjon" answer_id="10061" />
  <enum_item value="5" score="2" text="Annet sted" answer_id="10062" />
</enumeration>

<enumeration enumeration_uid="3693">
  <enum_item value="1" text="Hjemme" answer_id="18832" />
  <enum_item value="2" text="Annet sted" answer_id="18833" />
  <enum_item value="3" text="Under transport til sykehus" answer_id="18834" />
  <enum_item value="4" text="D&#248;d i sykehus eller annen institusjon" answer_id="18835" />
</enumeration>

<enumeration enumeration_uid="5094">
  <enum_item value="1" text="Ja" answer_id="28151" />
  <enum_item value="2" text="Nei" short_code="N" answer_id="28152" />
</enumeration>

<enumeration enumeration_uid="5095">
  <enum_item value="1" text="Ja" answer_id="28153" />
  <enum_item value="2" text="Nei" short_code="N" answer_id="28154" />
</enumeration>

<enumeration enumeration_uid="5096">
  <enum_item value="1" text="Ja" answer_id="28155" />
  <enum_item value="2" text="Nei" short_code="N" answer_id="28156" />
</enumeration>

<enumeration enumeration_uid="5097">
  <enum_item value="1" text="Ja" answer_id="28157" />
  <enum_item value="2" text="Nei" short_code="N" answer_id="28158" />
</enumeration>

<enumeration enumeration_uid="5098">
  <enum_item value="1" text="Ja" answer_id="28159" />
  <enum_item value="2" text="Nei" short_code="N" answer_id="28160" />
</enumeration>

<enumeration enumeration_uid="5099">
  <enum_item value="1" text="Ja" answer_id="28161" />
  <enum_item value="2" text="Nei" short_code="N" answer_id="28162" />
</enumeration>

<enumeration enumeration_uid="5800">
  <enum_item value="1" text="Ja" answer_id="30874" />
  <enum_item value="2" text="Nei" short_code="N" answer_id="30875" />
</enumeration>

<enumeration enumeration_uid="6309">
  <enum_item value="1" text="Ja" answer_id="33402" />
  <enum_item value="2" text="Nei" short_code="N" answer_id="33403" />
</enumeration>

<enumeration enumeration_uid="6315">
  <enum_item value="1" text="Ja" answer_id="33398" />
  <enum_item value="2" text="Nei" short_code="N" answer_id="33399" />
</enumeration>

<enumeration enumeration_uid="6550">
  <enum_item value="1" text="Ja" answer_id="35055" />
  <enum_item value="2" text="Nei" short_code="N" answer_id="35056" />
  <enum_item value="3" text="Ikke aktuelt" answer_id="10012" />
</enumeration>

<enumeration enumeration_uid="6551">
  <enum_item value="1" text="Ja" answer_id="35061" />
  <enum_item value="2" text="Nei" short_code="N" answer_id="35062" />
  <enum_item value="3" text="Ikke aktuelt" answer_id="10013" />
</enumeration>

<enumeration enumeration_uid="6552">
  <enum_item value="1" text="Ja" answer_id="35091" />
  <enum_item value="2" text="Nei" short_code="N" answer_id="35092" />
</enumeration>

<enumeration enumeration_uid="6553">
  <enum_item value="1" text="Ja" answer_id="35099" />
  <enum_item value="2" text="Nei" short_code="N" answer_id="35100" />
</enumeration>

<enumeration enumeration_uid="6554">
  <enum_item value="1" text="Ja" answer_id="35107" />
  <enum_item value="2" text="Nei" short_code="N" answer_id="35108" />
</enumeration>

<enumeration enumeration_uid="6555">
  <enum_item value="1" text="Ja" answer_id="35113" />
  <enum_item value="2" text="Nei" short_code="N" answer_id="35114" />
</enumeration>

<!-- Start: Form items, generated XML -->

<question item_id="6297" mid="DEATH_DATE" datatype="DATE" page_number="1" page_title="VED D&#216;DSFALLET" page_introduction="Skjema fylles ut av ansvarlig pleiepersonal ved d&#248;dsfall, selv om ikke tiltaksplanen har v&#230;rt brukt. Skriv gjerne en kort rapport i kommentarfeltet.  Hvis svaret p&#229; noen av delm&#229;l er Nei, utdyp i kommentarfelt." question_text="D&#248;dstidspunkt - dato" optional="0" group_id="DEATH_DATE" />
<question item_id="6298" mid="DEATH_HOUR" datatype="QN" page_number="1" page_title="VED D&#216;DSFALLET" page_introduction="Skjema fylles ut av ansvarlig pleiepersonal ved d&#248;dsfall, selv om ikke tiltaksplanen har v&#230;rt brukt. Skriv gjerne en kort rapport i kommentarfeltet.  Hvis svaret p&#229; noen av delm&#229;l er Nei, utdyp i kommentarfelt." question_text="D&#248;dstidspunkt - klokkeslett (avrundet)" optional="0" carry_forward="1" min_value="00" max_value="23" help_text="N&#230;rmeste hele klokkeslett" group_id="DEATH_HOUR" />
<question item_id="6549" mid="DEATH_DATE_ATTESTED" datatype="DATE" page_number="1" page_title="VED D&#216;DSFALLET" page_introduction="Skjema fylles ut av ansvarlig pleiepersonal ved d&#248;dsfall, selv om ikke tiltaksplanen har v&#230;rt brukt. Skriv gjerne en kort rapport i kommentarfeltet.  Hvis svaret p&#229; noen av delm&#229;l er Nei, utdyp i kommentarfelt." question_text="Attestert av lege - dato" optional="0" group_id="DEATH_DATE_ATTESTED" />
<question item_id="6548" mid="DEATH_HOUR_ATTESTED" datatype="QN" page_number="1" page_title="VED D&#216;DSFALLET" page_introduction="Skjema fylles ut av ansvarlig pleiepersonal ved d&#248;dsfall, selv om ikke tiltaksplanen har v&#230;rt brukt. Skriv gjerne en kort rapport i kommentarfeltet.  Hvis svaret p&#229; noen av delm&#229;l er Nei, utdyp i kommentarfelt." question_text="Klokkeslett (avrundet) attestert av lege:" optional="0" carry_forward="1" min_value="00" max_value="23" help_text="N&#230;rmeste hele klokkeslett" group_id="DEATH_HOUR_ATTESTED" />
<question item_id="5800" mid="OBSERVED_DEATH" datatype="ORD" page_number="2" page_title="Hvem var tilstede" question_text="Var det noen tilstede idet pasienten d&#248;de" optional="0" enumeration_uid="5800" group_id="OBSERVED_DEATH" />
<question item_id="5094" mid="DIED_ALONE" datatype="ORD" page_number="2" page_title="Hvem var tilstede" question_text="Ingen" optional="1" visible="-1" expression="2-ISNULL(OBSERVED_DEATH-2)" enumeration_uid="5094" group_id="DIED_ALONE" />
<question item_id="5096" mid="VAR5096" datatype="ORD" page_number="3" question_text="P&#229;r&#248;rende" optional="1" enumeration_uid="5096" />
<question item_id="1072" mid="VAR1072" datatype="ORD" page_number="4" question_text="Er p&#229;r&#248;rende varslet om d&#248;dsfallet?" optional="1" enumeration_uid="1072" />
<question item_id="5095" mid="VAR5095" datatype="ORD" page_number="5" question_text="Pleiepersonale" optional="0" enumeration_uid="5095" />
<question item_id="5097" mid="VAR5097" datatype="ORD" page_number="5" question_text="Fastvakt" optional="1" enumeration_uid="5097" />
<question item_id="5098" mid="VAR5098" datatype="ORD" page_number="5" question_text="Lege" optional="1" enumeration_uid="5098" />
<question item_id="5099" mid="VAR5099" datatype="ORD" page_number="5" question_text="Prest" optional="1" enumeration_uid="5099" />
<question item_id="1070" mid="LS_BRUKT" datatype="ORD" page_number="6" page_title="Livets siste dager" header="Livets siste dager" question_text="Ble tiltaksplanen &quot;Livets Siste Dager&quot; benyttet ?" optional="0" enumeration_uid="1070" group_id="LS_BRUKT" />
<question item_id="1071" mid="LS_IKKE_BRUKT" datatype="ORD" page_number="7" question_text="Hva er grunnen til at planen ikke ble brukt?" optional="1" enumeration_uid="1071" group_id="LS_IKKE_BRUKT" />
<question item_id="7508" mid="VAR7508" datatype="NAR" page_number="8" header="Kommentar" question_text="Skriv kort om hvorfor tiltaksplanen ikke ble brukt" optional="1" multiline="1" />
<question item_id="6550" mid="VAR6550" datatype="ORD" page_number="9" page_title="M&#229;l 12-14: Rutiner / prosedyrer" question_text="Fastlegen er informert om d&#248;dsfallet." optional="0" enumeration_uid="6550" help_text="Ta kontakt neste arbeidsdag hvis d&#248;dsfallet skjer utenom arbeidstiden, dersom ikke fast beboer." />
<question item_id="6551" mid="VAR6551" datatype="ORD" page_number="9" page_title="M&#229;l 12-14: Rutiner / prosedyrer" question_text="Hjemmesykepleien er informert om d&#248;dsfallet" optional="0" enumeration_uid="6551" help_text="Dersom de er tjenesteyter." />
<question item_id="6553" mid="VAR6553" datatype="ORD" page_number="9" page_title="M&#229;l 12-14: Rutiner / prosedyrer" question_text="Avdelingens prosedyrer ved mors og ved stell av d&#248;de er fulgt." optional="0" enumeration_uid="6553" help_text="Spesielle religi&#248;se/kulturelle behov ivaretatt." />
<question item_id="6552" mid="VAR6552" datatype="ORD" page_number="9" page_title="M&#229;l 12-14: Rutiner / prosedyrer" question_text="Avdelingens prosedyrer etter d&#248;dsfall er fulgt." optional="0" enumeration_uid="6552" help_text="Sjekk f&#248;lgende punkter: syning av liket, fjerning av ev pacemaker eller ICD pga kremasjon, obduksjon, registrering av d&#248;dsfallet/d&#248;dsattest fylt ut, journalen avsluttet og epikrise diktert, beskjed formidlet til ev. andre offisielle instanser." />
<question item_id="6554" mid="VAR6554" datatype="ORD" page_number="10" page_title="M&#229;l 15-18: Ivaretakelse av etterlatte" question_text="De p&#229;r&#248;rende er gitt informasjon om rutiner ved d&#248;dsfall." optional="0" enumeration_uid="6554" help_text="Brosjyre med praktisk informasjon ved d&#248;dsfall er gitt til de p&#229;r&#248;rende" />
<question item_id="6555" mid="VAR6555" datatype="ORD" page_number="10" page_title="M&#229;l 15-18: Ivaretakelse av etterlatte" question_text="Sykehjemmets prosedyrer vedr&#248;rende pasientens verdisaker og eiendeler er fulgt." optional="0" enumeration_uid="6555" help_text="Eiendeler og verdisaker er signert for av identifisert person. Gjenstander er pakket for senere avhenting. Verdisakene er registrert og lagret p&#229; et trygt sted." />
<question item_id="6309" mid="VAR6309" datatype="ORD" page_number="10" page_title="M&#229;l 15-18: Ivaretakelse av etterlatte" question_text="N&#248;dvendig informasjon er gitt til rette vedkommende." optional="0" enumeration_uid="6309" help_text="Heftet: &quot;N&#229;r en av v&#229;re n&#230;rmeste d&#248;r&quot; er utlevert." />
<question item_id="6315" mid="VAR6315" datatype="ORD" page_number="10" page_title="M&#229;l 15-18: Ivaretakelse av etterlatte" question_text="Skriftlig informasjon til etterlatte er gitt til de p&#229;r&#248;rende." optional="0" enumeration_uid="6315" help_text="Informasjonshefte om sorg og aktuell oppf&#248;lging i lokalmilj&#248;et delt ut (&quot;etterlattemappe&quot;)" />
<question item_id="1073" mid="VAR1073" datatype="ORD" page_number="11" page_title="M&#229;l 19: Ivaretakelse av personell" question_text="Personalet er ivaretatt etter d&#248;dsfall." optional="0" enumeration_uid="1073" help_text="Formell/uformell refleksjon/debriefing (tilgjengelig mal: &quot;Refleksjon etter d&#248;dsfall&quot;)" />
<question item_id="1116" mid="GBD_DODSFALL_STED" datatype="ORD" page_number="12" page_introduction="This page was autogenerated" question_text="Hvor skjedde d&#248;dsfallet?" optional="1" enumeration_uid="1116" group_id="GBD_DODSFALL_STED" />
<question item_id="3693" mid="IS1025B_STED" datatype="ORD" page_number="12" page_introduction="This page was autogenerated" question_text="D&#248;d utenfor institusjon" optional="0" visible="-1" expression="GBD_DODSFALL_STED_SCORE" enumeration_uid="3693" group_id="IS1025B_STED" />

<!-- Start: Form actions, generated XML -->

<question_action master_question_mid="VAR5096" detail_question_mid="VAR1072" enum_item_value="2" activate="1" />
</form>
