<?xml version="1.0" encoding="ISO-8859-1"?>
<form form_id="342" form_uid="MDS30K" title="MDS 3.0 Section K" calculate_invalid="False" rating_scale="False" status="Closed" repeatable="1" >
<instructions></instructions>

<!-- Start: Form enums, generated XML -->

<enumeration enumeration_uid="4430">
  <enum_item value="0" text="Nei*" answer_id="23721" />
  <enum_item value="1" text="Ja" answer_id="23722" />
</enumeration>

<enumeration enumeration_uid="4431">
  <enum_item value="0" text="Nei*" answer_id="23723" />
  <enum_item value="1" text="Ja" answer_id="23724" />
</enumeration>

<enumeration enumeration_uid="4432">
  <enum_item value="0" text="Nei*" answer_id="23725" />
  <enum_item value="1" text="Ja" answer_id="23726" />
</enumeration>

<enumeration enumeration_uid="4433">
  <enum_item value="0" text="Nei*" answer_id="23727" />
  <enum_item value="1" text="Ja" answer_id="23728" />
</enumeration>

<enumeration enumeration_uid="4434">
  <enum_item value="0" text="Nei*" answer_id="23737" />
  <enum_item value="1" text="Ja | Ingen tegn til svelgforstyrrelser." answer_id="23738" />
</enumeration>

<enumeration enumeration_uid="4437">
  <enum_item value="1" text="Nei*" answer_id="23759" />
  <enum_item value="2" text="Ja" answer_id="23760" />
</enumeration>

<enumeration enumeration_uid="4511">
  <enum_item value="1" text="Ja | Har PEG-sonde." answer_id="23957" />
  <enum_item value="2" text="Nei" short_code="N" answer_id="23958" />
</enumeration>

<enumeration enumeration_uid="4512">
  <enum_item value="1" text="Ja | F&#229;r intraven&#248;s ern&#230;ring." answer_id="23959" />
  <enum_item value="2" text="Nei" short_code="N" answer_id="23960" />
</enumeration>

<enumeration enumeration_uid="4513">
  <enum_item value="1" text="25% eller mindre." answer_id="23967" />
  <enum_item value="2" text="26-50%" answer_id="23968" />
  <enum_item value="3" text="51% eller mer" answer_id="23971" />
</enumeration>

<enumeration enumeration_uid="4514">
  <enum_item value="1" text="500 ml eller mindre" answer_id="23972" />
  <enum_item value="2" text="501 ml eller mer" answer_id="23973" />
</enumeration>

<enumeration enumeration_uid="4516">
  <enum_item value="1" text="Ja" answer_id="23988" />
  <enum_item value="2" text="Nei" short_code="N" answer_id="23989" />
</enumeration>

<enumeration enumeration_uid="4517">
  <enum_item value="1" text="Ja" answer_id="23994" />
  <enum_item value="2" text="Nei" short_code="N" answer_id="23995" />
</enumeration>

<enumeration enumeration_uid="4518">
  <enum_item value="1" text="Ja" answer_id="23996" />
  <enum_item value="2" text="Nei" short_code="N" answer_id="23997" />
</enumeration>

<!-- Start: Form items, generated XML -->

<question item_id="4430" mid="MDS_K1a" datatype="ORD" page_number="1" page_title="K0100 Svelgforstyrrelser" question_text="S&#248;ler v&#230;ske/mat fra munnen ved spising og drikking." optional="0" enumeration_uid="4430" group_id="MDS_K1a" />
<question item_id="4431" mid="MDS_K1b" datatype="ORD" page_number="1" page_title="K0100 Svelgforstyrrelser" question_text="Holder mat i munnen/kinnene eller har matrester i munnen etter m&#229;ltidene." optional="0" enumeration_uid="4431" group_id="MDS_K1b" />
<question item_id="4432" mid="MDS_K1c" datatype="ORD" page_number="1" page_title="K0100 Svelgforstyrrelser" question_text="Hoster eller mister pusten ved m&#229;ltidene eller ved inntak av medisiner." optional="0" enumeration_uid="4432" group_id="MDS_K1c" />
<question item_id="4433" mid="MDS_K1d" datatype="ORD" page_number="1" page_title="K0100 Svelgforstyrrelser" question_text="Klager p&#229; smerter eller vanskeligheter ved svelging." optional="0" enumeration_uid="4433" group_id="MDS_K1d" />
<question item_id="4434" mid="MDS_K1e" datatype="ORD" page_number="1" page_title="K0100 Svelgforstyrrelser" question_text="None of the above" optional="1" expression="ISZERO(MDS_K1a+MDS_K1b+MDS_K1c+MDS_K1d)" enumeration_uid="4434" group_id="MDS_K1e" />
<question item_id="3225" mid="HEIGHT" datatype="QN" page_number="2" page_title="K0200 H&#248;yde og vekt" question_text="H&#248;yde (cm)" optional="0" min_value="50" max_value="220" units="cm" help_text="Uten sko." group_id="HEIGHT" />
<question item_id="3224" mid="WEIGHT" datatype="QN" page_number="2" page_title="K0200 H&#248;yde og vekt" question_text="Vekt (kg)" optional="0" min_value="10" max_value="400" units="kg" decimals="1" help_text="Uten sko og yttert&#248;y." group_id="WEIGHT" />
<question item_id="3310" mid="BMI" datatype="QN" page_number="2" page_title="K0200 H&#248;yde og vekt" question_text="BMI (kg/m2)" optional="1" min_value="5" max_value="150" units="kg/m2" decimals="1" expression="WEIGHT/((HEIGHT/100)*(HEIGHT/100)) * ISPOS(WEIGHT)*ISPOS(HEIGHT)" help_text="Beregnes automatisk" group_id="BMI" />
<question item_id="4436" mid="K0200A" datatype="QN" page_number="2" page_title="K0200 H&#248;yde og vekt" question_text="Height (inches)" optional="1" visible="0" units="inches" decimals="1" expression="HEIGHT/2.54" group_id="K0200A" />
<question item_id="4435" mid="K0200" datatype="QN" page_number="2" page_title="K0200 H&#248;yde og vekt" question_text="Weight (lb)" optional="1" visible="0" units="lb" decimals="1" expression="WEIGHT*2.2" group_id="K0200" />
<question item_id="4437" mid="K0300" datatype="ORD" page_number="3" page_title="K0300 Vekttap" question_text="Tatt av 5% eller mer siste m&#229;ned eller 10% siste 6 mnd." optional="0" enumeration_uid="4437" group_id="K0300" />
<question item_id="4512" mid="K0500A" datatype="ORD" page_number="4" page_title="K0500 Tiln&#230;rming til ern&#230;ring" question_text="Intraven&#248;s ern&#230;ring?" optional="0" enumeration_uid="4512" group_id="K0500A" />
<question item_id="4511" mid="K0500B" datatype="ORD" page_number="4" page_title="K0500 Tiln&#230;rming til ern&#230;ring" question_text="Nasogastrisk eller PEG-sonde?" optional="0" enumeration_uid="4511" group_id="K0500B" />
<question item_id="4517" mid="K0500C" datatype="ORD" page_number="4" page_title="K0500 Tiln&#230;rming til ern&#230;ring" question_text="Endringer i matens fysiske beskaffenhet" optional="0" enumeration_uid="4517" help_text="Moset mat, fortykket drikke" group_id="K0500C" />
<question item_id="4518" mid="K0500D" datatype="ORD" page_number="4" page_title="K0500 Tiln&#230;rming til ern&#230;ring" question_text="Terapeutisk kost" optional="0" enumeration_uid="4518" help_text="Saltredusert, diabeteskost, lavkolesterol etc." group_id="K0500D" />
<question item_id="4516" mid="K0500AB" datatype="ORD" page_number="4" page_title="K0500 Tiln&#230;rming til ern&#230;ring" question_text="Kunstig ern&#230;ring" optional="1" visible="0" expression="2-ISPOS(ISNULL(K0500A-1)+ISNULL(K0500B-1))" enumeration_uid="4516" group_id="K0500AB" />
<question item_id="4513" mid="MDS_K5a" datatype="ORD" page_number="5" page_title="K0700 Andel av inntak via kunstig ern&#230;ring" question_text="Andel av daglig kalorinntak via kunstig ern&#230;ring" optional="1" enumeration_uid="4513" group_id="MDS_K5a" />
<question item_id="4514" mid="MDS_K5b" datatype="ORD" page_number="5" page_title="K0700 Andel av inntak via kunstig ern&#230;ring" question_text="Gjennomsnittlig v&#230;skeinntak intraven&#248;st eller via sondeern&#230;ring" optional="1" enumeration_uid="4514" group_id="MDS_K5b" />

<!-- Start: Form actions, generated XML -->

<question_action master_question_mid="K0500AB" detail_question_mid="MDS_K5a" enum_item_value="1" activate="1" />
<question_action master_question_mid="K0500AB" detail_question_mid="MDS_K5b" enum_item_value="1" activate="1" />
</form>
