<?xml version="1.0" encoding="ISO-8859-1"?>
<form form_id="269" form_uid="GBD_EKG" title="EKG beskrivelse" calculate_invalid="False" rating_scale="False" status="Closed" repeatable="1" >
<instructions>Man ledes gjennom en enkel EKG-beskrivelse som er tilfredstillende for de fleste kliniske form�l. </instructions>

<!-- Start: Form enums, generated XML -->

<enumeration enumeration_uid="226">
  <enum_item value="1" text="Ja | Sinusrytme." short_code="J" answer_id="380" />
  <enum_item value="2" text="Nei | Ikke sinusrytme." short_code="N" answer_id="381" />
</enumeration>

<enumeration enumeration_uid="227">
  <enum_item value="1" text="AF" answer_id="382" />
  <enum_item value="2" text="VES" answer_id="383" />
  <enum_item value="3" text="SVES" answer_id="384" />
  <enum_item value="4" text="Blokk1" answer_id="385" />
  <enum_item value="5" text="Blokk2" answer_id="386" />
  <enum_item value="6" text="Blokk3" answer_id="387" />
</enumeration>

<enumeration enumeration_uid="228">
  <enum_item value="1" text="Normal | Normal akse." answer_id="388" />
  <enum_item value="2" text="H.akse (1+2 er positive) | H&#248;yre akse." answer_id="389" />
  <enum_item value="3" text="V.akse (2+3 er negative) | Venstre akse." answer_id="390" />
</enumeration>

<enumeration enumeration_uid="229">
  <enum_item value="1" text="Nei*" short_code="N" answer_id="391" />
  <enum_item value="2" text="H&#248;yre grenblokk (Stor M i v1)" answer_id="392" />
  <enum_item value="3" text="Venstre Grenblokk (Stor V i v1)" answer_id="393" />
</enumeration>

<enumeration enumeration_uid="230">
  <enum_item value="1" text="Ja | Kjent fra tidligere." short_code="J" answer_id="394" />
  <enum_item value="2" text="Nei | Ikke kjent fra tidligere." short_code="N" answer_id="395" />
  <enum_item value="3" text="Ukjent | Usikkert om dette er nytt." short_code="U" answer_id="396" />
</enumeration>

<enumeration enumeration_uid="231">
  <enum_item value="1" text="Nei*" short_code="N" answer_id="397" />
  <enum_item value="2" text="Ja, nedre vegg (2.3. og aVF) | ST-hevning nedre vegg." answer_id="398" />
  <enum_item value="3" text="Ja, fremre vegg (v1-v6) | ST-hevning fremre vegg." answer_id="399" />
  <enum_item value="4" text="Ja, nedre- og fremre vegg | ST-hevning b&#229;de nedre og fremre vegg." answer_id="400" />
</enumeration>

<enumeration enumeration_uid="232">
  <enum_item value="1" text="Nei*" short_code="N" answer_id="401" />
  <enum_item value="2" text="Ja, NV (II, III,aVF) | T-inversjon nedre vegg." answer_id="402" />
  <enum_item value="3" text="Ja, FV (flere  av v1-v6) | T-inversjon fremre vegg." answer_id="403" />
</enumeration>

<enumeration enumeration_uid="233">
  <enum_item value="1" text="Nei*" short_code="N" answer_id="404" />
  <enum_item value="2" text="Ja, nedre vegg (2.3. og aVF) | ST-depresjon nedre vegg." answer_id="405" />
  <enum_item value="3" text="Ja, fremre vegg (v1-v6) | ST-depresjon fremre vegg." answer_id="406" />
  <enum_item value="4" text="Ja, nedre- og fremre vegg | ST-depresjon nedre og fremre vegg." answer_id="407" />
</enumeration>

<!-- Start: Form items, generated XML -->

<question item_id="226" mid="EKG_SINUS" datatype="ORD" page_number="1" page_title="Rytme og akse" question_text="Sinusrytme?" optional="0" enumeration_uid="226" group_id="EKG_SINUS" />
<question item_id="227" mid="EKG_RYTME" datatype="ORD" page_number="2" question_text="Rytme om ikke sinus" optional="0" enumeration_uid="227" group_id="EKG_RYTME" />
<question item_id="228" mid="EKG_AKSE123" datatype="ORD" page_number="3" question_text="Akse bed&#248;mt ut fra 1.2.3. standard" optional="0" enumeration_uid="228" group_id="EKG_AKSE123" />
<question item_id="229" mid="EKG_GRENBLOKK" datatype="ORD" page_number="4" page_title="Infarkttegn" header="Grenblokk" question_text="Har pasient h&#248;yre eller venstre grenblokk?" optional="0" enumeration_uid="229" group_id="EKG_GRENBLOKK" />
<question item_id="230" mid="EKG_KJENT" datatype="ORD" page_number="5" header="Er grenblokket kjent fra tidligere" question_text="Er grenblokket kjent fra tidligere (om ikke, mulig ferskt infarkt)" optional="0" enumeration_uid="230" group_id="EKG_KJENT" />
<question item_id="231" mid="EKG_ST" datatype="ORD" page_number="6" header="ST-hevning &gt; 2 mm i flere avledninger?" question_text="ST-hevning &gt; 2 mm i flere avledninger? (Obs. Infarkt)" optional="0" enumeration_uid="231" group_id="EKG_ST" />
<question item_id="232" mid="EKG_TINVERS" datatype="ORD" page_number="6" question_text="T-inversjoner?" optional="0" enumeration_uid="232" group_id="EKG_TINVERS" />
<question item_id="233" mid="EKG_BELASTNING" datatype="ORD" page_number="7" page_title="Belastningstegn" question_text="ST-depresjon" optional="0" enumeration_uid="233" help_text="ST-depresjon er et belastningstegn, obs. angina pectoris." group_id="EKG_BELASTNING" />

<!-- Start: Form actions, generated XML -->

<question_action master_question_mid="EKG_SINUS" detail_question_mid="EKG_RYTME" enum_item_value="2" activate="1" />
<question_action master_question_mid="EKG_GRENBLOKK" detail_question_mid="EKG_KJENT" enum_item_value="1" activate="6" />
</form>
