<?xml version="1.0" encoding="ISO-8859-1"?>
<form form_id="267" form_uid="GBD_SKADE" title="Skade/fall" calculate_invalid="False" rating_scale="False" status="Closed" repeatable="1" >
<instructions>Skader p� pasienter registreres med dette skjema. Det danner grunnlag for skadestatistikk og forebyggende tiltak.</instructions>

<!-- Start: Form enums, generated XML -->

<enumeration enumeration_uid="3575">
  <enum_item value="1" text="Ja | Observert." short_code="J" answer_id="18430" />
  <enum_item value="2" text="Nei | Ikke observert." short_code="N" answer_id="18431" />
</enumeration>

<enumeration enumeration_uid="3576">
  <enum_item value="1" text="Ja | Personalet involvert." short_code="J" answer_id="18438" />
  <enum_item value="2" text="Nei" short_code="N" answer_id="18439" />
</enumeration>

<enumeration enumeration_uid="3578">
  <enum_item value="1" text="Her | Pasienten ble bare tatt h&#229;nd om her." answer_id="18364" />
  <enum_item value="2" text="Legevakten | Pasienten ble behandlet p&#229; Legevakten." answer_id="18365" />
  <enum_item value="3" text="Sykehus | Pasienten ble innlagt p&#229; sykehus." answer_id="18366" />
</enumeration>

<enumeration enumeration_uid="3579">
  <enum_item value="1" text="Ut av og opp i seng" answer_id="18330" />
  <enum_item value="2" text="Bruk av rullestol (f.eks. fall ut av..)" answer_id="18331" />
  <enum_item value="3" text="Toalettbes&#248;k" answer_id="18332" />
  <enum_item value="4" text="Gange med rullator" answer_id="18333" />
  <enum_item value="5" text="Fri gange" answer_id="18334" />
  <enum_item value="6" text="Opp og ned av stol" answer_id="18335" />
  <enum_item value="7" text="Annet (detaljer i fritekstfeltet)" answer_id="18446" />
</enumeration>

<enumeration enumeration_uid="3580">
  <enum_item value="1" text="Fall med skade." answer_id="18336" />
  <enum_item value="2" text="Skade av annen &#229;rsak enn fall." answer_id="18337" />
  <enum_item value="3" text="Fall uten sikker skade." answer_id="37866" />
  <enum_item value="9" text="Hverken fall eller skade." answer_id="52908" />
</enumeration>

<enumeration enumeration_uid="3581">
  <enum_item value="1" text="Ja | Brudd." short_code="J" answer_id="18456" />
  <enum_item value="2" text="Nei | Ikke brudd." short_code="N" answer_id="18457" />
  <enum_item value="3" text="Vet ikke | Mulig brudd?" short_code="V" answer_id="37968" />
</enumeration>

<enumeration enumeration_uid="3582">
  <enum_item value="1" text="Ja | Illebefinnende." short_code="J" answer_id="18373" />
  <enum_item value="2" text="Nei" short_code="N" answer_id="18461" />
  <enum_item value="3" text="Vet ikke" short_code="V" answer_id="37971" />
</enumeration>

<enumeration enumeration_uid="6402">
  <enum_item value="1" text="Ingen skade skjedd." answer_id="33896" />
  <enum_item value="2" text="Mild: En hendelse som vanligvis er forbig&#229;ende og krever minimal behandling.  P&#229;virker normalt ikke dagliglivet." answer_id="33897" />
  <enum_item value="3" text="Moderat: En hendelse som krever tilleggsbehandling.  Den p&#229;virker vanlige aktiviteter i dagliglivet og gir ubehag, men uten vesentlig eller varig risiko for pasienten." answer_id="33898" />
  <enum_item value="4" text="Betydelig: En hendelse som krever intensiv tilleggsbehandling.  Dagliglivet eller klinisk status er betydelig endret.  Betydelig risiko for skade, sykehusinnleggelse kan v&#230;re n&#248;dvendig." answer_id="33899" />
  <enum_item value="5" text="Livstruende/invalidiserende: En hendelse som krever stor eller akutt intervensjon og truer patientens liv.  Hendelsen kan gi varig skade og kan forstyrre patientens mulighet for vanlige aktiviteter." answer_id="33900" />
  <enum_item value="6" text="D&#248;d: Pasienten d&#248;de i relasjon til hendelsen." answer_id="33921" />
</enumeration>

<!-- Start: Form items, generated XML -->

<question item_id="3580" mid="SKADE_FALL" datatype="ORD" page_number="1" page_title="Skaderegistrering" header="Fall eller skade" question_text="Var dette en fallskade eller annen skade?" optional="0" enumeration_uid="3580" group_id="SKADE_FALL" />
<question item_id="3574" mid="SKADE_TIDSPUNKT" datatype="QN" page_number="1" page_title="Skaderegistrering" header="Tidspunkt" question_text="Tidspunkt der avviket skjedde (klokketime)" optional="0" min_value="0" max_value="23" units="klokketime" help_text="Bruk hele klokketimer." group_id="SKADE_TIDSPUNKT" />
<question item_id="9460" mid="VAR9460" datatype="MSG" page_number="2" header="Husk skjema for Avvik" question_text="For fall skal det ogs&#229; opprettes et avviksskjema. Dette skal opprettes p&#229; samme tidspunkt som skjema for skade/fall." optional="1" />
<question item_id="3579" mid="SKADE_AKTIVITET" datatype="ORD" page_number="3" page_title="Beskrivelse" header="Aktivitet" question_text="Aktivitet p&#229; fall-/skadetidspunkt" optional="0" enumeration_uid="3579" help_text="Kategoriene brukes til &#229; lage statistikk og derved muliggj&#248;re forebyggende tiltak." group_id="SKADE_AKTIVITET" />
<question item_id="3575" mid="SKADE_OBSERVERT" datatype="ORD" page_number="3" page_title="Beskrivelse" header="Observert av personalet" question_text="S&#229; pleiepersonell da fallet/skaden skjedde?" optional="0" enumeration_uid="3575" group_id="SKADE_OBSERVERT" />
<question item_id="3576" mid="SKADE_INVOLVERT" datatype="ORD" page_number="3" page_title="Beskrivelse" header="Personalet involvert" question_text="Var pleiepersonell direkte involvert i handlingen som medf&#248;rte fallet/skaden?" optional="0" enumeration_uid="3576" help_text="Her krysser du &quot;ja&quot; dersom skaden skjedde i forbindelse med bruk av heis eller annet hjelpemiddel, - at du ikke klarte &quot;&#229; holde&quot; pasienten el.l." group_id="SKADE_INVOLVERT" />
<question item_id="3582" mid="SKADE_ILLEBEFINNENDE" datatype="ORD" page_number="3" page_title="Beskrivelse" header="Illebefinnende" question_text="Skyldes fallet/skaden et illebefinnende hos pasienten?" optional="0" carry_forward="1" enumeration_uid="3582" group_id="SKADE_ILLEBEFINNENDE" />
<question item_id="3581" mid="SKADE_BRUDD" datatype="ORD" page_number="4" header="Brudd" question_text="Medf&#248;rte skaden et brudd?" optional="0" carry_forward="1" enumeration_uid="3581" group_id="SKADE_BRUDD" />
<question item_id="3578" mid="SKADE_BEHANDSTED" datatype="ORD" page_number="5" page_title="Tiltak" header="Behandlet" question_text="Hvor ble fallet/skaden behandlet?" optional="0" enumeration_uid="3578" help_text="Velg h&#248;yeste behandlingsniv&#229;.  Hvis pasienten ble innlagt fra legevakt til sykehus velger du Sykehus." group_id="SKADE_BEHANDSTED" />
<question item_id="6402" mid="EVENT_SEVERITY" datatype="ORD" page_number="5" page_title="Tiltak" header="Alvorlighetsgrad" question_text="Vurdering av alvorlighetsgrad" optional="0" enumeration_uid="6402" group_id="EVENT_SEVERITY" />

<!-- Start: Form actions, generated XML -->

<question_action master_question_mid="SKADE_FALL" detail_question_mid="VAR9460" enum_item_value="1" activate="1" />
<question_action master_question_mid="SKADE_FALL" detail_question_mid="VAR9460" enum_item_value="3" activate="1" />
<question_action master_question_mid="SKADE_FALL" detail_question_mid="SKADE_BRUDD" enum_item_value="1" activate="1" />
<question_action master_question_mid="SKADE_FALL" detail_question_mid="SKADE_BRUDD" enum_item_value="2" activate="1" />
</form>
