<?xml version="1.0" encoding="ISO-8859-1"?>
<form form_id="198" form_uid="GBD_NOTAT_SPL" title="Notat sykepleier" calculate_invalid="False" rating_scale="False" status="Open" repeatable="1" >
<instructions>Notat for pleiere med strukturerte felt for en del basale medisinske observasjoner.</instructions>

<!-- Start: Form enums, generated XML -->

<enumeration enumeration_uid="199">
  <enum_item value="1" text="Ingen dyspnoe." answer_id="317" />
  <enum_item value="2" text="Lett dyspnoe." answer_id="318" />
  <enum_item value="3" text="Sv&#230;r dyspnoe." answer_id="319" />
</enumeration>

<enumeration enumeration_uid="212">
  <enum_item value="1" text="Abdomen har normal konfigurasjon." answer_id="344" />
  <enum_item value="2" text="Utspilt abdomen." answer_id="345" />
  <enum_item value="9" text="ikke unders&#248;kt*" answer_id="44348" />
</enumeration>

<enumeration enumeration_uid="221">
  <enum_item value="1" text="Ingen ankel&#248;demer." answer_id="367" />
  <enum_item value="2" text="Lette ankel&#248;demer." answer_id="368" />
  <enum_item value="3" text="Betydelige ankel&#248;demer." answer_id="369" />
</enumeration>

<enumeration enumeration_uid="223">
  <enum_item value="1" text="Ingen lammelser." answer_id="372" />
  <enum_item value="2" text="Venstre hemiparese." answer_id="373" />
  <enum_item value="3" text="H&#248;yre hemiparese." answer_id="374" />
  <enum_item value="4" text="Tverrsnittslammelse underekstremiteter." answer_id="375" />
  <enum_item value="5" text="Tverrsnittslammelse under- og overekstremiteter." answer_id="376" />
</enumeration>

<enumeration enumeration_uid="715">
  <enum_item value="1" score="0" text="Normal bevissthet." answer_id="1109" />
  <enum_item value="2" score="1" text="Somnolent." answer_id="1110" />
  <enum_item value="3" score="2" text="Bevisstl&#248;s." answer_id="15807" />
</enumeration>

<enumeration enumeration_uid="3682">
  <enum_item value="1" text="Vanlig pasient" answer_id="18828" />
  <enum_item value="2" text="Akutt sykdom" answer_id="18829" />
  <enum_item value="3" text="Palliativ pasient" answer_id="18830" />
  <enum_item value="4" text="Sluttfase" answer_id="18831" />
</enumeration>

<!-- Start: Form items, generated XML -->

<question item_id="3682" mid="GBD_KATEGORI" datatype="ORD" page_number="1" page_title="Notat sykepleier" question_text="Pasientkategori" optional="0" enumeration_uid="3682" group_id="GBD_KATEGORI" />
<question item_id="715" mid="HULTEN_BEVISSTHET" datatype="ORD" page_number="2" page_title="Kliniske vurderinger" question_text="Bevissthetsgrad" optional="0" enumeration_uid="715" help_text="Somnolent: Kan vekkes med lette stimuli, f.eks. ved tilsnakk eller klyping." group_id="HULTEN_BEVISSTHET" />
<question item_id="223" mid="LIMB_PARESIS" datatype="ORD" page_number="2" page_title="Kliniske vurderinger" question_text="Foreligger det lammelser?" optional="1" enumeration_uid="223" group_id="LIMB_PARESIS" />
<question item_id="199" mid="LUNG_DYSPNOEA" datatype="ORD" page_number="2" page_title="Kliniske vurderinger" question_text="Dyspnoe" optional="1" enumeration_uid="199" group_id="LUNG_DYSPNOEA" />
<question item_id="212" mid="VAR212" datatype="ORD" page_number="2" page_title="Kliniske vurderinger" header="Konfigurasjon" question_text="Er abdomen utspilt" optional="1" enumeration_uid="212" />
<question item_id="221" mid="LEG_EDEMAS" datatype="ORD" page_number="2" page_title="Kliniske vurderinger" question_text="Ankel&#248;demer" optional="1" enumeration_uid="221" group_id="LEG_EDEMAS" />
<question item_id="3224" mid="WEIGHT" datatype="QN" page_number="3" page_title="Kurveopplysninger" question_text="Vekt (kg)" optional="0" min_value="10" max_value="400" units="kg" decimals="1" help_text="Uten sko og yttert&#248;y." group_id="WEIGHT" />
<question item_id="3556" mid="SBP_UNSPEC" datatype="QN" page_number="3" page_title="Kurveopplysninger" question_text="Systolisk BT (mmHg)" optional="1" min_value="50" max_value="250" units="mmHg" help_text="Sittende eller liggende." group_id="SBP_UNSPEC" />
<question item_id="3555" mid="DBP_UNSPEC" datatype="QN" page_number="3" page_title="Kurveopplysninger" question_text="Diastolisk BT (mmHg)" optional="1" min_value="30" max_value="130" units="mmHg" help_text="Sittende eller liggende." group_id="DBP_UNSPEC" />
<question item_id="186" mid="PULSE_RATE" datatype="QN" page_number="3" page_title="Kurveopplysninger" question_text="Puls (slag/min)" optional="1" min_value="30" max_value="200" units="slag/min" group_id="PULSE_RATE" />
<question item_id="188" mid="BODY_TEMP" datatype="QN" page_number="3" page_title="Kurveopplysninger" question_text="Temperatur (&#176;C)" optional="1" min_value="32" max_value="42" units="&#176;C" decimals="1" group_id="BODY_TEMP" />
<question item_id="3558" mid="USTIX" datatype="NAR" page_number="3" page_title="Kurveopplysninger" question_text="U-Stix" optional="1" multiline="0" help_text="Eks: Prot 3+, Glu: 0, Ery: 1+, Nit: 0, eventuelt &quot;Neg&quot;." group_id="USTIX" />

<!-- Start: Form actions, generated XML -->

</form>
