<?xml version="1.0" encoding="ISO-8859-1"?>
<form form_id="883" form_uid="GBD_SLANGER" title="Sonder og katetre" calculate_invalid="False" status="Open" repeatable="1" >
<instructions></instructions>

<!-- Start: Form enums, generated XML -->

<enumeration enumeration_uid="726">
  <enum_item value="1" score="0" text="Kontinent for urin." answer_id="1148" />
  <enum_item value="2" score="1" text="Er inkontinent for urin (bruker bleie)." answer_id="1149" />
  <enum_item value="3" score="2" text="Periodevis inkontinent for urin." answer_id="1150" />
  <enum_item value="4" score="3" text="Bruker uridom." answer_id="1151" />
  <enum_item value="5" score="4" text="Har inneliggende kateter." answer_id="17596" />
</enumeration>

<enumeration enumeration_uid="1066">
  <enum_item value="1" text="Ja" answer_id="10005" />
  <enum_item value="2" text="Nei" answer_id="10006" />
</enumeration>

<enumeration enumeration_uid="4510">
  <enum_item value="1" text="Intermitterende kateterisering" answer_id="23952" />
  <enum_item value="2" text="Fast inneliggende kateter" answer_id="23953" />
  <enum_item value="3" text="Suprapubisk kateter" answer_id="23956" />
</enumeration>

<enumeration enumeration_uid="4511">
  <enum_item value="1" text="Ja | Har PEG-sonde." answer_id="23957" />
  <enum_item value="2" text="Nei" short_code="N" answer_id="23958" />
</enumeration>

<enumeration enumeration_uid="4512">
  <enum_item value="1" text="Ja | F&#229;r intraven&#248;s ern&#230;ring." answer_id="23959" />
  <enum_item value="2" text="Nei" short_code="N" answer_id="23960" />
</enumeration>

<enumeration enumeration_uid="4513">
  <enum_item value="1" text="25% eller mindre." answer_id="23967" />
  <enum_item value="2" text="26-50%" answer_id="23968" />
  <enum_item value="3" text="51% eller mer" answer_id="23971" />
</enumeration>

<enumeration enumeration_uid="4514">
  <enum_item value="1" text="500 ml eller mindre" answer_id="23972" />
  <enum_item value="2" text="501 ml eller mer" answer_id="23973" />
</enumeration>

<enumeration enumeration_uid="4515">
  <enum_item value="1" text="Ja" answer_id="23982" />
  <enum_item value="2" text="Nei" short_code="N" answer_id="23983" />
</enumeration>

<enumeration enumeration_uid="4516">
  <enum_item value="1" text="Ja" answer_id="23988" />
  <enum_item value="2" text="Nei" short_code="N" answer_id="23989" />
</enumeration>

<enumeration enumeration_uid="5877">
  <enum_item value="1" text="Pasienten m&#229; presse for &#229; t&#248;mme bl&#230;ren/f&#248;lelse av ikke &#229; f&#229; t&#248;mt seg" answer_id="31544" />
  <enum_item value="2" text="Mistanke om urinvegsinfeksjon/hyppige UVI" answer_id="31545" />
  <enum_item value="3" text="Nedre magesmerter" answer_id="31546" />
  <enum_item value="4" text="Endring i mental tilstand (forvirring, uro, utagering)" answer_id="31547" />
  <enum_item value="5" text="Sp&#248;rsm&#229;l om tett permanent kateter" answer_id="31548" />
  <enum_item value="6" text="Rutinekontroll" answer_id="31549" />
</enumeration>

<enumeration enumeration_uid="5883">
  <enum_item value="1" text="Ja" answer_id="31550" />
  <enum_item value="2" text="Nei" short_code="N" answer_id="31551" />
</enumeration>

<enumeration enumeration_uid="5885">
  <enum_item value="1" text="Pasienten motsetter seg kateterisering" answer_id="31552" />
  <enum_item value="2" text="Mislykket fors&#248;k p&#229; kateterisering (vanskelig &#229; komme inn med kateter)" answer_id="31553" />
  <enum_item value="3" text="Annen &#229;rsak" answer_id="31554" />
</enumeration>

<enumeration enumeration_uid="5886">
  <enum_item value="1" text="Obstruksjon i urinvegene" answer_id="31555" />
  <enum_item value="2" text="Infeksjon" answer_id="31556" />
  <enum_item value="3" text="Bivirkning av medikament" answer_id="31557" />
  <enum_item value="4" text="Nevrologiske &#229;rsaker" answer_id="31558" />
  <enum_item value="5" text="Annet" answer_id="31559" />
</enumeration>

<enumeration enumeration_uid="5887">
  <enum_item value="1" text="Ja" answer_id="31560" />
  <enum_item value="2" text="Nei" short_code="N" answer_id="31561" />
  <enum_item value="3" text="Vet ikke" short_code="V" answer_id="31562" />
</enumeration>

<enumeration enumeration_uid="6596">
  <enum_item value="1" text="Ja" answer_id="35396" />
  <enum_item value="2" text="Nei" short_code="N" answer_id="35397" />
</enumeration>

<enumeration enumeration_uid="6954">
  <enum_item value="1" text="Ja" answer_id="38542" />
  <enum_item value="2" text="Nei" short_code="N" answer_id="38543" />
</enumeration>

<enumeration enumeration_uid="6955">
  <enum_item value="1" text="Ja" answer_id="38558" />
  <enum_item value="2" text="Nei" short_code="N" answer_id="38559" />
</enumeration>

<!-- Start: Form items, generated XML -->

<question item_id="726" mid="HULTEN_URININKONTINENS" datatype="ORD" page_number="1" page_title="Urinkateter" question_text="Urininkontinens" optional="0" carry_forward="1" enumeration_uid="726" group_id="HULTEN_URININKONTINENS" />
<question item_id="4510" mid="URINKATETER_TYPE" datatype="ORD" page_number="2" question_text="Type kateter" optional="0" visible="0" carry_forward="1" enumeration_uid="4510" group_id="URINKATETER_TYPE" />
<question item_id="9648" mid="URINKATETER_INDIKASJON" datatype="NAR" page_number="3" header="Indikasjon" question_text="Beskriv kort hvorfor pasienten har urinkateter" optional="0" carry_forward="1" multiline="1" group_id="URINKATETER_INDIKASJON" />
<question item_id="4505" mid="URINKATETER_DATO" datatype="DATE" page_number="3" header="Sist skiftet" question_text="N&#229;r ble kateteret sist skiftet?" optional="0" carry_forward="1" min_value="DOB" max_value="NOW" group_id="URINKATETER_DATO" />
<question item_id="1066" mid="VAR1066" datatype="ORD" page_number="4" header="Bl&#230;rescanning" question_text="Er det utf&#248;rt bl&#230;rescanning i dag?" optional="1" exclude_from_text="1" enumeration_uid="1066" />
<question item_id="5877" mid="VAR5877" datatype="ORD" page_number="5" question_text="Indikasjon for bl&#230;rescanning" optional="0" enumeration_uid="5877" />
<question item_id="5887" mid="VAR5887" datatype="ORD" page_number="5" question_text="Hadde du vurdert &#229; kateterisere pasienten for bestemmelse av resturin om bl&#230;rescanner ikke var tilgjengelig" optional="1" exclude_from_text="1" enumeration_uid="5887" />
<question item_id="5882" mid="UrinVol1" datatype="QN" page_number="6" page_title="Volum ved bl&#230;rescanning" page_introduction="Bl&#230;ren b&#248;r scannes to ganger for &#229; f&#229; et sikrere resultat." question_text="Bl&#230;revolum f&#248;rste scanning (mL)" optional="0" min_value="0" max_value="2000" units="mL" help_text="Resturin fortrinnsvis tatt maksimalt 15 minutter etter spontan vannlatning" group_id="UrinVol1" />
<question item_id="5884" mid="UrinVol2" datatype="QN" page_number="6" page_title="Volum ved bl&#230;rescanning" page_introduction="Bl&#230;ren b&#248;r scannes to ganger for &#229; f&#229; et sikrere resultat." question_text="Bl&#230;revolum andre scanning (mL)" optional="0" min_value="0" max_value="2000" units="mL" help_text="Resturin fortrinnsvis tatt maksimalt 15 minutter etter spontan vannlatning" group_id="UrinVol2" />
<question item_id="6596" mid="UrinVolOk" datatype="ORD" page_number="6" page_title="Volum ved bl&#230;rescanning" page_introduction="Bl&#230;ren b&#248;r scannes to ganger for &#229; f&#229; et sikrere resultat." question_text="Urinvolum &gt;= 150 mL ved begge m&#229;linger" optional="1" visible="-1" expression="2-ISPOS(UrinVol1-149)*ISPOS(UrinVol2-149)" enumeration_uid="6596" group_id="UrinVolOk" />
<question item_id="6954" mid="UrineVolAbove150Once" datatype="ORD" page_number="6" page_title="Volum ved bl&#230;rescanning" page_introduction="Bl&#230;ren b&#248;r scannes to ganger for &#229; f&#229; et sikrere resultat." question_text="Urinvolum &gt;= 150 mL ved minst &#233;n m&#229;ling" optional="1" visible="-1" expression="2-ISPOS(ISPOS(UrinVol1-149)+ISPOS(UrinVol2-149))" enumeration_uid="6954" group_id="UrineVolAbove150Once" />
<question item_id="6955" mid="UrineVolAbove150Mean" datatype="ORD" page_number="6" page_title="Volum ved bl&#230;rescanning" page_introduction="Bl&#230;ren b&#248;r scannes to ganger for &#229; f&#229; et sikrere resultat." question_text="Urinvolum &gt;= 150 mL i gjennomsnitt" optional="1" visible="-1" expression="2-ISPOS( UrinVol1 + UrinVol2 - 299 )" enumeration_uid="6955" help_text="2-ISPOS(ISPOS(UrinVol1-149)+ISPOS(UrinVol2-149))" group_id="UrineVolAbove150Mean" />
<question item_id="5883" mid="VAR5883" datatype="ORD" page_number="7" page_title="Kateterisering" page_introduction="Bl&#230;revolum er trolig over 150 mL. Kateterisering kan gjennomf&#248;res." question_text="Kateterisering gjennomf&#248;rt" optional="0" exclude_from_text="1" enumeration_uid="5883" />
<question item_id="5879" mid="VAR5879" datatype="MSG" page_number="8" header="B&#248;r ikke kateteriseres" question_text="Bl&#230;revolum kan v&#230;re under 150 ml. Kateterisering anbefales ikke." optional="1" />
<question item_id="5878" mid="UrinVolKat" datatype="QN" page_number="9" question_text="Urinvolum ved kateterisering (mL)" optional="1" min_value="0" max_value="2000" units="mL" group_id="UrinVolKat" />
<question item_id="5885" mid="VAR5885" datatype="ORD" page_number="10" question_text="&#197;rsak til at kateterisering ikke ble gjort" optional="0" enumeration_uid="5885" />
<question item_id="5886" mid="VAR5886" datatype="ORD" page_number="11" question_text="Sannsynlig &#229;rsak til urinretensjon hos pasienten" optional="0" carry_forward="1" enumeration_uid="5886" />
<question item_id="1067" mid="VAR1067" datatype="NAR" page_number="12" header="Beskriv" question_text="Kort beskrivelse av annen &#229;rsak til urinretensjon" optional="0" carry_forward="1" multiline="1" />
<question item_id="4512" mid="K0500A" datatype="ORD" page_number="13" page_title="Ern&#230;ring" question_text="Intraven&#248;s ern&#230;ring?" optional="0" carry_forward="1" enumeration_uid="4512" group_id="K0500A" />
<question item_id="4511" mid="K0500B" datatype="ORD" page_number="13" page_title="Ern&#230;ring" question_text="Nasogastrisk eller PEG-sonde?" optional="0" carry_forward="1" enumeration_uid="4511" group_id="K0500B" />
<question item_id="4516" mid="K0500AB" datatype="ORD" page_number="13" page_title="Ern&#230;ring" question_text="Kunstig ern&#230;ring" optional="1" visible="-1" exclude_from_text="1" expression="2-ISPOS(ISNULL(K0500A-1)+ISNULL(K0500B-1))" enumeration_uid="4516" group_id="K0500AB" />
<question item_id="4508" mid="SONDE_DATO" datatype="DATE" page_number="14" header="Sist skiftet" question_text="N&#229;r ble ern&#230;ringssonden sist skiftet?" optional="0" carry_forward="1" min_value="DOB" max_value="NOW" group_id="SONDE_DATO" />
<question item_id="4513" mid="MDS_K5a" datatype="ORD" page_number="15" page_title="Inntak via kunstig ern&#230;ring" question_text="Andel av daglig kalorinntak via kunstig ern&#230;ring" optional="1" carry_forward="1" enumeration_uid="4513" group_id="MDS_K5a" />
<question item_id="4514" mid="MDS_K5b" datatype="ORD" page_number="15" page_title="Inntak via kunstig ern&#230;ring" question_text="Gjennomsnittlig v&#230;skeinntak intraven&#248;st eller via sondeern&#230;ring" optional="1" carry_forward="1" enumeration_uid="4514" group_id="MDS_K5b" />
<question item_id="4515" mid="TRACHEALTUBE" datatype="ORD" page_number="16" page_title="Trachealtube" question_text="Har trachealtube" optional="1" carry_forward="1" exclude_from_text="1" enumeration_uid="4515" group_id="TRACHEALTUBE" />
<question item_id="4509" mid="TRACHEALTUBE_DATO" datatype="DATE" page_number="17" header="Sist skiftet" question_text="N&#229;r ble trachealtuben sist skiftet?" optional="0" carry_forward="1" min_value="DOB" max_value="NOW" group_id="TRACHEALTUBE_DATO" />

<!-- Start: Form actions, generated XML -->

<question_action master_question_mid="HULTEN_URININKONTINENS" detail_question_mid="URINKATETER_TYPE" enum_item_value="5" activate="1" />
<question_action master_question_mid="URINKATETER_TYPE" detail_question_mid="URINKATETER_INDIKASJON" enum_item_value="2" activate="1" />
<question_action master_question_mid="URINKATETER_TYPE" detail_question_mid="URINKATETER_INDIKASJON" enum_item_value="3" activate="1" />
<question_action master_question_mid="URINKATETER_TYPE" detail_question_mid="URINKATETER_DATO" enum_item_value="2" activate="1" />
<question_action master_question_mid="URINKATETER_TYPE" detail_question_mid="URINKATETER_DATO" enum_item_value="3" activate="1" />
<question_action master_question_mid="VAR1066" detail_question_mid="VAR5877" enum_item_value="1" activate="1" />
<question_action master_question_mid="VAR1066" detail_question_mid="VAR5887" enum_item_value="1" activate="1" />
<question_action master_question_mid="VAR1066" detail_question_mid="UrinVol1" enum_item_value="1" activate="1" />
<question_action master_question_mid="VAR1066" detail_question_mid="UrinVol2" enum_item_value="1" activate="1" />
<question_action master_question_mid="VAR1066" detail_question_mid="UrinVolOk" enum_item_value="1" activate="1" />
<question_action master_question_mid="VAR1066" detail_question_mid="UrineVolAbove150Once" enum_item_value="1" activate="1" />
<question_action master_question_mid="VAR1066" detail_question_mid="UrineVolAbove150Mean" enum_item_value="1" activate="1" />
<question_action master_question_mid="UrineVolAbove150Mean" detail_question_mid="VAR5883" enum_item_value="1" activate="1" />
<question_action master_question_mid="UrineVolAbove150Mean" detail_question_mid="VAR5879" enum_item_value="2" activate="1" />
<question_action master_question_mid="VAR5883" detail_question_mid="UrinVolKat" enum_item_value="2" activate="1" />
<question_action master_question_mid="VAR5883" detail_question_mid="VAR5885" enum_item_value="2" activate="1" />
<question_action master_question_mid="UrineVolAbove150Mean" detail_question_mid="VAR5886" enum_item_value="1" activate="1" />
<question_action master_question_mid="VAR5886" detail_question_mid="VAR1067" enum_item_value="5" activate="1" />
<question_action master_question_mid="K0500B" detail_question_mid="SONDE_DATO" enum_item_value="1" activate="1" />
<question_action master_question_mid="K0500A" detail_question_mid="MDS_K5a" enum_item_value="1" activate="1" />
<question_action master_question_mid="K0500A" detail_question_mid="MDS_K5b" enum_item_value="1" activate="1" />
<question_action master_question_mid="TRACHEALTUBE" detail_question_mid="TRACHEALTUBE_DATO" enum_item_value="1" activate="1" />
</form>
