<?xml version="1.0" encoding="ISO-8859-1"?>
<form form_id="576" form_uid="GbdVaksine" title="Vaksine" calculate_invalid="False" rating_scale="False" status="Closed" repeatable="1" >
<instructions></instructions>

<!-- Start: Form enums, generated XML -->

<enumeration enumeration_uid="7051">
  <enum_item value="1" text="Ja | Pneumokokkvaksine gitt." short_code="J" answer_id="38858" />
  <enum_item value="2" text="Nei" short_code="N" answer_id="38859" />
</enumeration>

<enumeration enumeration_uid="7052">
  <enum_item value="1" text="Ja | Influensavaksine gitt." short_code="J" answer_id="38862" />
  <enum_item value="2" text="Nei" short_code="N" answer_id="38863" />
</enumeration>

<enumeration enumeration_uid="7053">
  <enum_item value="1" text="Ja | Ingen allergi mot innholdsstoffer." short_code="J" answer_id="38868" />
  <enum_item value="2" text="Nei" short_code="N" answer_id="38869" />
  <enum_item value="3" text="Usikker" short_code="U" answer_id="38870" />
</enumeration>

<enumeration enumeration_uid="7054">
  <enum_item value="1" text="Ja | Har reservert seg mot vaksine." short_code="J" answer_id="38871" />
  <enum_item value="2" text="Nei" short_code="N" answer_id="38872" />
  <enum_item value="3" text="Ukjent" answer_id="38873" />
</enumeration>

<enumeration enumeration_uid="7055">
  <enum_item value="1" text="Ja | Ingen aktiv infeksjon." short_code="J" answer_id="38874" />
  <enum_item value="2" text="Nei" short_code="N" answer_id="38875" />
  <enum_item value="3" text="Usikker" short_code="U" answer_id="38876" />
</enumeration>

<enumeration enumeration_uid="7589">
  <enum_item value="1" text="Ja" short_code="J" answer_id="40707" />
  <enum_item value="2" text="Nei" short_code="N" answer_id="40708" />
</enumeration>

<enumeration enumeration_uid="7590">
  <enum_item value="1" text="Ja" short_code="J" answer_id="40711" />
  <enum_item value="2" text="Nei" short_code="N" answer_id="40712" />
</enumeration>

<enumeration enumeration_uid="7591">
  <enum_item value="1" text="Ja" short_code="J" answer_id="40715" />
  <enum_item value="2" text="Nei" short_code="N" answer_id="40716" />
</enumeration>

<enumeration enumeration_uid="7592">
  <enum_item value="1" text="Ja" short_code="J" answer_id="40719" />
  <enum_item value="2" text="Nei" short_code="N" answer_id="40720" />
</enumeration>

<enumeration enumeration_uid="7593">
  <enum_item value="1" text="Ja" short_code="J" answer_id="40725" />
  <enum_item value="2" text="Nei" short_code="N" answer_id="40726" />
</enumeration>

<enumeration enumeration_uid="7594">
  <enum_item value="1" text="Ja" short_code="J" answer_id="40731" />
  <enum_item value="2" text="Nei" short_code="N" answer_id="40732" />
</enumeration>

<enumeration enumeration_uid="7595">
  <enum_item value="1" text="Renset polysakkaridantigen." answer_id="40735" />
  <enum_item value="2" text="Renset polysakkaridantigen, konjugert." answer_id="40736" />
  <enum_item value="13" text="Renset polysakkaridantigen, konjugert 13 valent." answer_id="40737" />
  <enum_item value="52" text="Renset polysakkaridantigen, konjugert 10 valent." answer_id="40738" />
</enumeration>

<enumeration enumeration_uid="7597">
  <enum_item value="0" text="Ikke gitt" answer_id="40746" />
  <enum_item value="1" text="Influensa A (H1N1) inaktivert, helvirus." answer_id="40747" />
  <enum_item value="2" text="Influensa A (H1N1) inaktivert, splittet influensavirus." answer_id="40748" />
</enumeration>

<!-- Start: Form items, generated XML -->

<question item_id="7053" mid="VAR7053" datatype="ORD" page_number="1" page_title="Allergier" question_text="Allergi mot innholdsstoffer" optional="1" enumeration_uid="7053" help_text="Spesielt egg, sjekk deklarasjonen." />
<question item_id="7054" mid="VAR7054" datatype="ORD" page_number="1" page_title="Allergier" question_text="Reservasjon mot vaksine" optional="1" enumeration_uid="7054" />
<question item_id="188" mid="BODY_TEMP" datatype="QN" page_number="1" page_title="Allergier" question_text="Temperatur (&#176;C)" optional="1" min_value="32" max_value="42" units="&#176;C" decimals="1" group_id="BODY_TEMP" />
<question item_id="7055" mid="VAR7055" datatype="ORD" page_number="1" page_title="Allergier" question_text="Aktiv infeksjon" optional="1" enumeration_uid="7055" />
<question item_id="7051" mid="VAR7051" datatype="ORD" page_number="2" page_title="Pneumokokk" question_text="Pneumokokkvaksine gitt i dag" optional="1" enumeration_uid="7051" />
<question item_id="7595" mid="SYSVAK.PNE.TYPE" datatype="ORD" page_number="3" header="Vaksinetype" question_text="Angi vaksinetype for pneumokokkvaksinen" optional="1" enumeration_uid="7595" group_id="SYSVAK.PNE.TYPE" />
<question item_id="7596" mid="SYSVAK.PNE.NAVN" datatype="NAR" page_number="3" question_text="Preparatnavn" optional="1" multiline="0" group_id="SYSVAK.PNE.NAVN" />
<question item_id="7591" mid="SYSVAK.PNE01" datatype="ORD" page_number="4" question_text="Pneumokokk renset polysakkaridantigen" optional="1" visible="-1" expression="2-ISNULL(SYSVAK.PNE.TYPE-1)" enumeration_uid="7591" group_id="SYSVAK.PNE01" />
<question item_id="7592" mid="SYSVAK.PNE02" datatype="ORD" page_number="4" question_text="Pneumokokk renset polysakkaridantigen, konjugert" optional="1" visible="-1" expression="2-ISNULL(SYSVAK.PNE.TYPE-2)" enumeration_uid="7592" group_id="SYSVAK.PNE02" />
<question item_id="7593" mid="SYSVAK.PNE13" datatype="ORD" page_number="4" question_text="Pneumokokk renset polysakkaridantigen, konjugert 13 valent" optional="1" visible="-1" expression="2-ISNULL(SYSVAK.PNE.TYPE-13)" enumeration_uid="7593" group_id="SYSVAK.PNE13" />
<question item_id="7594" mid="SYSVAK.PNE52" datatype="ORD" page_number="4" question_text="Pneumokokk renset polysakkaridantigen, konjugert 10 valent" optional="1" visible="-1" expression="2-ISNULL(SYSVAK.PNE.TYPE-52)" enumeration_uid="7594" group_id="SYSVAK.PNE52" />
<question item_id="7052" mid="VAR7052" datatype="ORD" page_number="5" page_title="Influensa" question_text="Influensavaksine gitt i dag" optional="1" enumeration_uid="7052" />
<question item_id="7597" mid="SYSVAK.PAN.TYPE" datatype="ORD" page_number="6" question_text="Vaksinetype, svineinfluensa" optional="1" enumeration_uid="7597" group_id="SYSVAK.PAN.TYPE" />
<question item_id="7598" mid="SYSVAK.PAN.NAVN" datatype="NAR" page_number="6" header="Preparatnavn" question_text="Preparatnavn for svineinfluensavaksine" optional="1" multiline="0" group_id="SYSVAK.PAN.NAVN" />
<question item_id="7589" mid="SYSVAK.PAN01" datatype="ORD" page_number="7" question_text="Influensa A inaktivert helvirus" optional="1" visible="-1" expression="2-ISNULL(SYSVAK.PAN.TYPE-1)" enumeration_uid="7589" group_id="SYSVAK.PAN01" />
<question item_id="7590" mid="SYSVAK.PAN02" datatype="ORD" page_number="7" question_text="Influensa A splittet influensavirus" optional="1" visible="-1" expression="2-ISNULL(SYSVAK.PAN.TYPE-2)" enumeration_uid="7590" group_id="SYSVAK.PAN02" />
<question item_id="8101" mid="VAR8101" datatype="MSG" page_number="8" header="Allergi mot innholdsstoffer" question_text="Du har angitt at pasienten har allergi mot innholdsstoffene i vaksinen.  Injeksjon av allergener gir ekstra h&#248;y risiko for reaksjon." optional="1" />

<!-- Start: Form actions, generated XML -->

<question_action master_question_mid="VAR7051" detail_question_mid="SYSVAK.PNE.TYPE" enum_item_value="1" activate="1" />
<question_action master_question_mid="VAR7051" detail_question_mid="SYSVAK.PNE.NAVN" enum_item_value="1" activate="1" />
<question_action master_question_mid="VAR7052" detail_question_mid="SYSVAK.PAN.TYPE" enum_item_value="1" activate="1" />
<question_action master_question_mid="VAR7052" detail_question_mid="SYSVAK.PAN.NAVN" enum_item_value="1" activate="1" />
<question_action master_question_mid="VAR7053" detail_question_mid="VAR8101" enum_item_value="1" activate="1" />
</form>
