<?xml version="1.0" encoding="ISO-8859-1"?>
<form form_id="461" form_uid="GbdSjekklisteUtKorttid" title="Sjekkliste ved utreise (korttid)" calculate_invalid="False" rating_scale="False" status="Open" repeatable="1" >
<instructions></instructions>

<!-- Start: Form enums, generated XML -->

<enumeration enumeration_uid="5662">
  <enum_item value="1" text="Reiser selv." answer_id="30317" />
  <enum_item value="2" text="Drosje bestilt." answer_id="30318" />
  <enum_item value="3" text="Hentes av andre." answer_id="30319" />
</enumeration>

<enumeration enumeration_uid="5664">
  <enum_item value="1" text="Ja | Resepter utlevert." short_code="J" answer_id="30320" />
  <enum_item value="2" text="Nei" short_code="N" answer_id="30321" />
  <enum_item value="3" text="Trenger ingen resepter." answer_id="31519" />
</enumeration>

<enumeration enumeration_uid="5870">
  <enum_item value="1" text="Ja | Medisinopplysninger overf&#248;rt til Profil." short_code="J" answer_id="31423" />
  <enum_item value="2" text="Nei" short_code="N" answer_id="31424" />
</enumeration>

<enumeration enumeration_uid="5871">
  <enum_item value="1" text="Ja | Tverrfaglig epikrise utfylt." short_code="J" answer_id="31425" />
  <enum_item value="2" text="Nei" short_code="N" answer_id="31426" />
</enumeration>

<enumeration enumeration_uid="5872">
  <enum_item value="1" text="Ja | Tverrfaglig epikrise sendt." short_code="J" answer_id="31427" />
  <enum_item value="2" text="Nei" short_code="N" answer_id="31428" />
</enumeration>

<!-- Start: Form items, generated XML -->

<question item_id="5662" mid="VAR5662" datatype="ORD" page_number="1" page_title="Transport" header="Transport" question_text="Hvordan organiseres hjemtransport?" optional="1" enumeration_uid="5662" />
<question item_id="5663" mid="VAR5663" datatype="NAR" page_number="1" page_title="Transport" question_text="Kommentarer" optional="1" multiline="0" />
<question item_id="5664" mid="VAR5664" datatype="ORD" page_number="2" page_title="Medisiner" header="Resepter" question_text="Er det utlevert n&#248;dvendige resepter?" optional="1" enumeration_uid="5664" />
<question item_id="5870" mid="VAR5870" datatype="ORD" page_number="2" page_title="Medisiner" header="Medisiner overf&#248;rt til Profil" question_text="Er det overf&#248;rt oppdaterte medisinopplysninger til Profil?" optional="1" enumeration_uid="5870" />
<question item_id="5871" mid="VAR5871" datatype="ORD" page_number="3" page_title="Tverrfaglig epikrise" header="Epikrise utfylt" question_text="Er tverrfaglig epikrise ferdig utfylt?" optional="1" enumeration_uid="5871" />
<question item_id="5872" mid="VAR5872" datatype="ORD" page_number="3" page_title="Tverrfaglig epikrise" header="Epikrise sendt" question_text="Er tverrfaglig epikrise sendt fastlegen?" optional="1" enumeration_uid="5872" />

<!-- Start: Form actions, generated XML -->

</form>
