<?xml version="1.0" encoding="ISO-8859-1"?>
<form form_id="417" form_uid="LCP2" title="LCP - Fortl&#248;pende vurderinger" calculate_invalid="False" rating_scale="False" status="Closed" repeatable="1" >
<instructions></instructions>

<!-- Start: Form enums, generated XML -->

<enumeration enumeration_uid="5077">
  <enum_item value="1" text="Ja" answer_id="28082" />
  <enum_item value="2" text="Nei" short_code="N" answer_id="28083" />
</enumeration>

<enumeration enumeration_uid="5078">
  <enum_item value="1" text="Ja" answer_id="28084" />
  <enum_item value="2" text="Nei" short_code="N" answer_id="28085" />
</enumeration>

<enumeration enumeration_uid="5079">
  <enum_item value="1" text="Ja" answer_id="28088" />
  <enum_item value="2" text="Nei" short_code="N" answer_id="28089" />
</enumeration>

<enumeration enumeration_uid="5080">
  <enum_item value="1" text="Ja" answer_id="28092" />
  <enum_item value="2" text="Nei" short_code="N" answer_id="28093" />
</enumeration>

<enumeration enumeration_uid="5081">
  <enum_item value="1" text="Ja" answer_id="28096" />
  <enum_item value="2" text="Nei" short_code="N" answer_id="28097" />
</enumeration>

<enumeration enumeration_uid="5082">
  <enum_item value="1" text="Ja" answer_id="28100" />
  <enum_item value="2" text="Nei" short_code="N" answer_id="28101" />
</enumeration>

<enumeration enumeration_uid="5083">
  <enum_item value="1" text="Ja" answer_id="28102" />
  <enum_item value="2" text="Nei" short_code="N" answer_id="28103" />
</enumeration>

<enumeration enumeration_uid="5084">
  <enum_item value="1" text="Ja" answer_id="28104" />
  <enum_item value="2" text="Nei" short_code="N" answer_id="28105" />
</enumeration>

<enumeration enumeration_uid="5085">
  <enum_item value="1" text="Ja" answer_id="28108" />
  <enum_item value="2" text="Nei" short_code="N" answer_id="28109" />
</enumeration>

<enumeration enumeration_uid="5086">
  <enum_item value="1" text="Ja" answer_id="28110" />
  <enum_item value="2" text="Nei" short_code="N" answer_id="28111" />
</enumeration>

<enumeration enumeration_uid="5087">
  <enum_item value="1" text="Ja" answer_id="28112" />
  <enum_item value="2" text="Nei" short_code="N" answer_id="28113" />
</enumeration>

<enumeration enumeration_uid="5088">
  <enum_item value="1" text="Ja" answer_id="28114" />
  <enum_item value="2" text="Nei" short_code="N" answer_id="28115" />
</enumeration>

<enumeration enumeration_uid="5089">
  <enum_item value="1" text="Ja" answer_id="28116" />
  <enum_item value="2" text="Nei" short_code="N" answer_id="28117" />
</enumeration>

<enumeration enumeration_uid="5090">
  <enum_item value="1" text="Ja" answer_id="28120" />
  <enum_item value="2" text="Nei" short_code="N" answer_id="28121" />
</enumeration>

<enumeration enumeration_uid="5091">
  <enum_item value="1" text="Ja" answer_id="28124" />
  <enum_item value="2" text="Nei" short_code="N" answer_id="28125" />
</enumeration>

<enumeration enumeration_uid="5093">
  <enum_item value="1" text="God (m&#229;l oppn&#229;dd)" answer_id="28148" />
  <enum_item value="2" text="Noe" answer_id="28149" />
  <enum_item value="3" text="Ingen" answer_id="28150" />
</enumeration>

<enumeration enumeration_uid="5258">
  <enum_item value="1" text="God (m&#229;l oppn&#229;dd)" answer_id="28758" />
  <enum_item value="2" text="Noe" answer_id="28759" />
  <enum_item value="3" text="Ingen" answer_id="28760" />
</enumeration>

<enumeration enumeration_uid="5260">
  <enum_item value="1" text="God (m&#229;l oppn&#229;dd)" answer_id="28761" />
  <enum_item value="2" text="Noe" answer_id="28762" />
  <enum_item value="3" text="Ingen" answer_id="28763" />
</enumeration>

<enumeration enumeration_uid="5262">
  <enum_item value="1" text="God (m&#229;l oppn&#229;dd)" answer_id="28764" />
  <enum_item value="2" text="Noe" answer_id="28765" />
  <enum_item value="3" text="Ingen" answer_id="28766" />
</enumeration>

<enumeration enumeration_uid="5264">
  <enum_item value="1" text="God (m&#229;l oppn&#229;dd)" answer_id="28767" />
  <enum_item value="2" text="Noe" answer_id="28768" />
  <enum_item value="3" text="Ingen" answer_id="28769" />
</enumeration>

<enumeration enumeration_uid="5266">
  <enum_item value="1" text="God (m&#229;l oppn&#229;dd)" answer_id="28770" />
  <enum_item value="2" text="Noe" answer_id="28771" />
  <enum_item value="3" text="Ingen" answer_id="28772" />
</enumeration>

<enumeration enumeration_uid="5268">
  <enum_item value="1" text="God (m&#229;l oppn&#229;dd)" answer_id="28773" />
  <enum_item value="2" text="Noe" answer_id="28774" />
  <enum_item value="3" text="Ingen" answer_id="28775" />
</enumeration>

<enumeration enumeration_uid="5270">
  <enum_item value="1" text="God (m&#229;l oppn&#229;dd)" answer_id="28776" />
  <enum_item value="2" text="Noe" answer_id="28777" />
  <enum_item value="3" text="Ingen" answer_id="28778" />
</enumeration>

<enumeration enumeration_uid="5272">
  <enum_item value="1" text="God (m&#229;l oppn&#229;dd)" answer_id="28779" />
  <enum_item value="2" text="Noe" answer_id="28780" />
  <enum_item value="3" text="Ingen" answer_id="28781" />
</enumeration>

<enumeration enumeration_uid="5274">
  <enum_item value="1" text="God (m&#229;l oppn&#229;dd)" answer_id="28782" />
  <enum_item value="2" text="Noe" answer_id="28783" />
  <enum_item value="3" text="Ingen" answer_id="28784" />
</enumeration>

<enumeration enumeration_uid="5276">
  <enum_item value="1" text="God (m&#229;l oppn&#229;dd)" answer_id="28785" />
  <enum_item value="2" text="Noe" answer_id="28786" />
  <enum_item value="3" text="Ingen" answer_id="28787" />
</enumeration>

<enumeration enumeration_uid="5278">
  <enum_item value="1" text="God (m&#229;l oppn&#229;dd)" answer_id="28788" />
  <enum_item value="2" text="Noe" answer_id="28789" />
  <enum_item value="3" text="Ingen" answer_id="28790" />
</enumeration>

<enumeration enumeration_uid="5280">
  <enum_item value="1" text="God (m&#229;l oppn&#229;dd)" answer_id="28791" />
  <enum_item value="2" text="Noe" answer_id="28792" />
  <enum_item value="3" text="Ingen" answer_id="28793" />
</enumeration>

<enumeration enumeration_uid="5282">
  <enum_item value="1" text="God (m&#229;l oppn&#229;dd)" answer_id="28794" />
  <enum_item value="2" text="Noe" answer_id="28795" />
  <enum_item value="3" text="Ingen" answer_id="28796" />
</enumeration>

<enumeration enumeration_uid="5284">
  <enum_item value="1" text="God (m&#229;l oppn&#229;dd)" answer_id="28797" />
  <enum_item value="2" text="Noe" answer_id="28798" />
  <enum_item value="3" text="Ingen" answer_id="28799" />
</enumeration>

<!-- Start: Form items, generated XML -->

<question item_id="5256" mid="VAR5256" datatype="MSG" page_number="1" page_title="Fortl&#248;pende vurderinger" question_text="NB: Fylles ut minst hver 4 time! F.eks kl 04, 08, 12, 16, 20, 24." optional="1" />
<question item_id="5078" mid="VAR5078" datatype="ORD" page_number="2" page_title="Smerter" question_text="Pasienten er smertefri" optional="1" enumeration_uid="5078" help_text="Pasienten sier det (dersom ved bevissthet). Er smertefri ved bevegelse, i form av fredfult ansikt, ikke ynking eller avverge-bevegelser. Vurder behov for leieforandring." />
<question item_id="5275" mid="VAR5275" datatype="NAR" page_number="3" question_text="Tiltak gjort for &#229; oppn&#229; m&#229;let" optional="1" multiline="1" />
<question item_id="5276" mid="VAR5276" datatype="ORD" page_number="3" question_text="Effekt av tiltaket" optional="1" enumeration_uid="5276" />
<question item_id="5079" mid="VAR5079" datatype="ORD" page_number="4" page_title="Uro" question_text="Pasienten er rolig og avslappet, og har ikke tegn p&#229; delir" optional="1" enumeration_uid="5079" help_text="Pasienten frembyr ikke tegn p&#229; delir, d&#248;dsangst, eller rastl&#248;shet (f.eks. &quot;plukker&quot;). Utelukk urinretensjon som &#229;rsak. Vurder behov for leieforandring." />
<question item_id="5281" mid="VAR5281" datatype="NAR" page_number="5" question_text="Tiltak gjort for &#229; oppn&#229; m&#229;let" optional="1" multiline="1" />
<question item_id="5282" mid="VAR5282" datatype="ORD" page_number="5" question_text="Effekt av tiltaket" optional="1" enumeration_uid="5282" />
<question item_id="5080" mid="VAR5080" datatype="ORD" page_number="6" page_title="Surkling" question_text="Pasienten er ikke plaget med uttalt surkling" optional="1" enumeration_uid="5080" help_text="Medikamentet skal gies s&#229; snart symptomet oppst&#229;r. Vurder behov for leieforandring. Symptomet er dr&#248;ftet med p&#229;r&#248;rende." />
<question item_id="5277" mid="VAR5277" datatype="NAR" page_number="7" question_text="Tiltak gjort for &#229; oppn&#229; m&#229;let" optional="1" multiline="1" />
<question item_id="5278" mid="VAR5278" datatype="ORD" page_number="7" question_text="Effekt av tiltaket" optional="1" enumeration_uid="5278" />
<question item_id="5081" mid="VAR5081" datatype="ORD" page_number="8" page_title="Kvalme" question_text="Pasienten er ikke kvalm og kaster ikke opp" optional="1" enumeration_uid="5081" />
<question item_id="5279" mid="VAR5279" datatype="NAR" page_number="9" question_text="Tiltak gjort for &#229; oppn&#229; m&#229;let" optional="1" multiline="1" />
<question item_id="5280" mid="VAR5280" datatype="ORD" page_number="9" question_text="Effekt av tiltaket" optional="1" enumeration_uid="5280" />
<question item_id="5077" mid="VAR5077" datatype="ORD" page_number="10" page_title="Tungpust" question_text="Pasienten er ikke plaget av tungpustethet" optional="1" enumeration_uid="5077" help_text="Vurder behov for leieforandring." />
<question item_id="5273" mid="VAR5273" datatype="NAR" page_number="11" question_text="Tiltak gjort for &#229; oppn&#229; m&#229;let" optional="1" multiline="1" />
<question item_id="5274" mid="VAR5274" datatype="ORD" page_number="11" question_text="Effekt av tiltaket" optional="1" enumeration_uid="5274" />
<question item_id="5082" mid="VAR5082" datatype="ORD" page_number="12" page_title="Andre plager" question_text="Har pasienten andre plager?" optional="1" enumeration_uid="5082" help_text="F.eks. kl&#248;e, plagsomme &#248;demer" />
<question item_id="5269" mid="VAR5269" datatype="NAR" page_number="13" question_text="Tiltak gjort for &#229; oppn&#229; m&#229;let" optional="1" multiline="1" />
<question item_id="5270" mid="VAR5270" datatype="ORD" page_number="13" question_text="Effekt av tiltaket" optional="1" enumeration_uid="5270" />
<question item_id="5083" mid="VAR5083" datatype="ORD" page_number="14" page_title="Munnstell" question_text="Munnen er fuktig og ren" optional="1" enumeration_uid="5083" help_text="Vurdering av munnstell er gjort minst hver 4 time. P&#229;r&#248;rende deltar i munnstell." />
<question item_id="5271" mid="VAR5271" datatype="NAR" page_number="15" question_text="Tiltak gjort for &#229; oppn&#229; m&#229;let" optional="1" multiline="1" />
<question item_id="5272" mid="VAR5272" datatype="ORD" page_number="15" question_text="Effekt av tiltaket" optional="1" enumeration_uid="5272" />
<question item_id="5084" mid="VAR5084" datatype="ORD" page_number="16" page_title="Vannlatingsbesv&#230;r" question_text="Pasienten har ikke vannlatingsbesv&#230;r" optional="1" enumeration_uid="5084" help_text="Gi urinkateter ved urinretensjon, kateter eller bleier ved inkontinens" />
<question item_id="5265" mid="VAR5265" datatype="NAR" page_number="17" question_text="Tiltak gjort for &#229; oppn&#229; m&#229;let" optional="1" multiline="1" />
<question item_id="5266" mid="VAR5266" datatype="ORD" page_number="17" question_text="Effekt av tiltaket" optional="1" enumeration_uid="5266" />
<question item_id="5085" mid="VAR5085" datatype="ORD" page_number="18" page_title="Medikasjon" question_text="All medikasjon er gitt korrekt i forhold til medikament-ark" optional="1" enumeration_uid="5085" help_text="Ev. smertepumpe kontrollert minst hver 4 time" />
<question item_id="5283" mid="VAR5283" datatype="NAR" page_number="19" question_text="Tiltak gjort for &#229; oppn&#229; m&#229;let" optional="1" multiline="1" />
<question item_id="5284" mid="VAR5284" datatype="ORD" page_number="19" question_text="Effekt av tiltaket" optional="1" enumeration_uid="5284" />
<question item_id="5086" mid="VAR5086" datatype="ORD" page_number="20" page_title="Ligge-stilling/-milj&#248;" question_text="Pasienten ligger godt, med god st&#248;tte og i trygge omgivelser" optional="1" enumeration_uid="5086" help_text="Vurder: huden, evt trykks&#229;r, behov for leieforandring, madrass, personlig hygiene, stell av &#248;ynene." />
<question item_id="5267" mid="VAR5267" datatype="NAR" page_number="21" question_text="Tiltak gjort for &#229; oppn&#229; m&#229;let" optional="1" multiline="1" />
<question item_id="5268" mid="VAR5268" datatype="ORD" page_number="21" question_text="Effekt av tiltaket" optional="1" enumeration_uid="5268" />
<question item_id="5087" mid="VAR5087" datatype="ORD" page_number="22" page_title="Obstipasjon/diar&#233;" question_text="Pasienten er ikke plaget av obstipasjon eller diare" optional="1" enumeration_uid="5087" />
<question item_id="5257" mid="VAR5257" datatype="NAR" page_number="23" question_text="Tiltak gjort for &#229; oppn&#229; m&#229;let" optional="1" multiline="1" />
<question item_id="5258" mid="VAR5258" datatype="ORD" page_number="23" question_text="Effekt av tiltaket" optional="1" enumeration_uid="5258" />
<question item_id="5088" mid="VAR5088" datatype="ORD" page_number="24" page_title="Forst&#229;else - pasient" question_text="Pasienten er klar over situasjonen" optional="1" enumeration_uid="5088" help_text="Pasienten f&#229;r n&#248;dvendig informasjon og st&#248;tte gjennom ber&#248;ring, ord, og n&#230;rv&#230;r." />
<question item_id="5263" mid="VAR5263" datatype="NAR" page_number="25" question_text="Tiltak gjort for &#229; oppn&#229; m&#229;let" optional="1" multiline="1" />
<question item_id="5264" mid="VAR5264" datatype="ORD" page_number="25" question_text="Effekt av tiltaket" optional="1" enumeration_uid="5264" />
<question item_id="5089" mid="VAR5089" datatype="ORD" page_number="26" page_title="Forst&#229;else - p&#229;r&#248;rende" question_text="De p&#229;r&#248;rende er forberedet p&#229; at d&#248;den er n&#230;rt forest&#229;ende og at m&#229;let er fred og forsoning innfor d&#248;den" optional="1" enumeration_uid="5089" help_text="Vurder forst&#229;elsen hos de p&#229;r&#248;rende, inkludert de barn og unge og de som ikke var tilstede ved f&#248;rste vurdering. Forviss dere om at de forst&#229;r at pasienten er d&#248;ende og de tiltak som blir gjort for &#229; lindre." />
<question item_id="5261" mid="VAR5261" datatype="NAR" page_number="27" question_text="Tiltak gjort for &#229; oppn&#229; m&#229;let" optional="1" multiline="1" />
<question item_id="5262" mid="VAR5262" datatype="ORD" page_number="27" question_text="Effekt av tiltaket" optional="1" enumeration_uid="5262" />
<question item_id="5090" mid="VAR5090" datatype="ORD" page_number="28" page_title="&#197;ndelig omsorg" question_text="Behovet for &#229;ndelig omsorg er ivaretatt" optional="1" enumeration_uid="5090" help_text="Pasienten eller p&#229;r&#248;rende kan v&#230;re engstelige for seg selv eller andre. St&#248;tte fra sykehjemspresten kan v&#230;re til hjelp. Vurder spesielle behov i forhold til familiens kulturelle bakgrunn." />
<question item_id="5259" mid="VAR5259" datatype="NAR" page_number="29" question_text="Tiltak gjort for &#229; oppn&#229; m&#229;let" optional="1" multiline="1" />
<question item_id="5260" mid="VAR5260" datatype="ORD" page_number="29" question_text="Effekt av tiltaket" optional="1" enumeration_uid="5260" />
<question item_id="5091" mid="VAR5091" datatype="ORD" page_number="30" page_title="P&#229;r&#248;rendes behov" question_text="P&#229;r&#248;rendes behov er ivaretatt" optional="1" enumeration_uid="5091" help_text="Vurder p&#229;r&#248;rendes behov for helsehjelp eller sosial st&#248;tte. Forviss dere om at de er kjent med institusjonens lokaliteter og tilbud." />
<question item_id="5092" mid="VAR5092" datatype="NAR" page_number="31" question_text="Tiltak gjort for &#229; oppn&#229; m&#229;let" optional="1" multiline="1" />
<question item_id="5093" mid="VAR5093" datatype="ORD" page_number="31" question_text="Effekt av tiltaket" optional="1" enumeration_uid="5093" />

<!-- Start: Form actions, generated XML -->

<question_action master_question_mid="VAR5078" detail_question_mid="VAR5275" enum_item_value="2" activate="1" />
<question_action master_question_mid="VAR5078" detail_question_mid="VAR5276" enum_item_value="2" activate="1" />
<question_action master_question_mid="VAR5079" detail_question_mid="VAR5281" enum_item_value="2" activate="1" />
<question_action master_question_mid="VAR5079" detail_question_mid="VAR5282" enum_item_value="2" activate="1" />
<question_action master_question_mid="VAR5080" detail_question_mid="VAR5277" enum_item_value="2" activate="1" />
<question_action master_question_mid="VAR5080" detail_question_mid="VAR5278" enum_item_value="2" activate="1" />
<question_action master_question_mid="VAR5081" detail_question_mid="VAR5279" enum_item_value="2" activate="1" />
<question_action master_question_mid="VAR5081" detail_question_mid="VAR5280" enum_item_value="2" activate="1" />
<question_action master_question_mid="VAR5077" detail_question_mid="VAR5273" enum_item_value="2" activate="1" />
<question_action master_question_mid="VAR5077" detail_question_mid="VAR5274" enum_item_value="2" activate="1" />
<question_action master_question_mid="VAR5082" detail_question_mid="VAR5269" enum_item_value="1" activate="1" />
<question_action master_question_mid="VAR5082" detail_question_mid="VAR5270" enum_item_value="1" activate="1" />
<question_action master_question_mid="VAR5083" detail_question_mid="VAR5271" enum_item_value="2" activate="1" />
<question_action master_question_mid="VAR5083" detail_question_mid="VAR5272" enum_item_value="2" activate="1" />
<question_action master_question_mid="VAR5084" detail_question_mid="VAR5265" enum_item_value="2" activate="1" />
<question_action master_question_mid="VAR5084" detail_question_mid="VAR5266" enum_item_value="2" activate="1" />
<question_action master_question_mid="VAR5085" detail_question_mid="VAR5283" enum_item_value="2" activate="1" />
<question_action master_question_mid="VAR5085" detail_question_mid="VAR5284" enum_item_value="2" activate="1" />
<question_action master_question_mid="VAR5086" detail_question_mid="VAR5267" enum_item_value="2" activate="1" />
<question_action master_question_mid="VAR5086" detail_question_mid="VAR5268" enum_item_value="2" activate="1" />
<question_action master_question_mid="VAR5087" detail_question_mid="VAR5257" enum_item_value="2" activate="1" />
<question_action master_question_mid="VAR5087" detail_question_mid="VAR5258" enum_item_value="2" activate="1" />
<question_action master_question_mid="VAR5088" detail_question_mid="VAR5263" enum_item_value="2" activate="1" />
<question_action master_question_mid="VAR5088" detail_question_mid="VAR5264" enum_item_value="2" activate="1" />
<question_action master_question_mid="VAR5089" detail_question_mid="VAR5261" enum_item_value="2" activate="1" />
<question_action master_question_mid="VAR5089" detail_question_mid="VAR5262" enum_item_value="2" activate="1" />
<question_action master_question_mid="VAR5090" detail_question_mid="VAR5259" enum_item_value="2" activate="1" />
<question_action master_question_mid="VAR5090" detail_question_mid="VAR5260" enum_item_value="2" activate="1" />
<question_action master_question_mid="VAR5091" detail_question_mid="VAR5092" enum_item_value="2" activate="1" />
<question_action master_question_mid="VAR5091" detail_question_mid="VAR5093" enum_item_value="2" activate="1" />
</form>
