<?xml version="1.0" encoding="ISO-8859-1"?>
<form form_id="885" form_uid="DSH_RTG_MOBILv2" title="Mobilt r&#248;ntgen DSH" calculate_invalid="False" status="Open" repeatable="1" >
<instructions></instructions>

<!-- Start: Form enums, generated XML -->

<enumeration enumeration_uid="8934">
  <enum_item value="1" text="Ja | Bestilt som &#216;H." answer_id="50128" />
  <enum_item value="2" text="Nei | Vanlig hastegrad." answer_id="50129" />
</enumeration>

<enumeration enumeration_uid="8938">
  <enum_item value="1" text="Ja | Har f&#229;tt time." answer_id="50130" />
  <enum_item value="2" text="Nei | Ikke f&#229;tt time." answer_id="50131" />
</enumeration>

<enumeration enumeration_uid="9901">
  <enum_item value="1" text="Ja" answer_id="54454" />
  <enum_item value="2" text="Nei" answer_id="54455" />
</enumeration>

<!-- Start: Form items, generated XML -->

<question item_id="10367" mid="VAR10367" datatype="NAR" page_number="1" page_title="Kontaktinfo for rekvirent" question_text="Telefon lege" optional="0" multiline="0" help_text="F&#248;r klokken 15.00" />
<question item_id="10368" mid="VAR10368" datatype="NAR" page_number="1" page_title="Kontaktinfo for rekvirent" question_text="Telefon vakthavende sykepleier" optional="0" multiline="0" help_text="Etter kl. 15.00" />
<question item_id="8912" mid="VAR8912" datatype="NAR" page_number="4" page_title="Kliniske opplysninger" header="Problemstilling" question_text="Kliniske opplysninger" optional="0" multiline="1" />
<question item_id="9901" mid="VAR9901" datatype="ORD" page_number="4" page_title="Kliniske opplysninger" question_text="Smitte" optional="0" enumeration_uid="9901" />
<question item_id="9902" mid="VAR9902" datatype="NAR" page_number="5" question_text="Type smitte" optional="0" multiline="0" />
<question item_id="8930" mid="VAR8930" datatype="NAR" page_number="6" page_title="Type unders&#248;kelse" question_text="Hva &#248;nskes unders&#248;kt" optional="0" multiline="0" />
<question item_id="8934" mid="VAR8934" datatype="ORD" page_number="7" page_title="Timeavtale" question_text="&#216;H" optional="0" enumeration_uid="8934" />
<question item_id="8938" mid="DshRtgHarTime" datatype="ORD" page_number="7" page_title="Timeavtale" question_text="Har f&#229;tt time" optional="0" enumeration_uid="8938" group_id="DshRtgHarTime" />
<question item_id="8936" mid="DshRtgBestiltDato" datatype="DATE" page_number="8" question_text="Avtalt dato" optional="0" help_text="Fyll ut bare hvis det er avtalt tidspunkt" group_id="DshRtgBestiltDato" />
<question item_id="8937" mid="VAR8937" datatype="NAR" page_number="8" question_text="Tidspunkt" optional="0" multiline="0" />
<question item_id="8935" mid="VAR8935" datatype="DATE" page_number="9" question_text="&#216;nsket dato" optional="0" />
<question item_id="8927" mid="VAR8927" datatype="NAR" page_number="10" page_title="Kopi av svar bes sendt til" question_text="Navn" optional="1" carry_forward="1" multiline="0" />
<question item_id="8928" mid="VAR8928" datatype="NAR" page_number="10" page_title="Kopi av svar bes sendt til" question_text="Adresse" optional="1" carry_forward="1" multiline="0" />
<question item_id="8929" mid="VAR8929" datatype="NAR" page_number="10" page_title="Kopi av svar bes sendt til" question_text="Postnr./sted" optional="1" carry_forward="1" multiline="0" />

<!-- Start: Form actions, generated XML -->

<question_action master_question_mid="VAR9901" detail_question_mid="VAR9902" enum_item_value="1" activate="1" />
<question_action master_question_mid="DshRtgHarTime" detail_question_mid="DshRtgBestiltDato" enum_item_value="1" activate="1" />
<question_action master_question_mid="DshRtgHarTime" detail_question_mid="VAR8937" enum_item_value="1" activate="1" />
<question_action master_question_mid="DshRtgHarTime" detail_question_mid="VAR8935" enum_item_value="2" activate="1" />
</form>
