<?xml version="1.0" encoding="ISO-8859-1"?>
<form form_id="447" form_uid="GBD_OPPFOLGING" title="Oppf&#248;lgingssamtale" calculate_invalid="False" rating_scale="False" status="Closed" repeatable="1" >
<instructions></instructions>

<!-- Start: Form enums, generated XML -->


<!-- Start: Form items, generated XML -->

<question item_id="5424" mid="VAR5424" datatype="DATE" page_number="1" page_title="Tid og deltagere" question_text="Samtale holdt" optional="1" />
<question item_id="5405" mid="VAR5405" datatype="NAR" page_number="1" page_title="Tid og deltagere" question_text="Deltagere" optional="1" multiline="1" />
<question item_id="5404" mid="VAR5404" datatype="NAR" page_number="2" page_title="Temaer" question_text="Hva &#248;nsker beboer / p&#229;r&#248;rende &#229; ta opp i samtalen?" optional="1" multiline="1" />
<question item_id="5406" mid="VAR5406" datatype="NAR" page_number="2" page_title="Temaer" question_text="Hvordan oppleves helsetilstanden n&#229;?" optional="1" multiline="1" />
<question item_id="5407" mid="VAR5407" datatype="NAR" page_number="2" page_title="Temaer" question_text="Informasjon fra prim&#230;rkontakt/ avdelingsleder, evt. lege om utvikling av helsetilstand, omsorgsniv&#229; og observasjoner" optional="1" multiline="1" />
<question item_id="5408" mid="VAR5408" datatype="NAR" page_number="2" page_title="Temaer" question_text="Hvordan opplever beboer at han/hennes behov for hjelp til personlig hygiene blir ivaretatt?" optional="1" multiline="1" />
<question item_id="5409" mid="VAR5409" datatype="NAR" page_number="2" page_title="Temaer" question_text="Hvordan opplever beboer at han/hun f&#229;r dekket sitt behov for b&#229;de s&#248;vn og hvile og for &#229; v&#230;re oppe?" optional="1" multiline="1" />
<question item_id="5410" mid="VAR5410" datatype="NAR" page_number="2" page_title="Temaer" question_text="I hvilken grad f&#229;r beboer den n&#248;dvendige hjelp til toalettbes&#248;k?" optional="1" multiline="1" />
<question item_id="5411" mid="VAR5411" datatype="NAR" page_number="2" page_title="Temaer" question_text="Hvordan oppleves m&#229;ltidene og n&#248;dvendig hjelp i matsituasjonen?" optional="1" multiline="1" />
<question item_id="5412" mid="VAR5412" datatype="NAR" page_number="2" page_title="Temaer" question_text="Hvordan er trivselen og mulighet for aktivitet?" optional="1" multiline="1" />
<question item_id="5413" mid="VAR5413" datatype="NAR" page_number="2" page_title="Temaer" question_text="Forslag til hva som kunne v&#230;rt endret for &#229; eventuelt bedre trivselen?" optional="1" multiline="1" />
<question item_id="5414" mid="VAR5414" datatype="NAR" page_number="2" page_title="Temaer" question_text="Har beboer noen &#248;nsker for &#229; f&#229; adspredelser / aktivitet?" optional="1" multiline="1" />
<question item_id="5415" mid="VAR5415" datatype="NAR" page_number="2" page_title="Temaer" question_text="Hvordan opplever beboer &#229; f&#229; dekket behov for sosial kontakt i og utenfor sykehjemmet?" optional="1" multiline="1" />
<question item_id="5416" mid="VAR5416" datatype="NAR" page_number="2" page_title="Temaer" question_text="P&#229; hvilken m&#229;te blir beboers og p&#229;r&#248;rendes informasjonsbehov eller behov for &#229; snakke med legen ivaretatt?" optional="1" multiline="1" />
<question item_id="5417" mid="VAR5417" datatype="NAR" page_number="2" page_title="Temaer" question_text="Er det noe beboer / p&#229;r&#248;rende setter pris p&#229; at vi gj&#248;r og som hun / han &#248;nsker vi skal fortsette med?" optional="1" multiline="1" />
<question item_id="5418" mid="VAR5418" datatype="NAR" page_number="2" page_title="Temaer" question_text="Er det andre ting beboer / p&#229;r&#248;rende &#248;nsker &#229; ta opp?" optional="1" multiline="1" />
<question item_id="5419" mid="VAR5419" datatype="NAR" page_number="2" page_title="Temaer" question_text="Er det noe beboer/p&#229;r&#248;rende &#248;nsker mer info om?" optional="1" multiline="1" />
<question item_id="5420" mid="VAR5420" datatype="NAR" page_number="2" page_title="Temaer" question_text="P&#229;r&#248;rende som ressurs: er det noe p&#229;r&#248;rende kan/&#248;nsker &#229; bidra med for &#229; fremme trivsel." optional="1" multiline="1" />
<question item_id="5421" mid="VAR5421" datatype="NAR" page_number="2" page_title="Temaer" question_text="P&#229;r&#248;rendes opplevelse: Hvordan oppleves det &#229; v&#230;re p&#229;r&#248;rende" optional="1" multiline="1" />
<question item_id="5422" mid="VAR5422" datatype="NAR" page_number="2" page_title="Temaer" question_text="Forventninger: Avklare forventninger begge veier." optional="1" multiline="1" />
<question item_id="5423" mid="VAR5423" datatype="NAR" page_number="3" page_title="Oppsummering" page_introduction="Kun en oppsummering fra m&#248;tet dokumenteres" question_text="Oppsummering" optional="1" multiline="1" />

<!-- Start: Form actions, generated XML -->

</form>
