<?xml version="1.0" encoding="ISO-8859-1"?>
<form form_id="804" form_uid="BARS" title="BARS - Brief Agitation Rating Scale" calculate_invalid="False" rating_scale="False" status="Open" repeatable="1" >
<instructions></instructions>

<!-- Start: Form enums, generated XML -->

<enumeration enumeration_uid="9883">
  <enum_item value="1" text="Aldri" answer_id="54139" />
  <enum_item value="2" text="Mindre enn en gang i uken" answer_id="54140" />
  <enum_item value="3" text="En eller to ganger i uken" answer_id="54141" />
  <enum_item value="4" text="Flere ganger i uken" answer_id="54142" />
  <enum_item value="5" text="En eller to ganger om dagen" answer_id="54143" />
  <enum_item value="6" text="Mange ganger om dagen" answer_id="54144" />
  <enum_item value="7" text="Mange ganger i timen" answer_id="54145" />
</enumeration>

<enumeration enumeration_uid="9884">
  <enum_item value="1" text="Aldri" answer_id="54148" />
  <enum_item value="2" text="Mindre enn en gang i uken" answer_id="54149" />
  <enum_item value="3" text="En eller to ganger i uken" answer_id="54150" />
  <enum_item value="4" text="Flere ganger i uken" answer_id="54151" />
  <enum_item value="5" text="En eller to ganger om dagen" answer_id="54152" />
  <enum_item value="6" text="Mange ganger om dagen" answer_id="54153" />
  <enum_item value="7" text="Mange ganger i timen" answer_id="54154" />
</enumeration>

<enumeration enumeration_uid="9885">
  <enum_item value="1" text="Aldri" answer_id="54164" />
  <enum_item value="2" text="Mindre enn en gang i uken" answer_id="54165" />
  <enum_item value="3" text="En eller to ganger i uken" answer_id="54166" />
  <enum_item value="4" text="Flere ganger i uken" answer_id="54167" />
  <enum_item value="5" text="En eller to ganger om dagen" answer_id="54168" />
  <enum_item value="6" text="Mange ganger om dagen" answer_id="54169" />
  <enum_item value="7" text="Mange ganger i timen" answer_id="54170" />
</enumeration>

<enumeration enumeration_uid="9886">
  <enum_item value="1" text="Aldri" answer_id="54180" />
  <enum_item value="2" text="Mindre enn en gang i uken" answer_id="54181" />
  <enum_item value="3" text="En eller to ganger i uken" answer_id="54182" />
  <enum_item value="4" text="Flere ganger i uken" answer_id="54183" />
  <enum_item value="5" text="En eller to ganger om dagen" answer_id="54184" />
  <enum_item value="6" text="Mange ganger om dagen" answer_id="54185" />
  <enum_item value="7" text="Mange ganger i timen" answer_id="54186" />
</enumeration>

<enumeration enumeration_uid="9887">
  <enum_item value="1" text="Aldri" answer_id="54196" />
  <enum_item value="2" text="Mindre enn en gang i uken" answer_id="54197" />
  <enum_item value="3" text="En eller to ganger i uken" answer_id="54198" />
  <enum_item value="4" text="Flere ganger i uken" answer_id="54199" />
  <enum_item value="5" text="En eller to ganger om dagen" answer_id="54200" />
  <enum_item value="6" text="Mange ganger om dagen" answer_id="54201" />
  <enum_item value="7" text="Mange ganger i timen" answer_id="54202" />
</enumeration>

<enumeration enumeration_uid="9888">
  <enum_item value="1" text="Aldri" answer_id="54212" />
  <enum_item value="2" text="Mindre enn en gang i uken" answer_id="54213" />
  <enum_item value="3" text="En eller to ganger i uken" answer_id="54214" />
  <enum_item value="4" text="Flere ganger i uken" answer_id="54215" />
  <enum_item value="5" text="En eller to ganger om dagen" answer_id="54216" />
  <enum_item value="6" text="Mange ganger om dagen" answer_id="54217" />
  <enum_item value="7" text="Mange ganger i timen" answer_id="54218" />
</enumeration>

<enumeration enumeration_uid="9889">
  <enum_item value="1" text="Aldri" answer_id="54228" />
  <enum_item value="2" text="Mindre enn en gang i uken" answer_id="54229" />
  <enum_item value="3" text="En eller to ganger i uken" answer_id="54230" />
  <enum_item value="4" text="Flere ganger i uken" answer_id="54231" />
  <enum_item value="5" text="En eller to ganger om dagen" answer_id="54232" />
  <enum_item value="6" text="Mange ganger om dagen" answer_id="54233" />
  <enum_item value="7" text="Mange ganger i timen" answer_id="54234" />
</enumeration>

<enumeration enumeration_uid="9890">
  <enum_item value="1" text="Aldri" answer_id="54244" />
  <enum_item value="2" text="Mindre enn en gang i uken" answer_id="54245" />
  <enum_item value="3" text="En eller to ganger i uken" answer_id="54246" />
  <enum_item value="4" text="Flere ganger i uken" answer_id="54247" />
  <enum_item value="5" text="En eller to ganger om dagen" answer_id="54248" />
  <enum_item value="6" text="Mange ganger om dagen" answer_id="54249" />
  <enum_item value="7" text="Mange ganger i timen" answer_id="54250" />
</enumeration>

<enumeration enumeration_uid="9891">
  <enum_item value="1" text="Aldri" answer_id="54260" />
  <enum_item value="2" text="Mindre enn en gang i uken" answer_id="54261" />
  <enum_item value="3" text="En eller to ganger i uken" answer_id="54262" />
  <enum_item value="4" text="Flere ganger i uken" answer_id="54263" />
  <enum_item value="5" text="En eller to ganger om dagen" answer_id="54264" />
  <enum_item value="6" text="Mange ganger om dagen" answer_id="54265" />
  <enum_item value="7" text="Mange ganger i timen" answer_id="54266" />
</enumeration>

<enumeration enumeration_uid="9892">
  <enum_item value="1" text="Aldri" answer_id="54276" />
  <enum_item value="2" text="Mindre enn en gang i uken" answer_id="54277" />
  <enum_item value="3" text="En eller to ganger i uken" answer_id="54278" />
  <enum_item value="4" text="Flere ganger i uken" answer_id="54279" />
  <enum_item value="5" text="En eller to ganger om dagen" answer_id="54280" />
  <enum_item value="6" text="Mange ganger om dagen" answer_id="54281" />
  <enum_item value="7" text="Mange ganger i timen" answer_id="54282" />
</enumeration>

<!-- Start: Form items, generated XML -->

<question item_id="9883" mid="VAR9883" datatype="ORD" page_number="1" page_introduction="Les hver av de 10 atferdstypene og sett ring rundt hvor ofte (1-7) hver har vist seg hos pasienten de siste to ukene." question_text="G&#229;r frem og tilbake, form&#229;lsl&#248;s vandring" optional="1" enumeration_uid="9883" help_text="Konstant gange frem og tilbake, inkluderer ogs&#229; konstant kj&#248;ring med rullestol frem og tilbake. Inkluderer ikke vanlig m&#229;lrettet gange." />
<question item_id="9884" mid="VAR9884" datatype="ORD" page_number="1" page_introduction="Les hver av de 10 atferdstypene og sett ring rundt hvor ofte (1-7) hver har vist seg hos pasienten de siste to ukene." question_text="Gjentatte setninger eller sp&#248;rsm&#229;l" optional="1" enumeration_uid="9884" help_text="Gjentagelse av den samme setningen eller sp&#248;rsm&#229;let, rettet mot en spesiell person eller ikke rettet mot noen spesielle (klaging, selv om denne er rettet mot noen og muligens berettiget, blir sk&#229;ret under klaging)." />
<question item_id="9885" mid="VAR9885" datatype="ORD" page_number="1" page_introduction="Les hver av de 10 atferdstypene og sett ring rundt hvor ofte (1-7) hver har vist seg hos pasienten de siste to ukene." question_text="Sl&#229;r (inkludert seg selv)" optional="1" enumeration_uid="9885" help_text="Fysisk skade, sl&#229; andre, p&#229;f&#248;rer andre smerte, sl&#229;r seg selv/m&#248;bler." />
<question item_id="9886" mid="VAR9886" datatype="ORD" page_number="1" page_introduction="Les hver av de 10 atferdstypene og sett ring rundt hvor ofte (1-7) hver har vist seg hos pasienten de siste to ukene." question_text="Griper tak i andre" optional="1" enumeration_uid="9886" help_text="River, griper hardt, tar bestemt tak i eller napper borti." />
<question item_id="9887" mid="VAR9887" datatype="ORD" page_number="1" page_introduction="Les hver av de 10 atferdstypene og sett ring rundt hvor ofte (1-7) hver har vist seg hos pasienten de siste to ukene." question_text="Skubber" optional="1" enumeration_uid="9887" help_text="Skubber med makt, skyver, presser andre." />
<question item_id="9888" mid="VAR9888" datatype="ORD" page_number="1" page_introduction="Les hver av de 10 atferdstypene og sett ring rundt hvor ofte (1-7) hver har vist seg hos pasienten de siste to ukene." question_text="Merkelige lyder (underlig latter eller gr&#229;t)" optional="1" enumeration_uid="9888" help_text="Inkluderer gr&#229;ting, st&#248;nning, underlig latter, skj&#230;ring av tenner og ikke forst&#229;elige ord." />
<question item_id="9889" mid="VAR9889" datatype="ORD" page_number="1" page_introduction="Les hver av de 10 atferdstypene og sett ring rundt hvor ofte (1-7) hver har vist seg hos pasienten de siste to ukene." question_text="Kloring" optional="1" enumeration_uid="9889" help_text="Klorer, krafser med negler p&#229; andre personer eller p&#229; seg selv." />
<question item_id="9890" mid="VAR9890" datatype="ORD" page_number="1" page_introduction="Les hver av de 10 atferdstypene og sett ring rundt hvor ofte (1-7) hver har vist seg hos pasienten de siste to ukene." question_text="Klaging" optional="1" enumeration_uid="9890" help_text="Sutring og jamring, klager over seg selv, somatiske klager, over mageknip eller klager over det fysiske milj&#248;et eller andre personer." />
<question item_id="9891" mid="VAR9891" datatype="ORD" page_number="1" page_introduction="Les hver av de 10 atferdstypene og sett ring rundt hvor ofte (1-7) hver har vist seg hos pasienten de siste to ukene." question_text="Utf&#248;rer gjentatte bevegelser/handlinger" optional="1" enumeration_uid="9891" help_text="Utf&#248;rer gjentatte og stereotype bevegelser eller handlinger, slik som klapping, banking, rugge p&#229; seg selv, plukke, fikle, gni p&#229; seg selv eller gjenstander, suge p&#229; fingre, ta av og p&#229; sko, pirke p&#229; seg selv, kl&#230;r eller gjenstander, plukker p&#229; innbilte ting ut i luften eller fra gulvet, h&#229;ndterer gjenstander p&#229; en stereotyp m&#229;te, inkluderer ikke gjentagelser av ord eller annen vokalisering." />
<question item_id="9892" mid="VAR9892" datatype="ORD" page_number="1" page_introduction="Les hver av de 10 atferdstypene og sett ring rundt hvor ofte (1-7) hver har vist seg hos pasienten de siste to ukene." question_text="Generell rastl&#248;shet" optional="1" enumeration_uid="9892" help_text="Er rastl&#248;s, beveger seg hele tiden rundt i stolen, reiser seg opp og ned, ikke i stand til &#229; sitte rolig." />

<!-- Start: Form actions, generated XML -->

</form>
