<?xml version="1.0" encoding="ISO-8859-1"?>
<form form_id="275" form_uid="GBD_EPI_SYKEHUS" title="Epikrise fra innleggelse" calculate_invalid="False" rating_scale="False" status="Open" repeatable="1" >
<instructions>Konklusjoner fra manuelle epikriser fra sykehus noteres med denne notattypen. Epikrisetekst i fritekstfeltet.</instructions>

<!-- Start: Form enums, generated XML -->


<!-- Start: Form items, generated XML -->

<question item_id="3551" mid="BREV_INSTITUSJON" datatype="NAR" page_number="1" page_title="Epikrise innleggelse" question_text="Institusjon" optional="0" multiline="0" group_id="BREV_INSTITUSJON" />
<question item_id="3552" mid="BREV_AVDELING" datatype="NAR" page_number="1" page_title="Epikrise innleggelse" question_text="Avdeling" optional="0" multiline="0" group_id="BREV_AVDELING" />
<question item_id="3630" mid="BREV_ADRESSE" datatype="NAR" page_number="1" page_title="Epikrise innleggelse" question_text="Adresse" optional="1" multiline="0" help_text="Adressen det henvises til" group_id="BREV_ADRESSE" />
<question item_id="3631" mid="BREV_POSTNUMMER" datatype="NAR" page_number="1" page_title="Epikrise innleggelse" question_text="Postnummer" optional="1" multiline="0" group_id="BREV_POSTNUMMER" />
<question item_id="3632" mid="BREV_POSTSTED" datatype="NAR" page_number="1" page_title="Epikrise innleggelse" question_text="Poststed" optional="1" multiline="0" group_id="BREV_POSTSTED" />
<question item_id="3633" mid="BREV_TELEFON" datatype="NAR" page_number="1" page_title="Epikrise innleggelse" question_text="Telefonnummer" optional="1" multiline="0" group_id="BREV_TELEFON" />
<question item_id="3652" mid="INNLAGT_DATO" datatype="DATE" page_number="2" page_title="Dato og konklusjon" question_text="Innlagt dato" optional="0" group_id="INNLAGT_DATO" />
<question item_id="3653" mid="UTSKREVET_DATO" datatype="DATE" page_number="2" page_title="Dato og konklusjon" question_text="Utskrevet dato" optional="0" group_id="UTSKREVET_DATO" />
<question item_id="3651" mid="EPIKRISE_DIAGNOSE" datatype="NAR" page_number="2" page_title="Dato og konklusjon" question_text="Hoveddiagnose" optional="1" multiline="0" group_id="EPIKRISE_DIAGNOSE" />
<question item_id="3654" mid="ALERT_PROBLEMLIST" datatype="MSG" page_number="2" page_title="Dato og konklusjon" header="Oppdater problemlisten" question_text="Kontroller epikrisen for diagnosekoder, og legg aktuelle diagnoser inn p&#229; diagnoselisten her." optional="1" group_id="ALERT_PROBLEMLIST" />

<!-- Start: Form actions, generated XML -->

</form>
