<?xml version="1.0" encoding="ISO-8859-1"?>
<form form_id="452" form_uid="GBD_SAMARBEID" title="Samarbeidsavtale med beboer/p&#229;r&#248;rende" calculate_invalid="False" rating_scale="False" status="Open" repeatable="1" >
<instructions></instructions>

<!-- Start: Form enums, generated XML -->

<enumeration enumeration_uid="5532">
  <enum_item value="1" text="Ektefelle" answer_id="29806" />
  <enum_item value="2" text="datter / s&#248;nn" answer_id="29807" />
  <enum_item value="3" text="bror / s&#248;ster" answer_id="29808" />
  <enum_item value="4" text="annet slektskap" answer_id="29809" />
  <enum_item value="5" text="samboer" answer_id="29810" />
</enumeration>

<enumeration enumeration_uid="5537">
  <enum_item value="1" text="Ja" answer_id="29813" />
  <enum_item value="2" text="Nei" short_code="N" answer_id="29814" />
  <enum_item value="3" text="Ukjent" short_code="U" answer_id="29815" />
</enumeration>

<enumeration enumeration_uid="5538">
  <enum_item value="1" text="Ja" answer_id="29818" />
  <enum_item value="2" text="Nei" short_code="N" answer_id="29819" />
</enumeration>

<enumeration enumeration_uid="5541">
  <enum_item value="1" text="God" answer_id="29820" />
  <enum_item value="2" text="Middels" answer_id="29821" />
  <enum_item value="3" text="D&#229;rlig" answer_id="29822" />
</enumeration>

<enumeration enumeration_uid="5543">
  <enum_item value="1" text="Ja" answer_id="29828" />
  <enum_item value="2" text="Nei" short_code="N" answer_id="29829" />
</enumeration>

<enumeration enumeration_uid="5544">
  <enum_item value="1" text="Ja" answer_id="29832" />
  <enum_item value="2" text="Nei" short_code="N" answer_id="29833" />
</enumeration>

<enumeration enumeration_uid="5545">
  <enum_item value="1" text="Ja" answer_id="29836" />
  <enum_item value="2" text="Nei" short_code="N" answer_id="29837" />
</enumeration>

<enumeration enumeration_uid="5547">
  <enum_item value="1" text="Ja" answer_id="29844" />
  <enum_item value="2" text="Nei" short_code="N" answer_id="29845" />
</enumeration>

<enumeration enumeration_uid="5548">
  <enum_item value="1" text="Ja" answer_id="29848" />
  <enum_item value="2" text="Nei" short_code="N" answer_id="29849" />
  <enum_item value="3" text="Ikke relevant" answer_id="29850" />
</enumeration>

<enumeration enumeration_uid="5549">
  <enum_item value="1" text="Ja" answer_id="29853" />
  <enum_item value="2" text="Nei" short_code="N" answer_id="29854" />
</enumeration>

<enumeration enumeration_uid="5550">
  <enum_item value="1" text="Ja" answer_id="29857" />
  <enum_item value="2" text="Nei" short_code="N" answer_id="29858" />
</enumeration>

<enumeration enumeration_uid="5589">
  <enum_item value="1" text="Ja" answer_id="29901" />
  <enum_item value="2" text="Nei" short_code="N" answer_id="29902" />
</enumeration>

<enumeration enumeration_uid="5590">
  <enum_item value="1" text="Ja" answer_id="29903" />
  <enum_item value="2" text="Nei" short_code="N" answer_id="29904" />
</enumeration>

<enumeration enumeration_uid="5591">
  <enum_item value="1" text="Ja" answer_id="29905" />
  <enum_item value="2" text="Nei" short_code="N" answer_id="29906" />
</enumeration>

<enumeration enumeration_uid="5592">
  <enum_item value="1" text="Ja" answer_id="29907" />
  <enum_item value="2" text="Nei" short_code="N" answer_id="29908" />
</enumeration>

<enumeration enumeration_uid="5593">
  <enum_item value="1" text="Ja" answer_id="29909" />
  <enum_item value="2" text="Nei" short_code="N" answer_id="29910" />
</enumeration>

<!-- Start: Form items, generated XML -->

<question item_id="5542" mid="VAR5542" datatype="MSG" page_number="1" question_text="Utskrift av utfylt skjema signeres, og arkiveres i papirjournal." optional="1" />
<question item_id="5532" mid="VAR5532" datatype="ORD" page_number="2" page_title="Foresatte / kontaktopplysninger" question_text="Type n&#230;rmeste p&#229;r&#248;rende" optional="1" enumeration_uid="5532" />
<question item_id="5533" mid="VAR5533" datatype="NAR" page_number="2" page_title="Foresatte / kontaktopplysninger" header="N&#230;rmeste p&#229;r&#248;rende*" question_text="Navn p&#229; n&#230;rmeste p&#229;r&#248;rende" optional="0" carry_forward="1" exclude_caption="1" multiline="0" />
<question item_id="5535" mid="VAR5535" datatype="NAR" page_number="2" page_title="Foresatte / kontaktopplysninger" question_text="Adresse n&#230;rmeste p&#229;r&#248;rende" optional="1" multiline="0" />
<question item_id="5536" mid="VAR5536" datatype="NAR" page_number="2" page_title="Foresatte / kontaktopplysninger" question_text="Telefon n&#230;rmeste p&#229;r&#248;rende" optional="1" multiline="0" />
<question item_id="5534" mid="VAR5534" datatype="NAR" page_number="2" page_title="Foresatte / kontaktopplysninger" question_text="Andre p&#229;r&#248;rende" optional="1" multiline="0" help_text="Kontaktopplysninger for andre p&#229;r&#248;rende" />
<question item_id="5541" mid="VAR5541" datatype="ORD" page_number="3" page_title="Informasjon om helsetilstand" question_text="Hvordan oppleves din helsetilstand n&#229;?" optional="1" enumeration_uid="5541" help_text="Ev. f&#248;res p&#229;r&#248;rendes eller personalets oppfatning" />
<question item_id="5537" mid="VAR5537" datatype="ORD" page_number="3" page_title="Informasjon om helsetilstand" question_text="Orientering til beboer om helsetilstand" optional="1" enumeration_uid="5537" help_text="Beboeren &#248;nsker/ville &#248;nsket &#229; holdes fortl&#248;pende orientert om sin helsetilstand, for eksempel ved nytilkomne sykdomsfunn p&#229; blodpr&#248;ver eller andre funn" />
<question item_id="5538" mid="VAR5538" datatype="ORD" page_number="3" page_title="Informasjon om helsetilstand" question_text="Full informasjon til p&#229;r&#248;rende" optional="1" enumeration_uid="5538" help_text="Beboer &#248;nsker/ville &#248;nsket at n&#230;rmeste p&#229;r&#248;rende skal f&#229; full informasjon om hans/hennes helsetilstand?" />
<question item_id="5539" mid="VAR5539" datatype="NAR" page_number="3" page_title="Informasjon om helsetilstand" question_text="Ev. kommentar" optional="1" multiline="0" />
<question item_id="5540" mid="VAR5540" datatype="NAR" page_number="4" question_text="Prim&#230;rkontakt(er)" optional="1" multiline="0" />
<question item_id="5589" mid="VAR5589" datatype="ORD" page_number="5" page_title="Bidrag fra p&#229;r&#248;rende" question_text="S&#248;rge for adresseendring" optional="1" enumeration_uid="5589" />
<question item_id="5590" mid="VAR5590" datatype="ORD" page_number="5" page_title="Bidrag fra p&#229;r&#248;rende" question_text="S&#248;rge for endring av abonnement av aviser, ukeblader, tidsskrifter ol." optional="1" enumeration_uid="5590" />
<question item_id="5591" mid="VAR5591" datatype="ORD" page_number="5" page_title="Bidrag fra p&#229;r&#248;rende" question_text="S&#248;rge for flytting av telefon" optional="1" enumeration_uid="5591" />
<question item_id="5592" mid="VAR5592" datatype="ORD" page_number="5" page_title="Bidrag fra p&#229;r&#248;rende" question_text="S&#248;rge for reservasjon mot telefonsalg" optional="1" enumeration_uid="5592" />
<question item_id="5593" mid="VAR5593" datatype="ORD" page_number="5" page_title="Bidrag fra p&#229;r&#248;rende" question_text="Skaffe m&#248;bler/annet inventar" optional="1" enumeration_uid="5593" />
<question item_id="5543" mid="VAR5543" datatype="ORD" page_number="5" page_title="Bidrag fra p&#229;r&#248;rende" question_text="Merke t&#248;yet?" optional="1" enumeration_uid="5543" />
<question item_id="5544" mid="VAR5544" datatype="ORD" page_number="5" page_title="Bidrag fra p&#229;r&#248;rende" question_text="Vaske ullt&#248;y og fint-t&#248;y?" optional="1" enumeration_uid="5544" />
<question item_id="5545" mid="VAR5545" datatype="ORD" page_number="5" page_title="Bidrag fra p&#229;r&#248;rende" question_text="Innkj&#248;p av n&#248;dvendig t&#248;y fortl&#248;pende?" optional="1" enumeration_uid="5545" />
<question item_id="5547" mid="VAR5547" datatype="ORD" page_number="5" page_title="Bidrag fra p&#229;r&#248;rende" question_text="Innkj&#248;p av toalettsaker fortl&#248;pende?" optional="1" enumeration_uid="5547" />
<question item_id="5548" mid="VAR5548" datatype="ORD" page_number="5" page_title="Bidrag fra p&#229;r&#248;rende" question_text="Vedlikeholde av ev. blomster?" optional="1" enumeration_uid="5548" />
<question item_id="5549" mid="VAR5549" datatype="ORD" page_number="5" page_title="Bidrag fra p&#229;r&#248;rende" question_text="T&#248;rke st&#248;v i blant p&#229; beboer-rommet?" optional="1" enumeration_uid="5549" />
<question item_id="5550" mid="VAR5550" datatype="ORD" page_number="5" page_title="Bidrag fra p&#229;r&#248;rende" question_text="F&#248;lge beboer til tannlege, spesialister, arrangementer ol.?" optional="1" enumeration_uid="5550" />
<question item_id="5594" mid="VAR5594" datatype="DATE" page_number="6" page_title="Revisjonsdato" question_text="Dato for revurdering" optional="1" />

<!-- Start: Form actions, generated XML -->

</form>
