<?xml version="1.0" encoding="ISO-8859-1"?>
<form form_id="690" form_uid="GbdAvvik" title="Avvik" calculate_invalid="False" rating_scale="False" status="Closed" repeatable="1" >
<instructions></instructions>

<!-- Start: Form enums, generated XML -->

<enumeration enumeration_uid="6402">
  <enum_item value="1" text="Ingen skade skjedd." answer_id="33896" />
  <enum_item value="2" text="Mild: En hendelse som vanligvis er forbig&#229;ende og krever minimal behandling.  P&#229;virker normalt ikke dagliglivet." answer_id="33897" />
  <enum_item value="3" text="Moderat: En hendelse som krever tilleggsbehandling.  Den p&#229;virker vanlige aktiviteter i dagliglivet og gir ubehag, men uten vesentlig eller varig risiko for pasienten." answer_id="33898" />
  <enum_item value="4" text="Betydelig: En hendelse som krever intensiv tilleggsbehandling.  Dagliglivet eller klinisk status er betydelig endret.  Betydelig risiko for skade, sykehusinnleggelse kan v&#230;re n&#248;dvendig." answer_id="33899" />
  <enum_item value="5" text="Livstruende/invalidiserende: En hendelse som krever stor eller akutt intervensjon og truer patientens liv.  Hendelsen kan gi varig skade og kan forstyrre patientens mulighet for vanlige aktiviteter." answer_id="33900" />
  <enum_item value="6" text="D&#248;d: Pasienten d&#248;de i relasjon til hendelsen." answer_id="33921" />
</enumeration>

<enumeration enumeration_uid="8507">
  <enum_item value="1" text="Liten" answer_id="47319" />
  <enum_item value="2" text="Middels" answer_id="47320" />
  <enum_item value="3" text="Stor" answer_id="47321" />
</enumeration>

<enumeration enumeration_uid="8508">
  <enum_item value="1" text="Ja | Mangelfull oppl&#230;ring." short_code="J" answer_id="47328" />
  <enum_item value="2" text="Nei" short_code="N" answer_id="47329" />
  <enum_item value="3" text="Usikker" short_code="U" answer_id="47330" />
</enumeration>

<enumeration enumeration_uid="8509">
  <enum_item value="1" text="Ja" answer_id="47333" />
  <enum_item value="2" text="Nei" short_code="N" answer_id="47334" />
  <enum_item value="3" text="Usikker" short_code="U" answer_id="47335" />
</enumeration>

<enumeration enumeration_uid="8510">
  <enum_item value="1" text="Ja" answer_id="47347" />
  <enum_item value="2" text="Nei" short_code="N" answer_id="47348" />
  <enum_item value="3" text="Usikker" short_code="U" answer_id="47349" />
</enumeration>

<enumeration enumeration_uid="8511">
  <enum_item value="1" text="Ja" answer_id="47355" />
  <enum_item value="2" text="Nei" short_code="N" answer_id="47356" />
  <enum_item value="3" text="Usikker" short_code="U" answer_id="47357" />
</enumeration>

<enumeration enumeration_uid="8512">
  <enum_item value="1" text="Registrert" answer_id="47361" />
  <enum_item value="2" text="Under behandling" answer_id="47362" />
  <enum_item value="3" text="Lukket" answer_id="47363" />
</enumeration>

<enumeration enumeration_uid="8514">
  <enum_item value="1" text="Fall" answer_id="47373" />
  <enum_item value="2" text="Legemidler" answer_id="47374" />
  <enum_item value="3" text="Ern&#230;ring" answer_id="47375" />
  <enum_item value="4" text="Manglende dokumentasjon internt eller hos fastlegen" answer_id="47376" />
  <enum_item value="5" text="Manglende dokumentasjon fra sykehus" answer_id="47377" />
  <enum_item value="6" text="Overgrep" answer_id="47378" />
  <enum_item value="7" text="Ventetid fysio/ergoterapi" answer_id="47379" />
  <enum_item value="8" text="Andre avvik" answer_id="47380" />
</enumeration>

<enumeration enumeration_uid="9105">
  <enum_item value="1" text="Mangelfulle rutiner" answer_id="50810" />
  <enum_item value="2" text="Mangelfull oppl&#230;ring" answer_id="50811" />
  <enum_item value="3" text="Mangelfull oppf&#248;lging av rutine/retningslinje" answer_id="50812" />
  <enum_item value="4" text="Mangelfull sikring / Annet" answer_id="50813" />
</enumeration>

<!-- Start: Form items, generated XML -->

<question item_id="8518" mid="AvvikStikkord" datatype="NAR" page_number="1" page_title="Om avviket" page_introduction="Type og stikkord for avviket, utfyllende detaljer i kommentarfelt nederst." header="Stikkord" question_text="Skriv bare noen f&#229; stikkord om avviket her, felt for utfyllende informasjon kommer senere." optional="0" multiline="0" group_id="AvvikStikkord" />
<question item_id="8514" mid="AvvikType" datatype="ORD" page_number="1" page_title="Om avviket" page_introduction="Type og stikkord for avviket, utfyllende detaljer i kommentarfelt nederst." question_text="Type avvik" optional="0" enumeration_uid="8514" group_id="AvvikType" />
<question item_id="8515" mid="VAR8515" datatype="MSG" page_number="2" header="Fallregistrering" question_text="Husk eget skjema for fallregistrering." optional="1" />
<question item_id="8516" mid="VAR8516" datatype="MSG" page_number="3" header="Bivirkning?" question_text="Husk &#229; registrere eventuell bivirkninger i medikamentmodulen." optional="1" />
<question item_id="6402" mid="EVENT_SEVERITY" datatype="ORD" page_number="4" page_title="Alvorlighetsgrad" page_introduction="Alvorlighetsgraden er knyttet til eventuell skade p&#229; pasient." header="Alvorlighetsgrad" question_text="Vurdering av alvorlighetsgrad" optional="0" enumeration_uid="6402" group_id="EVENT_SEVERITY" />
<question item_id="8507" mid="AvvikAlvorlighet" datatype="ORD" page_number="4" page_title="Alvorlighetsgrad" page_introduction="Alvorlighetsgraden er knyttet til eventuell skade p&#229; pasient." question_text="Alvorlighetsgrad for rapportering (3 kategorier)" optional="0" visible="-1" expression="1 * ISPOS( ISNULL(EVENT_SEVERITY-1) + ISNULL (EVENT_SEVERITY-2) ) + 2 * ISPOS( ISNULL(EVENT_SEVERITY-3) ) + 3 * ISPOS( ISNULL(EVENT_SEVERITY-4) + ISNULL (EVENT_SEVERITY-5) + ISNULL ( EVENT_SEVERITY-6) )" enumeration_uid="8507" group_id="AvvikAlvorlighet" />
<question item_id="8509" mid="AvvikRutiner" datatype="ORD" page_number="5" page_title="&#197;rsaker til avvik" page_introduction="Mer enn en &#229;rsak kan velges" header="Mangelfulle rutiner" question_text="Var mangelfulle rutiner medvirkende til at avviket oppstod?" optional="1" enumeration_uid="8509" help_text="Tjenestemottaker ble skadelidende som f&#248;lge av feil i eller mangler ved eksisterende rutiner, eller manglende rutiner." group_id="AvvikRutiner" />
<question item_id="8508" mid="AvvikOpplaering" datatype="ORD" page_number="5" page_title="&#197;rsaker til avvik" page_introduction="Mer enn en &#229;rsak kan velges" header="Mangelfull oppl&#230;ring" question_text="Var mangelfull oppl&#230;ring medvirkende til at avviket oppstod?" optional="1" enumeration_uid="8508" help_text="Tjenestemottaker ble skadelidende som f&#248;lge av at medarbeider utf&#248;rte en handling uten oppl&#230;ring." group_id="AvvikOpplaering" />
<question item_id="8510" mid="AvvikOppfoelging" datatype="ORD" page_number="5" page_title="&#197;rsaker til avvik" page_introduction="Mer enn en &#229;rsak kan velges" header="Mangelfull oppf&#248;lging" question_text="Var mangelfull oppf&#248;lging av rutine/retningslinje medvirkende til at avviket oppstod?" optional="1" enumeration_uid="8510" help_text="Tjenestemottaker ble skadelidende som f&#248;lge av at medarbeider ikke fulgte eksisterende rutiner/arbeidsoppgaver." group_id="AvvikOppfoelging" />
<question item_id="8511" mid="AvvikSikring" datatype="ORD" page_number="5" page_title="&#197;rsaker til avvik" page_introduction="Mer enn en &#229;rsak kan velges" header="Mangelfull sikring / tiltak / annet" question_text="Var mangelfull sikring/tiltak medvirkende til at avviket oppstod?" optional="1" enumeration_uid="8511" help_text="Tjenestemottaker ble skadelidende som f&#248;lge av en u&#248;nsket hendelse" group_id="AvvikSikring" />
<question item_id="9105" mid="AvvikHovedarsak" datatype="ORD" page_number="5" page_title="&#197;rsaker til avvik" page_introduction="Mer enn en &#229;rsak kan velges" header="Hoved&#229;rsak" question_text="Av disse, hvilken &#229;rsak var viktigst?" optional="0" enumeration_uid="9105" group_id="AvvikHovedarsak" />
<question item_id="6410" mid="AvvikForslag" datatype="NAR" page_number="6" page_title="Forslag" page_introduction="Den som registrerer avviket kan foresl&#229; tiltak for &#229; hindre gjentagelse." question_text="Forslag til korrigerende tiltak" optional="1" multiline="1" group_id="AvvikForslag" />
<question item_id="8512" mid="AvvikStatus" datatype="ORD" page_number="7" page_title="Status" page_introduction="Endring av status skal bare gj&#248;res av den som er ansvarlig for h&#229;ndtering av avviket, typisk avdelingsleder." header="Status" question_text="Status for avviket" optional="0" enumeration_uid="8512" help_text="Velg &quot;Registrert&quot; hvis du ikke selv skal behandle avviket." group_id="AvvikStatus" />
<question item_id="8513" mid="AvvikLukketAv" datatype="NAR" page_number="8" question_text="Avviket er lukket av" optional="1" multiline="0" help_text="Skriv inn navnet ditt n&#229;r lukker avviket, f&#248;r du signerer skjemaet.  Eks. &quot;Avdelingsleder&quot;, &quot;Prim&#230;rkontakt&quot; el.l." group_id="AvvikLukketAv" />
<question item_id="8519" mid="AvvikRespons" datatype="NAR" page_number="9" question_text="Kommentarer fra kvalitetsutvalget" optional="1" multiline="1" group_id="AvvikRespons" />
<question item_id="8517" mid="VAR8517" datatype="MSG" page_number="9" header="Om signering..." question_text="Skjemaet skal ligge usignert til avviket er lukket." optional="1" />

<!-- Start: Form actions, generated XML -->

<question_action master_question_mid="AvvikType" detail_question_mid="VAR8515" enum_item_value="1" activate="1" />
<question_action master_question_mid="AvvikType" detail_question_mid="VAR8516" enum_item_value="2" activate="1" />
<question_action master_question_mid="AvvikStatus" detail_question_mid="AvvikLukketAv" enum_item_value="3" activate="1" />
</form>
