<?xml version="1.0" encoding="ISO-8859-1"?>
<form form_id="513" form_uid="LCP2" title="LCP del 2 - Fortl&#248;pende vurderinger" calculate_invalid="False" rating_scale="False" status="Closed" repeatable="1" >
<instructions></instructions>

<!-- Start: Form enums, generated XML -->

<enumeration enumeration_uid="5093">
  <enum_item value="1" text="God (m&#229;l oppn&#229;dd)" answer_id="28148" />
  <enum_item value="2" text="Noe" answer_id="28149" />
  <enum_item value="3" text="Ingen" answer_id="28150" />
</enumeration>

<enumeration enumeration_uid="5258">
  <enum_item value="1" text="God (m&#229;l oppn&#229;dd)" answer_id="28758" />
  <enum_item value="2" text="Noe" answer_id="28759" />
  <enum_item value="3" text="Ingen" answer_id="28760" />
</enumeration>

<enumeration enumeration_uid="5260">
  <enum_item value="1" text="God (m&#229;l oppn&#229;dd)" answer_id="28761" />
  <enum_item value="2" text="Noe" answer_id="28762" />
  <enum_item value="3" text="Ingen" answer_id="28763" />
</enumeration>

<enumeration enumeration_uid="5262">
  <enum_item value="1" text="God (m&#229;l oppn&#229;dd)" answer_id="28764" />
  <enum_item value="2" text="Noe" answer_id="28765" />
  <enum_item value="3" text="Ingen" answer_id="28766" />
</enumeration>

<enumeration enumeration_uid="5264">
  <enum_item value="1" text="God (m&#229;l oppn&#229;dd)" answer_id="28767" />
  <enum_item value="2" text="Noe" answer_id="28768" />
  <enum_item value="3" text="Ingen" answer_id="28769" />
</enumeration>

<enumeration enumeration_uid="5266">
  <enum_item value="1" text="God (m&#229;l oppn&#229;dd)" answer_id="28770" />
  <enum_item value="2" text="Noe" answer_id="28771" />
  <enum_item value="3" text="Ingen" answer_id="28772" />
</enumeration>

<enumeration enumeration_uid="5268">
  <enum_item value="1" text="God (m&#229;l oppn&#229;dd)" answer_id="28773" />
  <enum_item value="2" text="Noe" answer_id="28774" />
  <enum_item value="3" text="Ingen" answer_id="28775" />
</enumeration>

<enumeration enumeration_uid="5270">
  <enum_item value="1" text="God (m&#229;l oppn&#229;dd)" answer_id="28776" />
  <enum_item value="2" text="Noe" answer_id="28777" />
  <enum_item value="3" text="Ingen" answer_id="28778" />
</enumeration>

<enumeration enumeration_uid="5272">
  <enum_item value="1" text="God (m&#229;l oppn&#229;dd)" answer_id="28779" />
  <enum_item value="2" text="Noe" answer_id="28780" />
  <enum_item value="3" text="Ingen" answer_id="28781" />
</enumeration>

<enumeration enumeration_uid="5274">
  <enum_item value="1" text="God (m&#229;l oppn&#229;dd)" answer_id="28782" />
  <enum_item value="2" text="Noe" answer_id="28783" />
  <enum_item value="3" text="Ingen" answer_id="28784" />
</enumeration>

<enumeration enumeration_uid="5276">
  <enum_item value="1" text="God (m&#229;l oppn&#229;dd)" answer_id="28785" />
  <enum_item value="2" text="Noe" answer_id="28786" />
  <enum_item value="3" text="Ingen" answer_id="28787" />
</enumeration>

<enumeration enumeration_uid="5278">
  <enum_item value="1" text="God (m&#229;l oppn&#229;dd)" answer_id="28788" />
  <enum_item value="2" text="Noe" answer_id="28789" />
  <enum_item value="3" text="Ingen" answer_id="28790" />
</enumeration>

<enumeration enumeration_uid="5280">
  <enum_item value="1" text="God (m&#229;l oppn&#229;dd)" answer_id="28791" />
  <enum_item value="2" text="Noe" answer_id="28792" />
  <enum_item value="3" text="Ingen" answer_id="28793" />
</enumeration>

<enumeration enumeration_uid="5282">
  <enum_item value="1" text="God (m&#229;l oppn&#229;dd)" answer_id="28794" />
  <enum_item value="2" text="Noe" answer_id="28795" />
  <enum_item value="3" text="Ingen" answer_id="28796" />
</enumeration>

<enumeration enumeration_uid="5284">
  <enum_item value="1" text="God (m&#229;l oppn&#229;dd)" answer_id="28797" />
  <enum_item value="2" text="Noe" answer_id="28798" />
  <enum_item value="3" text="Ingen" answer_id="28799" />
</enumeration>

<enumeration enumeration_uid="6532">
  <enum_item value="1" text="Ja" answer_id="34911" />
  <enum_item value="2" text="Nei" short_code="N" answer_id="34912" />
</enumeration>

<enumeration enumeration_uid="6533">
  <enum_item value="1" text="Ja" answer_id="34917" />
  <enum_item value="2" text="Nei" short_code="N" answer_id="34918" />
</enumeration>

<enumeration enumeration_uid="6534">
  <enum_item value="1" text="Ja" answer_id="34925" />
  <enum_item value="2" text="Nei" short_code="N" answer_id="34926" />
</enumeration>

<enumeration enumeration_uid="6535">
  <enum_item value="1" text="Ja" answer_id="34933" />
  <enum_item value="2" text="Nei" short_code="N" answer_id="34934" />
</enumeration>

<enumeration enumeration_uid="6536">
  <enum_item value="1" text="Ja" answer_id="34939" />
  <enum_item value="2" text="Nei" short_code="N" answer_id="34940" />
</enumeration>

<enumeration enumeration_uid="6537">
  <enum_item value="1" text="Ja" answer_id="34945" />
  <enum_item value="2" text="Nei" short_code="N" answer_id="34946" />
</enumeration>

<enumeration enumeration_uid="6538">
  <enum_item value="1" text="Ja" answer_id="34951" />
  <enum_item value="2" text="Nei" short_code="N" answer_id="34952" />
</enumeration>

<enumeration enumeration_uid="6539">
  <enum_item value="1" text="Ja" answer_id="34959" />
  <enum_item value="2" text="Nei" short_code="N" answer_id="34960" />
</enumeration>

<enumeration enumeration_uid="6540">
  <enum_item value="1" text="Ja" answer_id="34965" />
  <enum_item value="2" text="Nei" short_code="N" answer_id="34966" />
</enumeration>

<enumeration enumeration_uid="6542">
  <enum_item value="1" text="Ja" answer_id="34971" />
  <enum_item value="2" text="Nei" short_code="N" answer_id="34972" />
</enumeration>

<enumeration enumeration_uid="6543">
  <enum_item value="1" text="Ja" answer_id="34977" />
  <enum_item value="2" text="Nei" short_code="N" answer_id="34978" />
</enumeration>

<enumeration enumeration_uid="6544">
  <enum_item value="1" text="Ja" answer_id="34983" />
  <enum_item value="2" text="Nei" short_code="N" answer_id="34984" />
</enumeration>

<enumeration enumeration_uid="6545">
  <enum_item value="1" text="Ja" answer_id="34989" />
  <enum_item value="2" text="Nei" short_code="N" answer_id="34990" />
</enumeration>

<enumeration enumeration_uid="6546">
  <enum_item value="1" text="Ja" answer_id="34995" />
  <enum_item value="2" text="Nei" short_code="N" answer_id="34996" />
</enumeration>

<enumeration enumeration_uid="6547">
  <enum_item value="1" text="Ja" answer_id="35001" />
  <enum_item value="2" text="Nei" short_code="N" answer_id="35002" />
</enumeration>

<!-- Start: Form items, generated XML -->

<question item_id="6882" mid="VAR6882" datatype="MSG" page_number="1" page_title="DELM&#197;L  - ER M&#197;LET OPPN&#197;DD?" header="Delm&#229;l minst hver 4. time" question_text="Fylles ut minst hver 4 time! Kl 04, 08, 12, 16, 20, 24. Velg &quot;ja&quot; (m&#229;l oppn&#229;dd) eller &quot;nei&quot; (m&#229;l ikke oppn&#229;dd). Hvis svaret er nei, beskrives tiltak og resultat under hvert m&#229;l." optional="1" />
<question item_id="6532" mid="VAR6532" datatype="ORD" page_number="4" page_title="Smerter" question_text="M&#229;l: Pasienten er smertefri" optional="0" enumeration_uid="6532" help_text="Pasienten sier det (dersom ved bevissthet). Pasienten er smertefri ved bevegelse. Pasienten virker fredfull. Vurder behov for leieforandring." />
<question item_id="5275" mid="VAR5275" datatype="NAR" page_number="5" question_text="Tiltak gjort for &#229; oppn&#229; m&#229;let" optional="0" multiline="1" />
<question item_id="5276" mid="VAR5276" datatype="ORD" page_number="5" question_text="Effekt av tiltaket" optional="0" enumeration_uid="5276" />
<question item_id="6533" mid="VAR6533" datatype="ORD" page_number="6" page_title="Uro / forvirring" question_text="M&#229;l: Pasienten er rolig og avslappet" optional="0" enumeration_uid="6533" help_text="Pasienten frembyr ikke tegn p&#229; delirium, d&#248;dsangst, eller rastl&#248;shet (&quot;plukker&quot;). Utelukk urinretensjon som &#229;rsak. Vurder behov for leieforandring." />
<question item_id="5281" mid="VAR5281" datatype="NAR" page_number="7" question_text="Tiltak gjort for &#229; oppn&#229; m&#229;let" optional="0" multiline="1" />
<question item_id="5282" mid="VAR5282" datatype="ORD" page_number="7" question_text="Effekt av tiltaket" optional="0" enumeration_uid="5282" />
<question item_id="6534" mid="VAR6534" datatype="ORD" page_number="8" page_title="Surkling i luftveiene" question_text="M&#229;l: Pasienten er ikke plaget med uttalt surkling" optional="0" enumeration_uid="6534" help_text="Medikamentet skal gies s&#229; snart symptomet oppst&#229;r. Vurder behov for leieforandring. Symptomet er dr&#248;ftet med de p&#229;r&#248;rende." />
<question item_id="5277" mid="VAR5277" datatype="NAR" page_number="9" question_text="Tiltak gjort for &#229; oppn&#229; m&#229;let" optional="0" multiline="1" />
<question item_id="5278" mid="VAR5278" datatype="ORD" page_number="9" question_text="Effekt av tiltaket" optional="0" enumeration_uid="5278" />
<question item_id="6535" mid="VAR6535" datatype="ORD" page_number="10" page_title="Kvalme og oppkast" question_text="M&#229;l: Pasienten er ikke kvalm og kaster ikke opp" optional="0" enumeration_uid="6535" help_text="Pasienten sier det (dersom ved bevissthet)." />
<question item_id="5279" mid="VAR5279" datatype="NAR" page_number="11" question_text="Tiltak gjort for &#229; oppn&#229; m&#229;let" optional="0" multiline="1" />
<question item_id="5280" mid="VAR5280" datatype="ORD" page_number="11" question_text="Effekt av tiltaket" optional="0" enumeration_uid="5280" />
<question item_id="6536" mid="VAR6536" datatype="ORD" page_number="12" page_title="Dyspne (tung pust)" question_text="M&#229;l: Pasienten er ikke plaget av tung pust" optional="0" enumeration_uid="6536" help_text="Pasienten sier det (dersom ved bevissthet). Vurder behov for leieforandring." />
<question item_id="5273" mid="VAR5273" datatype="NAR" page_number="13" question_text="Tiltak gjort for &#229; oppn&#229; m&#229;let" optional="0" multiline="1" />
<question item_id="5274" mid="VAR5274" datatype="ORD" page_number="13" question_text="Effekt av tiltaket" optional="0" enumeration_uid="5274" />
<question item_id="6537" mid="VAR6537" datatype="ORD" page_number="14" page_title="Andre symptomer" question_text="(f.eks &#248;demer, kl&#248;e)" optional="0" enumeration_uid="6537" />
<question item_id="5269" mid="VAR5269" datatype="NAR" page_number="15" question_text="Tiltak gjort for &#229; oppn&#229; m&#229;let" optional="0" multiline="1" />
<question item_id="5270" mid="VAR5270" datatype="ORD" page_number="15" question_text="Effekt av tiltaket" optional="0" enumeration_uid="5270" />
<question item_id="6293" mid="VAR6293" datatype="MSG" page_number="16" page_title="BEHANDLING / PROSEDYRER - ER M&#197;LET OPPN&#197;DD?" header="Delm&#229;l minst hver 4. time" question_text="Fylles ut minst hver 4 time! Kl 04, 08, 12, 16, 20, 24." optional="1" />
<question item_id="6538" mid="VAR6538" datatype="ORD" page_number="17" page_title="Munnstell" question_text="M&#229;l: Munnen er fuktig og ren" optional="0" enumeration_uid="6538" help_text="Se retningslinjer for munnstell. Munnen vurderes minst hver 4 time. P&#229;r&#248;rende deltar i munnstell." />
<question item_id="5271" mid="VAR5271" datatype="NAR" page_number="18" question_text="Tiltak gjort for &#229; oppn&#229; m&#229;let" optional="0" multiline="1" />
<question item_id="5272" mid="VAR5272" datatype="ORD" page_number="18" question_text="Effekt av tiltaket" optional="0" enumeration_uid="5272" />
<question item_id="6539" mid="VAR6539" datatype="ORD" page_number="19" page_title="Vannlatingsbesv&#230;r" question_text="M&#229;l: Pasienten er ubesv&#230;ret" optional="0" enumeration_uid="6539" help_text="Legg inn kateter hvis retensjon. Bruk kateter eller bleier hvis pasientens generelle tilstand f&#248;rer til inkontinens." />
<question item_id="5265" mid="VAR5265" datatype="NAR" page_number="20" question_text="Tiltak gjort for &#229; oppn&#229; m&#229;let" optional="0" multiline="1" />
<question item_id="5266" mid="VAR5266" datatype="ORD" page_number="20" question_text="Effekt av tiltaket" optional="0" enumeration_uid="5266" />
<question item_id="6540" mid="VAR6540" datatype="ORD" page_number="21" page_title="Medikamenter" question_text="M&#229;l: Alle medikamenter er gitt korrekt i forhold til legens forordning" optional="0" enumeration_uid="6540" help_text="Smertepumpe kontrollert minst hver 4 time" />
<question item_id="5283" mid="VAR5283" datatype="NAR" page_number="22" question_text="Tiltak gjort for &#229; oppn&#229; m&#229;let" optional="0" multiline="1" />
<question item_id="5284" mid="VAR5284" datatype="ORD" page_number="22" question_text="Effekt av tiltaket" optional="0" enumeration_uid="5284" />
<question item_id="6541" mid="VAR6541" datatype="MSG" page_number="23" page_title="DEL 2 - FORTL&#216;PENDE VURDERINGER - ER M&#197;LET OPPN&#197;DD?" header="Delm&#229;l to ganger i d&#248;gnet" question_text="Delm&#229;lene nedenfor vurderes to ganger i d&#248;gnet, kl 08 og kl 20" optional="1" />
<question item_id="6542" mid="VAR6542" datatype="ORD" page_number="24" page_title="Liggestilling / trykkomr&#229;der" question_text="M&#229;l: Pasienten ligger godt i trygge omgivelser" optional="0" enumeration_uid="6542" help_text="Klinisk vurdering av: Hud, ev trykks&#229;r, behov for leieforandring, spesialmadrass, personlig hygiene, sengebad, stell av &#248;ynene." />
<question item_id="5267" mid="VAR5267" datatype="NAR" page_number="25" question_text="Tiltak gjort for &#229; oppn&#229; m&#229;let" optional="0" multiline="1" />
<question item_id="5268" mid="VAR5268" datatype="ORD" page_number="25" question_text="Effekt av tiltaket" optional="0" enumeration_uid="5268" />
<question item_id="6543" mid="VAR6543" datatype="ORD" page_number="26" page_title="Tarmfunksjon" question_text="M&#229;l: Pasienten er ikke plaget av obstipasjon eller diar&#233;" optional="0" enumeration_uid="6543" />
<question item_id="5257" mid="VAR5257" datatype="NAR" page_number="27" question_text="Tiltak gjort for &#229; oppn&#229; m&#229;let" optional="0" multiline="1" />
<question item_id="5258" mid="VAR5258" datatype="ORD" page_number="27" question_text="Effekt av tiltaket" optional="0" enumeration_uid="5258" />
<question item_id="6544" mid="VAR6544" datatype="ORD" page_number="28" page_title="Forst&#229;else / innsikt" question_text="M&#229;l: Pasienten er klar over situasjonen" optional="0" enumeration_uid="6544" help_text="Pasienten f&#229;r n&#248;dvendig informasjon og st&#248;tte gjennom ord, ber&#248;ring og n&#230;rv&#230;r." />
<question item_id="5263" mid="VAR5263" datatype="NAR" page_number="29" question_text="Tiltak gjort for &#229; oppn&#229; m&#229;let" optional="0" multiline="1" />
<question item_id="5264" mid="VAR5264" datatype="ORD" page_number="29" question_text="Effekt av tiltaket" optional="0" enumeration_uid="5264" />
<question item_id="6545" mid="VAR6545" datatype="ORD" page_number="30" question_text="M&#229;l: De p&#229;r&#248;rende er forberedt p&#229; at d&#248;den er n&#230;r forest&#229;ende og at m&#229;let er fred og forsoning innfor d&#248;den" optional="0" enumeration_uid="6545" help_text="Vurder forst&#229;elsen hos de p&#229;r&#248;rende, inkludert barn og ungdom og de som ikke var tilstede ved f&#248;rste vurdering. Forviss dere om at de forst&#229;r at pasienten er d&#248;ende og de tiltak som blir gjort for &#229; lindre. Tilby st&#248;tte fra sykehjemspresten eller annen kontaktperson." />
<question item_id="5261" mid="VAR5261" datatype="NAR" page_number="31" question_text="Tiltak gjort for &#229; oppn&#229; m&#229;let" optional="0" multiline="1" />
<question item_id="5262" mid="VAR5262" datatype="ORD" page_number="31" question_text="Effekt av tiltaket" optional="0" enumeration_uid="5262" />
<question item_id="6546" mid="VAR6546" datatype="ORD" page_number="32" page_title="&#197;ndelig omsorg" question_text="M&#229;l: Behovet for &#229;ndelig omsorg er ivaretatt" optional="0" enumeration_uid="6546" help_text="Pasienten eller de p&#229;r&#248;rende kan v&#230;re engstelige for seg selv eller andre. St&#248;tte fra sykehjemspresten kan v&#230;re til hjelp. Vurder spesielle behov ifht familiens kulturelle bakgrunn." />
<question item_id="5259" mid="VAR5259" datatype="NAR" page_number="33" question_text="Tiltak gjort for &#229; oppn&#229; m&#229;let" optional="0" multiline="1" />
<question item_id="5260" mid="VAR5260" datatype="ORD" page_number="33" question_text="Effekt av tiltaket" optional="0" enumeration_uid="5260" />
<question item_id="6547" mid="VAR6547" datatype="ORD" page_number="34" page_title="Ivaretagelse av de p&#229;r&#248;rende" question_text="M&#229;l: P&#229;r&#248;rendes behov er ivaretatt" optional="0" enumeration_uid="6547" help_text="Vurder p&#229;r&#248;rendes behov for helsehjelp eller sosial st&#248;tte. Forviss dere om at de er kjent med sykehjemmets lokaliteter og tilbud." />
<question item_id="5092" mid="VAR5092" datatype="NAR" page_number="35" question_text="Tiltak gjort for &#229; oppn&#229; m&#229;let" optional="0" multiline="1" />
<question item_id="5093" mid="VAR5093" datatype="ORD" page_number="35" question_text="Effekt av tiltaket" optional="0" enumeration_uid="5093" />

<!-- Start: Form actions, generated XML -->

<question_action master_question_mid="VAR6532" detail_question_mid="VAR5275" enum_item_value="2" activate="1" />
<question_action master_question_mid="VAR6532" detail_question_mid="VAR5276" enum_item_value="2" activate="1" />
<question_action master_question_mid="VAR6533" detail_question_mid="VAR5281" enum_item_value="2" activate="1" />
<question_action master_question_mid="VAR6533" detail_question_mid="VAR5282" enum_item_value="2" activate="1" />
<question_action master_question_mid="VAR6534" detail_question_mid="VAR5277" enum_item_value="2" activate="1" />
<question_action master_question_mid="VAR6534" detail_question_mid="VAR5278" enum_item_value="2" activate="1" />
<question_action master_question_mid="VAR6535" detail_question_mid="VAR5279" enum_item_value="2" activate="1" />
<question_action master_question_mid="VAR6535" detail_question_mid="VAR5280" enum_item_value="2" activate="1" />
<question_action master_question_mid="VAR6536" detail_question_mid="VAR5273" enum_item_value="2" activate="1" />
<question_action master_question_mid="VAR6536" detail_question_mid="VAR5274" enum_item_value="2" activate="1" />
<question_action master_question_mid="VAR6537" detail_question_mid="VAR5269" enum_item_value="1" activate="1" />
<question_action master_question_mid="VAR6537" detail_question_mid="VAR5270" enum_item_value="1" activate="1" />
<question_action master_question_mid="VAR6538" detail_question_mid="VAR5271" enum_item_value="2" activate="1" />
<question_action master_question_mid="VAR6538" detail_question_mid="VAR5272" enum_item_value="2" activate="1" />
<question_action master_question_mid="VAR6539" detail_question_mid="VAR5265" enum_item_value="2" activate="1" />
<question_action master_question_mid="VAR6539" detail_question_mid="VAR5266" enum_item_value="2" activate="1" />
<question_action master_question_mid="VAR6540" detail_question_mid="VAR5283" enum_item_value="2" activate="1" />
<question_action master_question_mid="VAR6540" detail_question_mid="VAR5284" enum_item_value="2" activate="1" />
<question_action master_question_mid="VAR6542" detail_question_mid="VAR5267" enum_item_value="2" activate="1" />
<question_action master_question_mid="VAR6542" detail_question_mid="VAR5268" enum_item_value="2" activate="1" />
<question_action master_question_mid="VAR6543" detail_question_mid="VAR5257" enum_item_value="2" activate="1" />
<question_action master_question_mid="VAR6543" detail_question_mid="VAR5258" enum_item_value="2" activate="1" />
<question_action master_question_mid="VAR6544" detail_question_mid="VAR5263" enum_item_value="2" activate="1" />
<question_action master_question_mid="VAR6544" detail_question_mid="VAR5264" enum_item_value="2" activate="1" />
<question_action master_question_mid="VAR6545" detail_question_mid="VAR5261" enum_item_value="2" activate="1" />
<question_action master_question_mid="VAR6545" detail_question_mid="VAR5262" enum_item_value="2" activate="1" />
<question_action master_question_mid="VAR6546" detail_question_mid="VAR5259" enum_item_value="2" activate="1" />
<question_action master_question_mid="VAR6546" detail_question_mid="VAR5260" enum_item_value="2" activate="1" />
<question_action master_question_mid="VAR6547" detail_question_mid="VAR5092" enum_item_value="2" activate="1" />
<question_action master_question_mid="VAR6547" detail_question_mid="VAR5093" enum_item_value="2" activate="1" />
</form>
