<?xml version="1.0" encoding="ISO-8859-1"?>
<form form_id="445" form_uid="ELKONTROLL" title="Vaktmester-kontroll av eksternt elektrisk utstyr" calculate_invalid="False" rating_scale="False" status="Closed" repeatable="1" >
<instructions></instructions>

<!-- Start: Form enums, generated XML -->

<enumeration enumeration_uid="5388">
  <enum_item value="1" text="Ja" answer_id="29490" />
  <enum_item value="2" text="Nei" short_code="N" answer_id="29491" />
</enumeration>

<enumeration enumeration_uid="5389">
  <enum_item value="1" text="Ja" answer_id="29492" />
  <enum_item value="2" text="Nei" short_code="N" answer_id="29493" />
</enumeration>

<enumeration enumeration_uid="5390">
  <enum_item value="1" text="Ja" answer_id="29494" />
  <enum_item value="2" text="Nei" short_code="N" answer_id="29495" />
</enumeration>

<enumeration enumeration_uid="5391">
  <enum_item value="1" text="Ja" answer_id="29496" />
  <enum_item value="2" text="Nei" short_code="N" answer_id="29497" />
</enumeration>

<enumeration enumeration_uid="5392">
  <enum_item value="1" text="Ja" answer_id="29498" />
  <enum_item value="2" text="Nei" short_code="N" answer_id="29499" />
</enumeration>

<enumeration enumeration_uid="5393">
  <enum_item value="1" text="Ja" answer_id="29500" />
  <enum_item value="2" text="Nei" short_code="N" answer_id="29501" />
</enumeration>

<enumeration enumeration_uid="5394">
  <enum_item value="1" text="Ja" answer_id="29502" />
  <enum_item value="2" text="Nei" short_code="N" answer_id="29503" />
</enumeration>

<enumeration enumeration_uid="5395">
  <enum_item value="1" text="Ja" answer_id="29504" />
  <enum_item value="2" text="Nei" short_code="N" answer_id="29505" />
</enumeration>

<enumeration enumeration_uid="5396">
  <enum_item value="1" text="Ja" answer_id="29506" />
  <enum_item value="2" text="Nei" short_code="N" answer_id="29507" />
</enumeration>

<enumeration enumeration_uid="5397">
  <enum_item value="1" text="Ja" answer_id="29508" />
  <enum_item value="2" text="Nei" short_code="N" answer_id="29509" />
</enumeration>

<enumeration enumeration_uid="5398">
  <enum_item value="1" text="Ja" answer_id="29510" />
  <enum_item value="2" text="Nei" short_code="N" answer_id="29511" />
</enumeration>

<!-- Start: Form items, generated XML -->

<question item_id="5387" mid="VAR5387" datatype="NAR" page_number="1" page_introduction="Kontroll av elektrisk utstyr som beboer har med hjemmefra (langtidsopphold)" question_text="Hvilket utstyr har beboer med?" optional="1" multiline="1" />
<question item_id="5388" mid="VAR5388" datatype="ORD" page_number="1" page_introduction="Kontroll av elektrisk utstyr som beboer har med hjemmefra (langtidsopphold)" question_text="Er alle kabler til elektrisk utstyr betryggende festet?" optional="1" enumeration_uid="5388" />
<question item_id="5389" mid="VAR5389" datatype="ORD" page_number="1" page_introduction="Kontroll av elektrisk utstyr som beboer har med hjemmefra (langtidsopphold)" question_text="Er kabler / elektrisk utstyr skadet?" optional="1" enumeration_uid="5389" />
<question item_id="5390" mid="VAR5390" datatype="ORD" page_number="1" page_introduction="Kontroll av elektrisk utstyr som beboer har med hjemmefra (langtidsopphold)" question_text="Har noe av det elektriske materiellet (brytere, stikkontakter og lignende) varmegang (de er varme eller brunsvidde)?" optional="1" enumeration_uid="5390" />
<question item_id="5391" mid="VAR5391" datatype="ORD" page_number="1" page_introduction="Kontroll av elektrisk utstyr som beboer har med hjemmefra (langtidsopphold)" question_text="Er det utstrakt bruk av bevegelige ledninger (gummikabel og lignende.)?" optional="1" enumeration_uid="5391" />
<question item_id="5392" mid="VAR5392" datatype="ORD" page_number="1" page_introduction="Kontroll av elektrisk utstyr som beboer har med hjemmefra (langtidsopphold)" question_text="Er bevegelige ledninger defekte?" optional="1" enumeration_uid="5392" />
<question item_id="5393" mid="VAR5393" datatype="ORD" page_number="1" page_introduction="Kontroll av elektrisk utstyr som beboer har med hjemmefra (langtidsopphold)" question_text="Ligger bevegelige ledninger utsatt til for skader?" optional="1" enumeration_uid="5393" />
<question item_id="5394" mid="VAR5394" datatype="ORD" page_number="1" page_introduction="Kontroll av elektrisk utstyr som beboer har med hjemmefra (langtidsopphold)" question_text="Beboere som har med seg TV, har dokumentasjon for at apparatet er under 2 &#229;r gammelt, eller rengjort og trykkluftsbl&#229;st av autorisert verksted i l&#248;pet av det siste &#229;ret" optional="1" enumeration_uid="5394" />
<question item_id="5395" mid="VAR5395" datatype="ORD" page_number="1" page_introduction="Kontroll av elektrisk utstyr som beboer har med hjemmefra (langtidsopphold)" question_text="Er varmeovner eller elektrisk utstyr helt eller delvis tildekket, slik at varmeavgivelse hindres?" optional="1" enumeration_uid="5395" />
<question item_id="5396" mid="VAR5396" datatype="ORD" page_number="1" page_introduction="Kontroll av elektrisk utstyr som beboer har med hjemmefra (langtidsopphold)" question_text="Har beboer eller p&#229;r&#248;rende merket noe unormalt ved det elektriske utstyret?" optional="1" enumeration_uid="5396" />
<question item_id="5397" mid="VAR5397" datatype="ORD" page_number="1" page_introduction="Kontroll av elektrisk utstyr som beboer har med hjemmefra (langtidsopphold)" question_text="Er det utf&#248;rt elektriske installasjoner av andre enn elektroinstallat&#248;r?" optional="1" enumeration_uid="5397" />
<question item_id="5398" mid="VAR5398" datatype="ORD" page_number="1" page_introduction="Kontroll av elektrisk utstyr som beboer har med hjemmefra (langtidsopphold)" question_text="Er det andre synlige feil og mangler?" optional="1" enumeration_uid="5398" />

<!-- Start: Form actions, generated XML -->

</form>
