<?xml version="1.0" encoding="ISO-8859-1"?>
<form form_id="599" form_uid="InfodocKonv" title="Infodoc" calculate_invalid="False" rating_scale="False" status="Closed" repeatable="1" >
<instructions></instructions>

<!-- Start: Form enums, generated XML -->


<!-- Start: Form items, generated XML -->

<question item_id="7374" mid="INFODOC_ANAMNESE" datatype="NAR" page_number="1" page_title="Infodoc" page_introduction="Notatet er konvertert fra Infodoc Klassisk." question_text="Anamnese" optional="1" multiline="1" group_id="INFODOC_ANAMNESE" />
<question item_id="7375" mid="INFODOC_FUNN" datatype="NAR" page_number="1" page_title="Infodoc" page_introduction="Notatet er konvertert fra Infodoc Klassisk." question_text="Funn" optional="1" multiline="1" group_id="INFODOC_FUNN" />
<question item_id="7376" mid="INFODOC_LAB" datatype="NAR" page_number="1" page_title="Infodoc" page_introduction="Notatet er konvertert fra Infodoc Klassisk." question_text="Labdata" optional="1" multiline="1" group_id="INFODOC_LAB" />
<question item_id="7377" mid="INFODOC_GRAFISK" datatype="NAR" page_number="1" page_title="Infodoc" page_introduction="Notatet er konvertert fra Infodoc Klassisk." question_text="Grafisk" optional="1" multiline="1" group_id="INFODOC_GRAFISK" />
<question item_id="7380" mid="INFODOC_VURDERING" datatype="NAR" page_number="1" page_title="Infodoc" page_introduction="Notatet er konvertert fra Infodoc Klassisk." question_text="Vurdering" optional="1" multiline="1" group_id="INFODOC_VURDERING" />
<question item_id="7378" mid="INFODOC_RESEPT" datatype="NAR" page_number="1" page_title="Infodoc" page_introduction="Notatet er konvertert fra Infodoc Klassisk." question_text="Resept" optional="1" multiline="1" group_id="INFODOC_RESEPT" />
<question item_id="7379" mid="INFODOC_DIAGNOSE" datatype="NAR" page_number="1" page_title="Infodoc" page_introduction="Notatet er konvertert fra Infodoc Klassisk." question_text="Diagnose" optional="1" multiline="1" group_id="INFODOC_DIAGNOSE" />

<!-- Start: Form actions, generated XML -->

</form>
