<?xml version="1.0" encoding="ISO-8859-1"?>
<form form_id="727" form_uid="DSH_RTG" title="Radiologihenvisning DSH" calculate_invalid="False" rating_scale="False" status="Open" repeatable="1" >
<instructions></instructions>

<!-- Start: Form enums, generated XML -->

<enumeration enumeration_uid="6376">
  <enum_item value="1" text="Ja | Gravid." short_code="J" answer_id="33729" />
  <enum_item value="2" text="Nei" short_code="N" answer_id="33730" />
</enumeration>

<enumeration enumeration_uid="6377">
  <enum_item value="1" text="Ja" answer_id="33731" />
  <enum_item value="2" text="Nei" short_code="N" answer_id="33732" />
</enumeration>

<enumeration enumeration_uid="8914">
  <enum_item value="1" text="Ja" answer_id="50024" />
  <enum_item value="2" text="Nei" answer_id="50025" />
</enumeration>

<enumeration enumeration_uid="8915">
  <enum_item value="1" text="Ja" answer_id="50028" />
  <enum_item value="2" text="Nei" answer_id="50029" />
</enumeration>

<enumeration enumeration_uid="8916">
  <enum_item value="1" text="Ja" answer_id="50032" />
  <enum_item value="2" text="Nei" answer_id="50033" />
</enumeration>

<enumeration enumeration_uid="8917">
  <enum_item value="1" text="Ja" answer_id="50036" />
  <enum_item value="2" text="Nei" answer_id="50037" />
</enumeration>

<enumeration enumeration_uid="8918">
  <enum_item value="1" text="Ja" answer_id="50040" />
  <enum_item value="2" text="Nei | Ingen allergier." answer_id="50041" />
</enumeration>

<enumeration enumeration_uid="8919">
  <enum_item value="1" text="Ja" answer_id="50044" />
  <enum_item value="2" text="Nei" answer_id="50045" />
</enumeration>

<enumeration enumeration_uid="8920">
  <enum_item value="1" text="Ja" answer_id="50048" />
  <enum_item value="2" text="Nei" answer_id="50049" />
</enumeration>

<enumeration enumeration_uid="8921">
  <enum_item value="1" text="Ja" answer_id="50052" />
  <enum_item value="2" text="Nei" answer_id="50053" />
</enumeration>

<enumeration enumeration_uid="8922">
  <enum_item value="1" text="Ja" answer_id="50056" />
  <enum_item value="2" text="Nei" answer_id="50057" />
</enumeration>

<enumeration enumeration_uid="8923">
  <enum_item value="1" text="Ja" answer_id="50060" />
  <enum_item value="2" text="Nei" answer_id="50061" />
</enumeration>

<enumeration enumeration_uid="8924">
  <enum_item value="1" text="Ja" answer_id="50064" />
  <enum_item value="2" text="Nei" answer_id="50065" />
</enumeration>

<enumeration enumeration_uid="8925">
  <enum_item value="1" text="Ja" answer_id="50092" />
  <enum_item value="2" text="Nei" answer_id="50093" />
</enumeration>

<enumeration enumeration_uid="8926">
  <enum_item value="1" text="Ja" answer_id="50098" />
  <enum_item value="2" text="Nei" answer_id="50099" />
</enumeration>

<enumeration enumeration_uid="8931">
  <enum_item value="1" text="Ja" answer_id="50112" />
  <enum_item value="2" text="Nei" answer_id="50113" />
</enumeration>

<enumeration enumeration_uid="8932">
  <enum_item value="1" text="Ja" answer_id="50118" />
  <enum_item value="2" text="Nei" answer_id="50119" />
</enumeration>

<enumeration enumeration_uid="8933">
  <enum_item value="1" text="Ja" answer_id="50124" />
  <enum_item value="2" text="Nei" answer_id="50125" />
</enumeration>

<enumeration enumeration_uid="8934">
  <enum_item value="1" text="Ja | Bestilt som &#216;H." answer_id="50128" />
  <enum_item value="2" text="Nei | Vanlig hastegrad." answer_id="50129" />
</enumeration>

<enumeration enumeration_uid="8938">
  <enum_item value="1" text="Ja | Har f&#229;tt time." answer_id="50130" />
  <enum_item value="2" text="Nei | Ikke f&#229;tt time." answer_id="50131" />
</enumeration>

<!-- Start: Form items, generated XML -->

<question item_id="8912" mid="VAR8912" datatype="NAR" page_number="1" page_title="Kliniske opplysninger" page_introduction="Det generelle kommentarfeltet tas ikke med p&#229; utskriften, bruk dette feltet." header="Problemstilling" question_text="Kliniske opplysninger" optional="0" multiline="1" />
<question item_id="6377" mid="ChildBearingAge" datatype="ORD" page_number="2" page_title="Type unders&#248;kelse" question_text="Kvinne i fertil alder" optional="1" visible="-1" expression="2-ISNULL(Patient.GenderId-2)*ISPOS(Patient.Age-15)*ISNEG(Patient.Age-55)" enumeration_uid="6377" group_id="ChildBearingAge" />
<question item_id="8930" mid="VAR8930" datatype="NAR" page_number="2" page_title="Type unders&#248;kelse" question_text="Hva &#248;nskes unders&#248;kt" optional="0" multiline="0" />
<question item_id="8932" mid="VAR8932" datatype="ORD" page_number="2" page_title="Type unders&#248;kelse" header="Ultralyd" question_text="Skal det gj&#248;res ultralydunders&#248;kelse?" optional="0" enumeration_uid="8932" />
<question item_id="8933" mid="VAR8933" datatype="ORD" page_number="2" page_title="Type unders&#248;kelse" header="R&#248;ntgen" question_text="Skal det tas r&#248;ntgen?" optional="0" enumeration_uid="8933" />
<question item_id="8931" mid="VAR8931" datatype="ORD" page_number="2" page_title="Type unders&#248;kelse" header="CT" question_text="Skal det tas CT?" optional="0" enumeration_uid="8931" />
<question item_id="8919" mid="VAR8919" datatype="ORD" page_number="2" page_title="Type unders&#248;kelse" header="MR" question_text="Skal det tas MR?" optional="0" enumeration_uid="8919" />
<question item_id="8914" mid="VAR8914" datatype="ORD" page_number="3" page_title="Forsiktighetsregler" header="Kommunikasjonsevne" question_text="Kan pasienten kommunisere" optional="0" enumeration_uid="8914" />
<question item_id="8915" mid="VAR8915" datatype="ORD" page_number="3" page_title="Forsiktighetsregler" header="Ryggleie" question_text="Kan pasienten ligge p&#229; rygg" optional="0" enumeration_uid="8915" />
<question item_id="8916" mid="VAR8916" datatype="ORD" page_number="3" page_title="Forsiktighetsregler" header="Thyroideasykdom" question_text="Har pasienten thyroideasykdom?" optional="0" enumeration_uid="8916" />
<question item_id="8917" mid="VAR8917" datatype="ORD" page_number="3" page_title="Forsiktighetsregler" header="Diabetes" question_text="Har pasienten diabetes?" optional="0" enumeration_uid="8917" />
<question item_id="8918" mid="VAR8918" datatype="ORD" page_number="3" page_title="Forsiktighetsregler" question_text="Har pasienten kjente allergier?" optional="0" enumeration_uid="8918" />
<question item_id="8965" mid="AnAllergier" datatype="NAR" page_number="4" question_text="Allergier" optional="1" multiline="1" help_text="Kjente allergier, spesielt medikamentreaksjoner. Type reaksjon og alvorlighetsgrad m&#229; ogs&#229; angis." group_id="AnAllergier" />
<question item_id="6376" mid="VAR6376" datatype="ORD" page_number="5" header="Graviditet" question_text="Er pasienten gravid n&#229;?" optional="0" enumeration_uid="6376" />
<question item_id="8920" mid="VAR8920" datatype="ORD" page_number="7" page_title="Kontraindikasjoner for MR" page_introduction="Har pasienten" question_text="V/P shunt (type)" optional="0" enumeration_uid="8920" />
<question item_id="8921" mid="VAR8921" datatype="ORD" page_number="7" page_title="Kontraindikasjoner for MR" page_introduction="Har pasienten" question_text="Hjerteklaff (type)" optional="0" enumeration_uid="8921" />
<question item_id="8922" mid="VAR8922" datatype="ORD" page_number="7" page_title="Kontraindikasjoner for MR" page_introduction="Har pasienten" question_text="&#216;reimplantat (type)" optional="0" enumeration_uid="8922" />
<question item_id="8923" mid="VAR8923" datatype="ORD" page_number="7" page_title="Kontraindikasjoner for MR" page_introduction="Har pasienten" question_text="Klaustrofobi" optional="0" enumeration_uid="8923" />
<question item_id="8924" mid="VAR8924" datatype="ORD" page_number="7" page_title="Kontraindikasjoner for MR" page_introduction="Har pasienten" question_text="Pacemaker / ledninger" optional="0" enumeration_uid="8924" />
<question item_id="8925" mid="VAR8925" datatype="ORD" page_number="7" page_title="Kontraindikasjoner for MR" page_introduction="Har pasienten" question_text="Intracranielle vascul&#230;re klips" optional="0" enumeration_uid="8925" />
<question item_id="8926" mid="VAR8926" datatype="ORD" page_number="7" page_title="Kontraindikasjoner for MR" page_introduction="Har pasienten" question_text="Fremmedlegeme i &#248;ye (metall)" optional="0" enumeration_uid="8926" />
<question item_id="8934" mid="VAR8934" datatype="ORD" page_number="8" page_title="Timeavtale" question_text="&#216;H" optional="0" enumeration_uid="8934" />
<question item_id="8938" mid="DshRtgHarTime" datatype="ORD" page_number="8" page_title="Timeavtale" question_text="Har f&#229;tt time" optional="0" enumeration_uid="8938" group_id="DshRtgHarTime" />
<question item_id="8936" mid="DshRtgBestiltDato" datatype="DATE" page_number="9" question_text="Avtalt dato" optional="0" help_text="Fyll ut bare hvis det er avtalt tidspunkt" group_id="DshRtgBestiltDato" />
<question item_id="8937" mid="VAR8937" datatype="NAR" page_number="9" question_text="Tidspunkt" optional="0" multiline="0" />
<question item_id="8935" mid="VAR8935" datatype="DATE" page_number="10" question_text="&#216;nsket dato" optional="1" />
<question item_id="8927" mid="VAR8927" datatype="NAR" page_number="11" page_title="Kopi av svar bes sendt til" question_text="Navn" optional="1" multiline="0" />
<question item_id="8928" mid="VAR8928" datatype="NAR" page_number="11" page_title="Kopi av svar bes sendt til" question_text="Adresse" optional="1" multiline="0" />
<question item_id="8929" mid="VAR8929" datatype="NAR" page_number="11" page_title="Kopi av svar bes sendt til" question_text="Postnr./sted" optional="1" multiline="0" />
<question item_id="4209" mid="ADDRESS" datatype="NAR" page_number="12" page_title="Pasientens kontaktinformasjon" question_text="Adresse" optional="1" carry_forward="1" multiline="0" group_id="ADDRESS" />
<question item_id="4210" mid="ZIP" datatype="NAR" page_number="12" page_title="Pasientens kontaktinformasjon" question_text="Postnummer" optional="1" carry_forward="1" multiline="0" group_id="ZIP" />
<question item_id="4211" mid="CITY" datatype="NAR" page_number="12" page_title="Pasientens kontaktinformasjon" question_text="Poststed" optional="1" carry_forward="1" multiline="0" group_id="CITY" />
<question item_id="3886" mid="TelefonM" datatype="NAR" page_number="12" page_title="Pasientens kontaktinformasjon" question_text="Mobiltelefon" optional="1" carry_forward="1" multiline="0" group_id="TelefonM" />
<question item_id="3885" mid="TelefonP" datatype="NAR" page_number="12" page_title="Pasientens kontaktinformasjon" question_text="Telefon privat" optional="1" carry_forward="1" multiline="0" group_id="TelefonP" />

<!-- Start: Form actions, generated XML -->

<question_action master_question_mid="VAR8918" detail_question_mid="AnAllergier" enum_item_value="1" activate="1" />
<question_action master_question_mid="ChildBearingAge" detail_question_mid="VAR6376" enum_item_value="1" activate="1" />
<question_action master_question_mid="VAR8919" detail_question_mid="VAR8920" enum_item_value="1" activate="1" />
<question_action master_question_mid="VAR8919" detail_question_mid="VAR8921" enum_item_value="1" activate="1" />
<question_action master_question_mid="VAR8919" detail_question_mid="VAR8922" enum_item_value="1" activate="1" />
<question_action master_question_mid="VAR8919" detail_question_mid="VAR8923" enum_item_value="1" activate="1" />
<question_action master_question_mid="VAR8919" detail_question_mid="VAR8924" enum_item_value="1" activate="1" />
<question_action master_question_mid="VAR8919" detail_question_mid="VAR8925" enum_item_value="1" activate="1" />
<question_action master_question_mid="VAR8919" detail_question_mid="VAR8926" enum_item_value="1" activate="1" />
<question_action master_question_mid="DshRtgHarTime" detail_question_mid="DshRtgBestiltDato" enum_item_value="1" activate="1" />
<question_action master_question_mid="DshRtgHarTime" detail_question_mid="VAR8937" enum_item_value="1" activate="1" />
<question_action master_question_mid="DshRtgHarTime" detail_question_mid="VAR8935" enum_item_value="2" activate="1" />
</form>
