<?xml version="1.0" encoding="ISO-8859-1"?>
<form form_id="391" form_uid="EPIKRISE" title="Epikrise, mottatt elektronisk" calculate_invalid="False" rating_scale="False" status="Closed" repeatable="1" >
<instructions></instructions>

<!-- Start: Form enums, generated XML -->


<!-- Start: Form items, generated XML -->

<question item_id="4717" mid="MSGID" datatype="NAR" page_number="1" page_title="Meldinginformasjon" question_text="Meldingsnummer" optional="0" multiline="0" group_id="MSGID" />
<question item_id="4718" mid="MSGDESCR" datatype="NAR" page_number="1" page_title="Meldinginformasjon" question_text="Beskrivelse" optional="0" multiline="0" group_id="MSGDESCR" />
<question item_id="4713" mid="HCP_INST_NAME" datatype="NAR" page_number="2" page_title="Avsender" question_text="Institusjon" optional="0" multiline="0" group_id="HCP_INST_NAME" />
<question item_id="4714" mid="HCP_INST_DEPT_NAME" datatype="NAR" page_number="2" page_title="Avsender" question_text="Avdeling" optional="0" multiline="0" group_id="HCP_INST_DEPT_NAME" />
<question item_id="4712" mid="HCPERSON_NAME" datatype="NAR" page_number="2" page_title="Avsender" question_text="Tjenesteyter" optional="0" multiline="0" group_id="HCPERSON_NAME" />
<question item_id="4716" mid="EVENT_STARTDATETIME" datatype="DATE" page_number="3" page_title="Tidspunkt" question_text="Innlagt dato" optional="1" group_id="EVENT_STARTDATETIME" />
<question item_id="4715" mid="EVENT_ENDDATETIME" datatype="DATE" page_number="3" page_title="Tidspunkt" question_text="Utskrevet dato" optional="1" group_id="EVENT_ENDDATETIME" />

<!-- Start: Form actions, generated XML -->

</form>
