<?xml version="1.0" encoding="ISO-8859-1"?>
<form form_id="511" form_uid="GbdFysioStart" title="Fysio-/ergoterapi oppstart av behandling" status="Open" repeatable="1" >
<instructions></instructions>

<!-- Start: Form enums, generated XML -->

<enumeration enumeration_uid="1075">
  <enum_item value="1" text="Ja | Mottar fysio-/ergoterapi." answer_id="10014" />
  <enum_item value="2" text="Nei" answer_id="10015" />
</enumeration>

<!-- Start: Form items, generated XML -->

<question item_id="1075" mid="GBD_FYSIOTERAPI" datatype="ORD" page_number="1" page_title="Oppstart" question_text="Mottar fysio/ergoterapi" optional="1" expression="1" enumeration_uid="1075" group_id="GBD_FYSIOTERAPI" />
<question item_id="1061" mid="VAR1061" datatype="DATE" page_number="1" page_title="Oppstart" question_text="Oppstart av behandling" optional="0" />

<!-- Start: Form actions, generated XML -->

</form>
