<?xml version="1.0" encoding="ISO-8859-1"?>
<form form_id="888" form_uid="LS2" title="Livets siste dager - Fortl&#248;pende vurderinger" calculate_invalid="False" status="Open" repeatable="1" >
<instructions></instructions>

<!-- Start: Form enums, generated XML -->

<enumeration enumeration_uid="5081">
  <enum_item value="1" text="Ja" answer_id="28096" />
  <enum_item value="2" text="Nei" short_code="N" answer_id="28097" />
</enumeration>

<enumeration enumeration_uid="5088">
  <enum_item value="1" text="Ja" answer_id="28114" />
  <enum_item value="2" text="Nei" short_code="N" answer_id="28115" />
</enumeration>

<enumeration enumeration_uid="5090">
  <enum_item value="1" text="Ja" answer_id="28120" />
  <enum_item value="2" text="Nei" short_code="N" answer_id="28121" />
</enumeration>

<enumeration enumeration_uid="5091">
  <enum_item value="1" text="Ja" answer_id="28124" />
  <enum_item value="2" text="Nei" short_code="N" answer_id="28125" />
</enumeration>

<enumeration enumeration_uid="5093">
  <enum_item value="1" text="God (m&#229;l oppn&#229;dd)" answer_id="28148" />
  <enum_item value="2" text="Noe" answer_id="28149" />
  <enum_item value="3" text="Ingen" answer_id="28150" />
</enumeration>

<enumeration enumeration_uid="5258">
  <enum_item value="1" text="God (m&#229;l oppn&#229;dd)" answer_id="28758" />
  <enum_item value="2" text="Noe" answer_id="28759" />
  <enum_item value="3" text="Ingen" answer_id="28760" />
</enumeration>

<enumeration enumeration_uid="5260">
  <enum_item value="1" text="God (m&#229;l oppn&#229;dd)" answer_id="28761" />
  <enum_item value="2" text="Noe" answer_id="28762" />
  <enum_item value="3" text="Ingen" answer_id="28763" />
</enumeration>

<enumeration enumeration_uid="5262">
  <enum_item value="1" text="God (m&#229;l oppn&#229;dd)" answer_id="28764" />
  <enum_item value="2" text="Noe" answer_id="28765" />
  <enum_item value="3" text="Ingen" answer_id="28766" />
</enumeration>

<enumeration enumeration_uid="5264">
  <enum_item value="1" text="God (m&#229;l oppn&#229;dd)" answer_id="28767" />
  <enum_item value="2" text="Noe" answer_id="28768" />
  <enum_item value="3" text="Ingen" answer_id="28769" />
</enumeration>

<enumeration enumeration_uid="5266">
  <enum_item value="1" text="God (m&#229;l oppn&#229;dd)" answer_id="28770" />
  <enum_item value="2" text="Noe" answer_id="28771" />
  <enum_item value="3" text="Ingen" answer_id="28772" />
</enumeration>

<enumeration enumeration_uid="5268">
  <enum_item value="1" text="God (m&#229;l oppn&#229;dd)" answer_id="28773" />
  <enum_item value="2" text="Noe" answer_id="28774" />
  <enum_item value="3" text="Ingen" answer_id="28775" />
</enumeration>

<enumeration enumeration_uid="5270">
  <enum_item value="1" text="God (m&#229;l oppn&#229;dd)" answer_id="28776" />
  <enum_item value="2" text="Noe" answer_id="28777" />
  <enum_item value="3" text="Ingen" answer_id="28778" />
</enumeration>

<enumeration enumeration_uid="5272">
  <enum_item value="1" text="God (m&#229;l oppn&#229;dd)" answer_id="28779" />
  <enum_item value="2" text="Noe" answer_id="28780" />
  <enum_item value="3" text="Ingen" answer_id="28781" />
</enumeration>

<enumeration enumeration_uid="5274">
  <enum_item value="1" text="God (m&#229;l oppn&#229;dd)" answer_id="28782" />
  <enum_item value="2" text="Noe" answer_id="28783" />
  <enum_item value="3" text="Ingen" answer_id="28784" />
</enumeration>

<enumeration enumeration_uid="5276">
  <enum_item value="1" text="God (m&#229;l oppn&#229;dd)" answer_id="28785" />
  <enum_item value="2" text="Noe" answer_id="28786" />
  <enum_item value="3" text="Ingen" answer_id="28787" />
</enumeration>

<enumeration enumeration_uid="5278">
  <enum_item value="1" text="God (m&#229;l oppn&#229;dd)" answer_id="28788" />
  <enum_item value="2" text="Noe" answer_id="28789" />
  <enum_item value="3" text="Ingen" answer_id="28790" />
</enumeration>

<enumeration enumeration_uid="5280">
  <enum_item value="1" text="God (m&#229;l oppn&#229;dd)" answer_id="28791" />
  <enum_item value="2" text="Noe" answer_id="28792" />
  <enum_item value="3" text="Ingen" answer_id="28793" />
</enumeration>

<enumeration enumeration_uid="5282">
  <enum_item value="1" text="God (m&#229;l oppn&#229;dd)" answer_id="28794" />
  <enum_item value="2" text="Noe" answer_id="28795" />
  <enum_item value="3" text="Ingen" answer_id="28796" />
</enumeration>

<enumeration enumeration_uid="5284">
  <enum_item value="1" text="God (m&#229;l oppn&#229;dd)" answer_id="28797" />
  <enum_item value="2" text="Noe" answer_id="28798" />
  <enum_item value="3" text="Ingen" answer_id="28799" />
</enumeration>

<enumeration enumeration_uid="10473">
  <enum_item value="1" text="Ja" answer_id="58620" />
  <enum_item value="2" text="Nei" answer_id="58621" />
</enumeration>

<enumeration enumeration_uid="10474">
  <enum_item value="1" text="Ja" answer_id="58624" />
  <enum_item value="2" text="Nei" answer_id="58625" />
</enumeration>

<enumeration enumeration_uid="10475">
  <enum_item value="1" text="Ja" answer_id="58632" />
  <enum_item value="2" text="Nei" answer_id="58633" />
</enumeration>

<enumeration enumeration_uid="10476">
  <enum_item value="1" text="Ja" answer_id="58640" />
  <enum_item value="2" text="Nei" answer_id="58641" />
</enumeration>

<enumeration enumeration_uid="10478">
  <enum_item value="1" text="Ja" answer_id="58648" />
  <enum_item value="2" text="Nei" answer_id="58649" />
</enumeration>

<enumeration enumeration_uid="10479">
  <enum_item value="1" text="Ja" answer_id="58654" />
  <enum_item value="2" text="Nei" answer_id="58655" />
</enumeration>

<enumeration enumeration_uid="10480">
  <enum_item value="1" text="Ja" answer_id="58660" />
  <enum_item value="2" text="Nei" answer_id="58661" />
</enumeration>

<enumeration enumeration_uid="10481">
  <enum_item value="1" text="Ja" answer_id="58666" />
  <enum_item value="2" text="Nei" answer_id="58667" />
</enumeration>

<enumeration enumeration_uid="10482">
  <enum_item value="1" text="Ja" answer_id="58672" />
  <enum_item value="2" text="Nei" answer_id="58673" />
</enumeration>

<enumeration enumeration_uid="10483">
  <enum_item value="1" text="Ja" answer_id="58676" />
  <enum_item value="2" text="Nei" answer_id="58677" />
</enumeration>

<enumeration enumeration_uid="10484">
  <enum_item value="1" text="Ja" answer_id="58682" />
  <enum_item value="2" text="Nei" answer_id="58683" />
</enumeration>

<enumeration enumeration_uid="10485">
  <enum_item value="1" text="Ja" answer_id="58686" />
  <enum_item value="2" text="Nei" answer_id="58687" />
</enumeration>

<enumeration enumeration_uid="10486">
  <enum_item value="1" text="Ja" answer_id="58696" />
  <enum_item value="2" text="Nei" answer_id="58697" />
  <enum_item value="3" text="Ikke aktuelt" answer_id="58698" />
</enumeration>

<enumeration enumeration_uid="10488">
  <enum_item value="1" text="God (m&#229;l oppn&#229;dd)" answer_id="58701" />
  <enum_item value="2" text="Noe" answer_id="58702" />
  <enum_item value="3" text="Ingen" answer_id="58703" />
</enumeration>

<!-- Start: Form items, generated XML -->

<question item_id="10474" mid="VAR10474" datatype="ORD" page_number="1" page_title="Smerter" page_introduction="M&#229;l: At pasienten er smertefri." question_text="Pasienten er smertefri" optional="0" enumeration_uid="10474" help_text="Pasienten sier det. Pas. er smertefri ved bevegelse. Pas. virker fredfull. Vurder behov for leieforandring." />
<question item_id="5275" mid="VAR5275" datatype="NAR" page_number="2" question_text="Tiltak gjort for &#229; oppn&#229; m&#229;let" optional="0" multiline="1" />
<question item_id="5276" mid="VAR5276" datatype="ORD" page_number="2" question_text="Effekt av tiltaket" optional="0" enumeration_uid="5276" />
<question item_id="10473" mid="VAR10473" datatype="ORD" page_number="3" page_title="Uro/forvirring" page_introduction="M&#229;l: At pasienten er rolig og avslappet." question_text="Pasienten er rolig og avslappet" optional="0" enumeration_uid="10473" help_text="Pasienten frembyr ikke tegn p&#229; delirium, d&#248;dsangst eller rastl&#248;shet (&quot;plukker&quot;). Utelukk smerter/urinretensjon som &#229;rsak. Vurder behov for leieforandring." />
<question item_id="5281" mid="VAR5281" datatype="NAR" page_number="4" question_text="Tiltak gjort for &#229; oppn&#229; m&#229;let" optional="0" multiline="1" />
<question item_id="5282" mid="VAR5282" datatype="ORD" page_number="4" question_text="Effekt av tiltaket" optional="0" enumeration_uid="5282" />
<question item_id="10475" mid="VAR10475" datatype="ORD" page_number="5" page_title="Surkling i luftveiene" page_introduction="M&#229;l: At pasienten ikke er plaget med surkling." question_text="Pasienten er ikke plaget med surkling" optional="0" enumeration_uid="10475" help_text="Medikamentet skal gis s&#229; snart symptomet oppst&#229;r. Vurder behov for leieforandring. Symptomet er dr&#248;ftet med p&#229;r&#248;rende." />
<question item_id="5277" mid="VAR5277" datatype="NAR" page_number="6" question_text="Tiltak gjort for &#229; oppn&#229; m&#229;let" optional="0" multiline="1" />
<question item_id="5278" mid="VAR5278" datatype="ORD" page_number="6" question_text="Effekt av tiltaket" optional="0" enumeration_uid="5278" />
<question item_id="5081" mid="VAR5081" datatype="ORD" page_number="7" page_title="Kvalme og oppkast" page_introduction="M&#229;l: At pasienten ikke er kvalm/ikke kaster opp" question_text="Pasienten er ikke kvalm og kaster ikke opp" optional="0" enumeration_uid="5081" />
<question item_id="5279" mid="VAR5279" datatype="NAR" page_number="8" question_text="Tiltak gjort for &#229; oppn&#229; m&#229;let" optional="0" multiline="1" />
<question item_id="5280" mid="VAR5280" datatype="ORD" page_number="8" question_text="Effekt av tiltaket" optional="0" enumeration_uid="5280" />
<question item_id="10476" mid="VAR10476" datatype="ORD" page_number="9" page_title="Dyspne (tung pust)" page_introduction="M&#229;l: At pasienten ikke er plaget av tung pust." question_text="Pasienten er ikke plaget av tung pust" optional="0" enumeration_uid="10476" help_text="Pasienten sier det.  Pas. virker ikke tung i pusten.  Vurder behov for leieforandring." />
<question item_id="5273" mid="VAR5273" datatype="NAR" page_number="10" question_text="Tiltak gjort for &#229; oppn&#229; m&#229;let" optional="0" multiline="1" />
<question item_id="5274" mid="VAR5274" datatype="ORD" page_number="10" question_text="Effekt av tiltaket" optional="0" enumeration_uid="5274" />
<question item_id="10478" mid="VAR10478" datatype="ORD" page_number="11" page_title="Andre plager" page_introduction="M&#229;l: At pasienten ikke er plaget" question_text="Har pasienten andre symptomer?" optional="0" enumeration_uid="10478" help_text="F.eks. kl&#248;e, plagsomme &#248;demer" />
<question item_id="10477" mid="VAR10477" datatype="NAR" page_number="12" question_text="Hvilke andre plager" optional="0" carry_forward="1" multiline="1" />
<question item_id="5269" mid="VAR5269" datatype="NAR" page_number="12" question_text="Tiltak gjort for &#229; oppn&#229; m&#229;let" optional="0" multiline="1" />
<question item_id="5270" mid="VAR5270" datatype="ORD" page_number="12" question_text="Effekt av tiltaket" optional="0" enumeration_uid="5270" />
<question item_id="10479" mid="VAR10479" datatype="ORD" page_number="13" page_title="Munnstell, drikke" page_introduction="M&#229;l: At munnen er fuktig og ren." question_text="Munnen er fuktig og ren" optional="0" enumeration_uid="10479" help_text="Tilby drikke til pas. som er i stand til &#229; svelge. Se retningslinjer for munnstell. Munnen vurderes minst hver 4 time. P&#229;r&#248;rende kan gjerne delta i munnstell." />
<question item_id="5271" mid="VAR5271" datatype="NAR" page_number="14" question_text="Tiltak gjort for &#229; oppn&#229; m&#229;let" optional="0" multiline="1" />
<question item_id="5272" mid="VAR5272" datatype="ORD" page_number="14" question_text="Effekt av tiltaket" optional="0" enumeration_uid="5272" />
<question item_id="10480" mid="VAR10480" datatype="ORD" page_number="15" page_title="Vannlatingsbesv&#230;r" page_introduction="M&#229;l: At pasienten er ubesv&#230;ret." question_text="Pasienten har ikke vannlatingsbesv&#230;r" optional="0" enumeration_uid="10480" help_text="Legg inn kateter hvis retensjon.  Bruk kateter eller bleier hvis pasintens generelle tilstand f&#248;rer til inkontinens." />
<question item_id="5265" mid="VAR5265" datatype="NAR" page_number="16" question_text="Tiltak gjort for &#229; oppn&#229; m&#229;let" optional="0" carry_forward="1" multiline="1" />
<question item_id="5266" mid="VAR5266" datatype="ORD" page_number="16" question_text="Effekt av tiltaket" optional="0" enumeration_uid="5266" />
<question item_id="10481" mid="VAR10481" datatype="ORD" page_number="17" page_title="Medikamenter" page_introduction="M&#229;l: At alle medikamenter er gitt korrekt i forhold til legens forordning." question_text="All medikasjon er gitt korrekt i forhold til medikament-ark" optional="0" enumeration_uid="10481" help_text="Subkutan pumpe kontrollert minst hver 4. time" />
<question item_id="5283" mid="VAR5283" datatype="NAR" page_number="18" question_text="Tiltak gjort for &#229; oppn&#229; m&#229;let" optional="0" multiline="1" />
<question item_id="5284" mid="VAR5284" datatype="ORD" page_number="18" question_text="Effekt av tiltaket" optional="0" enumeration_uid="5284" />
<question item_id="10484" mid="VAR10484" datatype="ORD" page_number="19" page_introduction="This page was autogenerated" question_text="Fylle ut del 2?" optional="1" enumeration_uid="10484" help_text="Del 2 fylles ut klokka 08 og klokka 20." />
<question item_id="10482" mid="VAR10482" datatype="ORD" page_number="20" page_title="Liggestilling / trykkomr&#229;der" page_introduction="M&#229;l: At pasienten ligger godt i trygge omgivelser" question_text="Pasienten ligger godt i trygge omgivelser" optional="0" enumeration_uid="10482" help_text="Klinisk vurdering av: Hud, evt. trykks&#229;r, behov for leieforandring, spesialmadrass, personlig hygiene, sengebad, stell av &#248;ynene." />
<question item_id="5267" mid="VAR5267" datatype="NAR" page_number="21" question_text="Tiltak gjort for &#229; oppn&#229; m&#229;let" optional="0" multiline="1" />
<question item_id="5268" mid="VAR5268" datatype="ORD" page_number="21" question_text="Effekt av tiltaket" optional="0" enumeration_uid="5268" />
<question item_id="10483" mid="VAR10483" datatype="ORD" page_number="22" page_title="Tarmfunksjon" page_introduction="M&#229;l: At pasienten ikke er plaget med obstipasjon eller diar&#233;" question_text="Pasienten er uten plager med obstipasjon eller diare" optional="0" enumeration_uid="10483" />
<question item_id="5257" mid="VAR5257" datatype="NAR" page_number="23" question_text="Tiltak gjort for &#229; oppn&#229; m&#229;let" optional="0" multiline="1" />
<question item_id="5258" mid="VAR5258" datatype="ORD" page_number="23" question_text="Effekt av tiltaket" optional="0" enumeration_uid="5258" />
<question item_id="5088" mid="VAR5088" datatype="ORD" page_number="24" page_title="Innsikt / forst&#229;else" page_introduction="M&#229;l: At pasienten er klar over situasjonen." question_text="Pasienten er klar over situasjonen" optional="0" enumeration_uid="5088" help_text="Pasienten f&#229;r n&#248;dvendig informasjon og st&#248;tte gjennom ber&#248;ring, ord, og n&#230;rv&#230;r." />
<question item_id="5263" mid="VAR5263" datatype="NAR" page_number="25" question_text="Tiltak gjort for &#229; oppn&#229; m&#229;let" optional="0" multiline="1" />
<question item_id="5264" mid="VAR5264" datatype="ORD" page_number="25" question_text="Effekt av tiltaket" optional="0" enumeration_uid="5264" />
<question item_id="10485" mid="VAR10485" datatype="ORD" page_number="26" page_title="Forst&#229;else - p&#229;r&#248;rende" page_introduction="M&#229;l: At de p&#229;r&#248;rende er forberedt p&#229; at d&#248;den er n&#230;r forest&#229;ende" question_text="De p&#229;r&#248;rende er forberedt p&#229; at d&#248;den er n&#230;rt forest&#229;ende" optional="0" enumeration_uid="10485" help_text="Vurder forst&#229;elsen hos de p&#229;r&#248;rende, inkludert de barn og unge og de som ikke var tilstede ved f&#248;rste vurdering. Forviss dere om at de forst&#229;r at pasienten er d&#248;ende og de tiltak som blir gjort for &#229; lindre. Tilby st&#248;tte fra sykehjemspresten eller annen kontaktperson." />
<question item_id="5261" mid="VAR5261" datatype="NAR" page_number="27" question_text="Tiltak gjort for &#229; oppn&#229; m&#229;let" optional="0" multiline="1" />
<question item_id="5262" mid="VAR5262" datatype="ORD" page_number="27" question_text="Effekt av tiltaket" optional="0" enumeration_uid="5262" />
<question item_id="5090" mid="VAR5090" datatype="ORD" page_number="28" page_title="&#197;ndelig/eksistensiell omsorg" page_introduction="M&#229;l: At behovet for &#229;ndelig/eksistensiell omsorg er ivaretatt." question_text="Behovet for &#229;ndelig omsorg er ivaretatt" optional="0" enumeration_uid="5090" help_text="Pasienten eller p&#229;r&#248;rende kan v&#230;re engstelige for seg selv eller andre. St&#248;tte fra sykehjemspresten kan v&#230;re til hjelp. Vurder spesielle behov i forhold til familiens kulturelle bakgrunn." />
<question item_id="5259" mid="VAR5259" datatype="NAR" page_number="29" question_text="Tiltak gjort for &#229; oppn&#229; m&#229;let" optional="0" multiline="1" />
<question item_id="5260" mid="VAR5260" datatype="ORD" page_number="29" question_text="Effekt av tiltaket" optional="0" enumeration_uid="5260" />
<question item_id="5091" mid="VAR5091" datatype="ORD" page_number="30" page_title="Ivaretakelse av de p&#229;r&#248;rende" page_introduction="M&#229;l: At p&#229;r&#248;rendes behov er ivaretatt." question_text="P&#229;r&#248;rendes behov er ivaretatt" optional="0" enumeration_uid="5091" help_text="Vurder p&#229;r&#248;rendes behov for helsehjelp eller sosial st&#248;tte. Forviss dere om at de er kjent med institusjonens lokaliteter og tilbud." />
<question item_id="5092" mid="VAR5092" datatype="NAR" page_number="31" question_text="Tiltak gjort for &#229; oppn&#229; m&#229;let" optional="0" multiline="1" />
<question item_id="5093" mid="VAR5093" datatype="ORD" page_number="31" question_text="Effekt av tiltaket" optional="0" enumeration_uid="5093" />
<question item_id="10486" mid="VAR10486" datatype="ORD" page_number="32" page_title="Andre behov/hensyn" page_introduction="M&#229;l: At spesielle behov/hensyn er ivaretatt." question_text="Andre behov/hensyn er ivaretatt" optional="1" enumeration_uid="10486" />
<question item_id="10487" mid="VAR10487" datatype="NAR" page_number="33" question_text="Tiltak gjort for &#229; oppn&#229; m&#229;let" optional="0" multiline="1" />
<question item_id="10488" mid="VAR10488" datatype="ORD" page_number="33" question_text="Effekt av tiltaket" optional="1" enumeration_uid="10488" />

<!-- Start: Form actions, generated XML -->

<question_action master_question_mid="VAR5081" detail_question_mid="VAR5279" enum_item_value="2" activate="1" />
<question_action master_question_mid="VAR5081" detail_question_mid="VAR5280" enum_item_value="2" activate="1" />
<question_action master_question_mid="VAR10481" detail_question_mid="VAR5283" enum_item_value="2" activate="1" />
<question_action master_question_mid="VAR10481" detail_question_mid="VAR5284" enum_item_value="2" activate="1" />
<question_action master_question_mid="VAR10484" detail_question_mid="VAR10482" enum_item_value="1" activate="1" />
<question_action master_question_mid="VAR10482" detail_question_mid="VAR5267" enum_item_value="2" activate="1" />
<question_action master_question_mid="VAR10482" detail_question_mid="VAR5268" enum_item_value="2" activate="1" />
<question_action master_question_mid="VAR10483" detail_question_mid="VAR5257" enum_item_value="2" activate="1" />
<question_action master_question_mid="VAR10483" detail_question_mid="VAR5258" enum_item_value="2" activate="1" />
<question_action master_question_mid="VAR5088" detail_question_mid="VAR5263" enum_item_value="2" activate="1" />
<question_action master_question_mid="VAR5088" detail_question_mid="VAR5264" enum_item_value="2" activate="1" />
<question_action master_question_mid="VAR10485" detail_question_mid="VAR5261" enum_item_value="2" activate="1" />
<question_action master_question_mid="VAR10485" detail_question_mid="VAR5262" enum_item_value="2" activate="1" />
<question_action master_question_mid="VAR5090" detail_question_mid="VAR5259" enum_item_value="2" activate="1" />
<question_action master_question_mid="VAR5090" detail_question_mid="VAR5260" enum_item_value="2" activate="1" />
<question_action master_question_mid="VAR5091" detail_question_mid="VAR5092" enum_item_value="2" activate="1" />
<question_action master_question_mid="VAR5091" detail_question_mid="VAR5093" enum_item_value="2" activate="1" />
<question_action master_question_mid="VAR10486" detail_question_mid="VAR10487" enum_item_value="2" activate="1" />
<question_action master_question_mid="VAR10486" detail_question_mid="VAR10488" enum_item_value="2" activate="1" />
</form>
