<?xml version="1.0" encoding="ISO-8859-1"?>
<form form_id="283" form_uid="GBD_MAREVAN" title="Marevan-dosering" calculate_invalid="False" rating_scale="False" status="Open" repeatable="1" >
<instructions>Her registreres dagens INR-verdi, ukedosering for neste behandlingsperiode og dato for neste INR-pr�ve. </instructions>

<!-- Start: Form enums, generated XML -->

<enumeration enumeration_uid="3723">
  <enum_item value="1" text="Ja | Atrieflimmer." ICD10="I48" short_code="J" answer_id="18897" />
  <enum_item value="2" text="Nei" short_code="N" answer_id="18898" />
</enumeration>

<enumeration enumeration_uid="3724">
  <enum_item value="1" text="Ja | DVT." ICD10="I82" short_code="J" answer_id="18899" />
  <enum_item value="2" text="Nei" short_code="N" answer_id="18900" />
</enumeration>

<enumeration enumeration_uid="3725">
  <enum_item value="1" text="Ja | Lungeemboli." ICD10="I26" short_code="J" answer_id="18901" />
  <enum_item value="2" text="Nei" short_code="N" answer_id="18902" />
</enumeration>

<enumeration enumeration_uid="3726">
  <enum_item value="1" text="Ja | Postoperativt." short_code="J" answer_id="18905" />
  <enum_item value="2" text="Nei" short_code="N" answer_id="18906" />
</enumeration>

<enumeration enumeration_uid="3727">
  <enum_item value="1" text="Ja | Mekanisk hjerteventil." short_code="J" answer_id="18907" />
  <enum_item value="2" text="Nei" short_code="N" answer_id="18908" />
</enumeration>

<enumeration enumeration_uid="3728">
  <enum_item value="1" text="Korttid (3-6 mnd)" answer_id="18909" />
  <enum_item value="2" text="Langtid (over 6 mnd)" answer_id="18910" />
  <enum_item value="3" text="Varig behandling" answer_id="18911" />
</enumeration>

<enumeration enumeration_uid="6861">
  <enum_item value="1" text="Ja" answer_id="37796" />
  <enum_item value="2" text="Nei" short_code="N" answer_id="37797" />
</enumeration>

<!-- Start: Form items, generated XML -->

<question item_id="3729" mid="MAREVAN_START_DATO" datatype="DATE" page_number="1" page_title="Marevan-dosering" question_text="Startet med Marevan" optional="1" carry_forward="1" min_value="DOB" max_value="FORMDATE+1" help_text="Denne perioden hvis pasienten ogs&#229; har brukt Marevan tidligere." group_id="MAREVAN_START_DATO" />
<question item_id="3728" mid="MAREVAN_LENGDE" datatype="ORD" page_number="1" page_title="Marevan-dosering" question_text="Behandlingstype" optional="0" carry_forward="1" enumeration_uid="3728" group_id="MAREVAN_LENGDE" />
<question item_id="3742" mid="MAREVAN_SLUTT_DATO" datatype="DATE" page_number="2" question_text="Planlagt sluttdato" optional="0" carry_forward="1" group_id="MAREVAN_SLUTT_DATO" />
<question item_id="6861" mid="SLUTTDATO_PASSERT" datatype="ORD" page_number="2" question_text="Er planlagt sluttdato passert?" optional="1" visible="-1" expression="2 - ISPOS(Form.Date - MAREVAN_SLUTT_DATO) * ISPOS(MAREVAN_SLUTT_DATO)" enumeration_uid="6861" group_id="SLUTTDATO_PASSERT" />
<question item_id="6860" mid="VAR6860" datatype="MSG" page_number="3" header="Ny sluttdato" question_text="Planlagt sluttdato for behandlingen er passert.  Du b&#248;r oppdatere den planlagte sluttdatoen, eventuelt seponere behandlingen." optional="1" />
<question item_id="3737" mid="MAREVAN_INR" datatype="QN" page_number="4" page_title="INR-verdier" question_text="Siste INR-verdi (enheter)" optional="0" min_value="0.5" max_value="10" units="enheter" decimals="1" group_id="MAREVAN_INR" />
<question item_id="3740" mid="MAREVAN_INR_DATO" datatype="DATE" page_number="4" page_title="INR-verdier" question_text="Sist m&#229;lt" optional="0" min_value="FORMDATE-365" max_value="FORMDATE" help_text="Siste tilgjengelige INR-verdi" group_id="MAREVAN_INR_DATO" />
<question item_id="3738" mid="MAREVAN_INR_NEDRE" datatype="QN" page_number="5" page_title="Terapeutisk omr&#229;de" question_text="Nedre terskelverdi INR (enheter)" optional="0" carry_forward="1" min_value="1.8" max_value="2.5" units="enheter" decimals="1" help_text="Normalt 2.0, men 2.5 ved mekanisk ventil." group_id="MAREVAN_INR_NEDRE" />
<question item_id="3739" mid="MAREVAN_INR_OVRE" datatype="QN" page_number="5" page_title="Terapeutisk omr&#229;de" question_text="&#216;vre terskelverdi INR (enheter)" optional="0" carry_forward="1" min_value="2.5" max_value="4.0" units="enheter" decimals="1" help_text="Normalt 3.0, men 3.5 ved mekanisk ventil." group_id="MAREVAN_INR_OVRE" />
<question item_id="3723" mid="ICD10_I48" datatype="ORD" page_number="6" page_title="Indikasjoner" question_text="Atrieflimmer:" optional="0" carry_forward="1" enumeration_uid="3723" group_id="ICD10_I48" />
<question item_id="3724" mid="ICD10_I82" datatype="ORD" page_number="6" page_title="Indikasjoner" question_text="Dyp venetrombose:" optional="0" carry_forward="1" enumeration_uid="3724" group_id="ICD10_I82" />
<question item_id="3725" mid="ICD10_I26" datatype="ORD" page_number="6" page_title="Indikasjoner" question_text="Lungeemboli:" optional="0" carry_forward="1" enumeration_uid="3725" group_id="ICD10_I26" />
<question item_id="3726" mid="MAREVAN_POSTOP" datatype="ORD" page_number="6" page_title="Indikasjoner" question_text="Postoperativt:" optional="0" carry_forward="1" enumeration_uid="3726" group_id="MAREVAN_POSTOP" />
<question item_id="3727" mid="MAREVAN_VENTIL" datatype="ORD" page_number="6" page_title="Indikasjoner" question_text="Mekanisk hjerteventil:" optional="0" carry_forward="1" enumeration_uid="3727" group_id="MAREVAN_VENTIL" />
<question item_id="3730" mid="MAREVAN_MANDAG" datatype="QN" page_number="7" page_title="Dosering" question_text="Mandag (tbl)" optional="0" carry_forward="1" min_value="0" max_value="10" units="tbl" decimals="1" group_id="MAREVAN_MANDAG" />
<question item_id="3731" mid="MAREVAN_TIRSDAG" datatype="QN" page_number="7" page_title="Dosering" question_text="Tirsdag (tbl)" optional="0" carry_forward="1" min_value="0" max_value="10" units="tbl" decimals="1" group_id="MAREVAN_TIRSDAG" />
<question item_id="3732" mid="MAREVAN_ONSDAG" datatype="QN" page_number="7" page_title="Dosering" question_text="Onsdag (tbl)" optional="0" carry_forward="1" min_value="0" max_value="10" units="tbl" decimals="1" group_id="MAREVAN_ONSDAG" />
<question item_id="3733" mid="MAREVAN_TORSDAG" datatype="QN" page_number="7" page_title="Dosering" question_text="Torsdag (tbl)" optional="0" carry_forward="1" min_value="0" max_value="10" units="tbl" decimals="1" group_id="MAREVAN_TORSDAG" />
<question item_id="3734" mid="MAREVAN_FREDAG" datatype="QN" page_number="7" page_title="Dosering" question_text="Fredag (tbl)" optional="0" carry_forward="1" min_value="0" max_value="10" units="tbl" decimals="1" group_id="MAREVAN_FREDAG" />
<question item_id="3735" mid="MAREVAN_LORDAG" datatype="QN" page_number="7" page_title="Dosering" question_text="L&#248;rdag (tbl)" optional="0" carry_forward="1" min_value="0" max_value="10" units="tbl" decimals="1" group_id="MAREVAN_LORDAG" />
<question item_id="3736" mid="MAREVAN_SONDAG" datatype="QN" page_number="7" page_title="Dosering" question_text="S&#248;ndag (tbl)" optional="0" carry_forward="1" min_value="0" max_value="10" units="tbl" decimals="1" group_id="MAREVAN_SONDAG" />
<question item_id="3741" mid="MAREVAN_SUM" datatype="QN" page_number="7" page_title="Dosering" question_text="Antall tabletter/uke (tbl)" optional="1" units="tbl" decimals="1" expression="MAREVAN_MANDAG + MAREVAN_TIRSDAG + MAREVAN_ONSDAG + MAREVAN_TORSDAG + MAREVAN_FREDAG + MAREVAN_LORDAG + MAREVAN_SONDAG" group_id="MAREVAN_SUM" />
<question item_id="3999" mid="WARFARIN_NEXT" datatype="DATE" page_number="8" page_title="Neste dosering" question_text="Neste doseringstidspunkt" optional="0" min_value="TRUNC(FORMDATE)+1" max_value="FORMDATE+180" help_text="Tips: Skriv f.eks. +28 for &#229; f&#229; dato om fire uker." group_id="WARFARIN_NEXT" />

<!-- Start: Form actions, generated XML -->

<question_action master_question_mid="MAREVAN_LENGDE" detail_question_mid="MAREVAN_SLUTT_DATO" enum_item_value="3" activate="6" />
<question_action master_question_mid="MAREVAN_LENGDE" detail_question_mid="SLUTTDATO_PASSERT" enum_item_value="3" activate="6" />
<question_action master_question_mid="SLUTTDATO_PASSERT" detail_question_mid="VAR6860" enum_item_value="1" activate="1" />
</form>
