<?xml version="1.0" encoding="ISO-8859-1"?>
<form form_id="326" form_uid="GBD_STELL" title="Stellebeskrivelse" calculate_invalid="False" rating_scale="False" status="Closed" repeatable="1" >
<instructions></instructions>

<!-- Start: Form enums, generated XML -->

<enumeration enumeration_uid="725">
  <enum_item value="1" score="0" text="Kontinent for avf&#248;ring." answer_id="1145" />
  <enum_item value="2" score="1" text="Inkontinent for avf&#248;ring." answer_id="1146" />
  <enum_item value="3" score="2" text="Periodevis inkontinent for avf&#248;ring." answer_id="1147" />
  <enum_item value="4" score="3" text="Har stomi/pose p&#229; magen." answer_id="17600" />
</enumeration>

<enumeration enumeration_uid="726">
  <enum_item value="1" score="0" text="Kontinent for urin." answer_id="1148" />
  <enum_item value="2" score="1" text="Er inkontinent for urin (bruker bleie)." answer_id="1149" />
  <enum_item value="3" score="2" text="Periodevis inkontinent for urin." answer_id="1150" />
  <enum_item value="4" score="3" text="Bruker uridom." answer_id="1151" />
  <enum_item value="5" score="4" text="Har inneliggende kateter." answer_id="17596" />
</enumeration>

<enumeration enumeration_uid="732">
  <enum_item value="1" score="0" text="uten hjelp." answer_id="1179" />
  <enum_item value="2" score="1" text="med noe hjelp." answer_id="1180" />
  <enum_item value="3" score="2" text="med mye hjelp." answer_id="1181" />
  <enum_item value="4" score="3" text="Kan ikke spise selv (m&#229; mates)." answer_id="15959" />
</enumeration>

<enumeration enumeration_uid="734">
  <enum_item value="1" score="0" text="uten hjelp/st&#248;tte." answer_id="1191" />
  <enum_item value="2" score="1" text="med noe hjelp (stokk, krykker el.l.)." answer_id="1192" />
  <enum_item value="3" score="2" text="med mye hjelp (levende st&#248;tte el. rullator)." answer_id="1193" />
  <enum_item value="4" score="3" text="Forflytter seg selv i rullestol." answer_id="1194" />
  <enum_item value="5" score="4" text="Sitter i en stol om dagen, kan ikke bruke rullestol." answer_id="1195" />
  <enum_item value="6" score="5" text="Bundet til sengen." answer_id="15955" />
</enumeration>

<enumeration enumeration_uid="1376">
  <enum_item value="1" score="0" text="selv." answer_id="3120" />
  <enum_item value="2" score="1" text="med noe hjelp." answer_id="3121" />
  <enum_item value="3" score="2" text="med mye hjelp." answer_id="3122" />
  <enum_item value="4" score="3" text="Klarer ikke gj&#248;re noe selv under p&#229;kledning." answer_id="15930" />
</enumeration>

<enumeration enumeration_uid="1378">
  <enum_item value="1" score="0" text="ingen hjelp." answer_id="3126" />
  <enum_item value="2" score="1" text="noe hjelp." answer_id="3127" />
  <enum_item value="3" score="2" text="mye hjelp" answer_id="3128" />
  <enum_item value="4" score="3" text="M&#229; bruke bekken." answer_id="15946" />
</enumeration>

<enumeration enumeration_uid="4343">
  <enum_item value="1" text="Ja" answer_id="23290" />
  <enum_item value="2" text="Nei" short_code="N" answer_id="23291" />
</enumeration>

<enumeration enumeration_uid="4344">
  <enum_item value="1" text="Ja | Heis." short_code="J" answer_id="23292" />
  <enum_item value="2" text="Nei*" short_code="N" answer_id="23293" />
</enumeration>

<enumeration enumeration_uid="4348">
  <enum_item value="1" text="Ja | Bruker h&#248;reapparat." short_code="J" answer_id="23306" />
  <enum_item value="2" text="Nei*" short_code="N" answer_id="23307" />
</enumeration>

<enumeration enumeration_uid="4349">
  <enum_item value="1" text="Ja | Bruker briller." short_code="J" answer_id="23310" />
  <enum_item value="2" text="Nei*" short_code="N" answer_id="23311" />
</enumeration>

<enumeration enumeration_uid="4350">
  <enum_item value="1" text="Ja | St&#248;ttestr&#248;mper." short_code="J" answer_id="23314" />
  <enum_item value="2" text="Nei*" short_code="N" answer_id="23315" />
</enumeration>

<enumeration enumeration_uid="4351">
  <enum_item value="1" text="Ja | Sengeb&#248;yle." short_code="J" answer_id="23318" />
  <enum_item value="2" text="Nei*" short_code="N" answer_id="23319" />
</enumeration>

<enumeration enumeration_uid="4352">
  <enum_item value="1" text="Nei*" answer_id="23322" />
  <enum_item value="2" text="Nasogastrisk sonde." answer_id="23323" />
  <enum_item value="3" text="PEG-sonde." answer_id="23324" />
  <enum_item value="4" text="Parenteral ern&#230;ring" answer_id="23332" />
</enumeration>

<enumeration enumeration_uid="4353">
  <enum_item value="1" text="Ja*" short_code="J" answer_id="23333" />
  <enum_item value="2" text="Nei | Vanlig kost." short_code="N" answer_id="23334" />
</enumeration>

<enumeration enumeration_uid="4354">
  <enum_item value="1" text="Ja | Diabeteskost." short_code="J" answer_id="23335" />
  <enum_item value="2" text="Nei*" short_code="N" answer_id="23336" />
</enumeration>

<enumeration enumeration_uid="4355">
  <enum_item value="1" text="Ja | Melkefri." short_code="J" answer_id="23339" />
  <enum_item value="2" text="Nei*" short_code="N" answer_id="23340" />
</enumeration>

<enumeration enumeration_uid="4356">
  <enum_item value="1" text="Ja | Fettfattig." short_code="J" answer_id="23343" />
  <enum_item value="2" text="Nei*" short_code="N" answer_id="23344" />
</enumeration>

<enumeration enumeration_uid="4357">
  <enum_item value="1" text="Ja | Moset." short_code="J" answer_id="23347" />
  <enum_item value="2" text="Nei*" short_code="N" answer_id="23348" />
  <enum_item value="3" text="Kun flytende kost." answer_id="23349" />
</enumeration>

<enumeration enumeration_uid="4358">
  <enum_item value="1" text="uten hjelp." answer_id="23369" />
  <enum_item value="2" text="med noe hjelp." answer_id="23370" />
  <enum_item value="3" text="med mye hjelp." answer_id="23375" />
  <enum_item value="4" text="Bidrar ikke i stell oventil." answer_id="23376" />
</enumeration>

<enumeration enumeration_uid="4359">
  <enum_item value="1" text="uten hjelp." answer_id="23371" />
  <enum_item value="2" text="med noe hjelp." answer_id="23372" />
  <enum_item value="3" text="med mye hjelp." answer_id="23379" />
  <enum_item value="4" text="Bidrar ikke i stell nedentil." answer_id="23380" />
</enumeration>

<enumeration enumeration_uid="4362">
  <enum_item value="1" text="uten hjelp." answer_id="23401" />
  <enum_item value="2" text="med noe hjelp." answer_id="23402" />
  <enum_item value="3" text="med mye hjelp." answer_id="23403" />
  <enum_item value="4" text="Bidrar ikke i munnstell." answer_id="23404" />
</enumeration>

<enumeration enumeration_uid="4363">
  <enum_item value="1" text="Ja | Hviler middag." short_code="J" answer_id="23417" />
  <enum_item value="2" text="Nei | Hviler ikke middag." short_code="N" answer_id="23418" />
</enumeration>

<enumeration enumeration_uid="4364">
  <enum_item value="1" text="Ja | Bruker sovemedisin." short_code="J" answer_id="23419" />
  <enum_item value="2" text="Nei*" short_code="N" answer_id="23420" />
</enumeration>

<enumeration enumeration_uid="4365">
  <enum_item value="1" text="Ja | Sengehest." short_code="J" answer_id="23423" />
  <enum_item value="2" text="Nei*" short_code="N" answer_id="23424" />
</enumeration>

<enumeration enumeration_uid="4366">
  <enum_item value="1" text="Ja | Tidlig oppv&#229;kning." short_code="J" answer_id="23425" />
  <enum_item value="2" text="Nei*" short_code="N" answer_id="23426" />
</enumeration>

<enumeration enumeration_uid="4367">
  <enum_item value="1" text="Ja | Sover urolig." short_code="J" answer_id="23427" />
  <enum_item value="2" text="Nei*" short_code="N" answer_id="23428" />
</enumeration>

<enumeration enumeration_uid="4371">
  <enum_item value="1" text="Ja" answer_id="23443" />
  <enum_item value="2" text="Nei" short_code="N" answer_id="23444" />
</enumeration>

<enumeration enumeration_uid="4529">
  <enum_item value="1" text="Ja | Glutenfri." short_code="J" answer_id="24032" />
  <enum_item value="2" text="Nei*" short_code="N" answer_id="24033" />
</enumeration>

<enumeration enumeration_uid="5464">
  <enum_item value="1" text="Ja | Skal ha fortykket drikke." short_code="J" answer_id="29555" />
  <enum_item value="2" text="Nei*" short_code="N" answer_id="29556" />
</enumeration>

<!-- Start: Form items, generated XML -->

<question item_id="4348" mid="STELL_HOREAPP" datatype="ORD" page_number="1" page_title="Hjelpemidler" question_text="H&#248;reapparat" optional="0" enumeration_uid="4348" group_id="STELL_HOREAPP" />
<question item_id="4349" mid="STELL_BRILLER" datatype="ORD" page_number="1" page_title="Hjelpemidler" question_text="Briller" optional="0" enumeration_uid="4349" group_id="STELL_BRILLER" />
<question item_id="734" mid="HULTEN_GANGE" datatype="ORD" page_number="1" page_title="Hjelpemidler" header="Gangfunksjon" question_text="G&#229;r..." optional="0" carry_forward="1" enumeration_uid="734" group_id="HULTEN_GANGE" />
<question item_id="4343" mid="STELL_HJELPEMIDLER" datatype="ORD" page_number="1" page_title="Hjelpemidler" header="Andre hjelpemidler" question_text="Bruker pasienten noen flere hjelpemidler?" optional="0" exclude_from_text="1" enumeration_uid="4343" help_text="Heis, rullestol, rullator, st&#248;ttestr&#248;mper, s&#248;sterhjelp/sengeb&#248;yle" group_id="STELL_HJELPEMIDLER" />
<question item_id="4344" mid="STELL_HEIS" datatype="ORD" page_number="2" question_text="Heis" optional="0" enumeration_uid="4344" group_id="STELL_HEIS" />
<question item_id="4350" mid="STELL_STOTTE" datatype="ORD" page_number="2" question_text="St&#248;ttestr&#248;mper" optional="0" enumeration_uid="4350" group_id="STELL_STOTTE" />
<question item_id="4351" mid="STELL_SENGEBOYLE" datatype="ORD" page_number="2" question_text="&quot;S&#248;sterhjelp&quot;/sengeb&#248;yle" optional="0" enumeration_uid="4351" group_id="STELL_SENGEBOYLE" />
<question item_id="732" mid="HULTEN_FOEDEINNTAK" datatype="ORD" page_number="3" page_title="M&#229;ltid" header="Spiser selv" question_text="Spiser..." optional="0" carry_forward="1" enumeration_uid="732" help_text="Noe hjelp: Trenger hjelp til &#229; dele opp maten, men kan bruke kniv og gaffel, og kan spise og drikke uten ytterligere hjelp." group_id="HULTEN_FOEDEINNTAK" />
<question item_id="4352" mid="STELL_SONDE" datatype="ORD" page_number="4" question_text="Sonde eller parenteral ern&#230;ring?" optional="1" enumeration_uid="4352" group_id="STELL_SONDE" />
<question item_id="4353" mid="KOST_SPESIAL" datatype="ORD" page_number="5" question_text="Spesialkost" optional="0" enumeration_uid="4353" help_text="Diabeteskost, fettfattig, saltredusert, laktoseredusert, melkefri, glutenfri, moset el.l." group_id="KOST_SPESIAL" />
<question item_id="4354" mid="KOST_Diabetes" datatype="ORD" page_number="6" page_title="Spesialkost" question_text="Diabeteskost" optional="0" enumeration_uid="4354" group_id="KOST_Diabetes" />
<question item_id="4356" mid="KOST_Fettfattig" datatype="ORD" page_number="6" page_title="Spesialkost" question_text="Fettfattig kost" optional="0" enumeration_uid="4356" group_id="KOST_Fettfattig" />
<question item_id="4355" mid="KOST_Melkefri" datatype="ORD" page_number="6" page_title="Spesialkost" question_text="Melkefri kost" optional="0" enumeration_uid="4355" group_id="KOST_Melkefri" />
<question item_id="4529" mid="KOST_Glutenfri" datatype="ORD" page_number="6" page_title="Spesialkost" question_text="Glutenfri kost" optional="0" enumeration_uid="4529" group_id="KOST_Glutenfri" />
<question item_id="4357" mid="KOST_Moset" datatype="ORD" page_number="6" page_title="Spesialkost" question_text="Moset mat" optional="0" enumeration_uid="4357" group_id="KOST_Moset" />
<question item_id="5464" mid="KOST_FortykketDrikke" datatype="ORD" page_number="6" page_title="Spesialkost" question_text="Fortykningsmiddel i drikke" optional="0" enumeration_uid="5464" group_id="KOST_FortykketDrikke" />
<question item_id="4456" mid="KOST_KOMMENTAR" datatype="NAR" page_number="6" page_title="Spesialkost" question_text="Kommentar til spesialkost" optional="1" multiline="1" group_id="KOST_KOMMENTAR" />
<question item_id="1376" mid="HULTEN_PAAKLEDNING" datatype="ORD" page_number="7" page_title="Morgen- og kveldsstell" header="P&#229;kledning" question_text="Kler p&#229; seg..." optional="0" carry_forward="1" enumeration_uid="1376" help_text="Noe hjelp: Trenger hjelp med enkelte plagg, eller trenger gjentatte p&#229;minnelser." group_id="HULTEN_PAAKLEDNING" />
<question item_id="4358" mid="STELL_OVENTIL" datatype="ORD" page_number="7" page_title="Morgen- og kveldsstell" question_text="Steller seg oventil" optional="0" enumeration_uid="4358" group_id="STELL_OVENTIL" />
<question item_id="4359" mid="STELL_NEDENTIL" datatype="ORD" page_number="7" page_title="Morgen- og kveldsstell" question_text="Steller seg nedentil" optional="0" enumeration_uid="4359" group_id="STELL_NEDENTIL" />
<question item_id="4362" mid="STELL_MUNN" datatype="ORD" page_number="7" page_title="Morgen- og kveldsstell" question_text="Munnstell" optional="0" enumeration_uid="4362" help_text="Tannpuss, protese el.l.  Noe hjelp: Trenger &#229; bli passet p&#229; eller minnet om munnstell." group_id="STELL_MUNN" />
<question item_id="4360" mid="STELL_MORGEN" datatype="NAR" page_number="7" page_title="Morgen- og kveldsstell" question_text="Kommentar morgenstell" optional="1" multiline="1" group_id="STELL_MORGEN" />
<question item_id="4361" mid="STELL_KVELD" datatype="NAR" page_number="7" page_title="Morgen- og kveldsstell" question_text="Kommentar kveldsstell" optional="1" multiline="1" group_id="STELL_KVELD" />
<question item_id="4363" mid="MIDDAGSHVIL" datatype="ORD" page_number="8" page_title="S&#248;vn/hvile" question_text="Hviler middag" optional="1" enumeration_uid="4363" group_id="MIDDAGSHVIL" />
<question item_id="4364" mid="SOVEMEDISIN" datatype="ORD" page_number="8" page_title="S&#248;vn/hvile" question_text="Bruker sovemedisin" optional="1" enumeration_uid="4364" group_id="SOVEMEDISIN" />
<question item_id="4365" mid="SENGEHEST" datatype="ORD" page_number="8" page_title="S&#248;vn/hvile" question_text="Sengehest" optional="1" enumeration_uid="4365" group_id="SENGEHEST" />
<question item_id="4366" mid="TIDLIG_OPPVAKNING" datatype="ORD" page_number="8" page_title="S&#248;vn/hvile" question_text="Tidlig oppv&#229;kning" optional="1" enumeration_uid="4366" group_id="TIDLIG_OPPVAKNING" />
<question item_id="4367" mid="SOVER_UROLIG" datatype="ORD" page_number="8" page_title="S&#248;vn/hvile" question_text="Urolig s&#248;vn" optional="0" enumeration_uid="4367" group_id="SOVER_UROLIG" />
<question item_id="4372" mid="SOVN_RUTINER" datatype="NAR" page_number="8" page_title="S&#248;vn/hvile" question_text="Faste rutiner" optional="1" multiline="1" group_id="SOVN_RUTINER" />
<question item_id="1378" mid="HULTEN_TOALETT" datatype="ORD" page_number="9" page_title="Toalettvaner" header="Toalettbes&#248;k" question_text="Toalettbes&#248;k krever..." optional="0" carry_forward="1" enumeration_uid="1378" help_text="Noe hjelp: Trenger &#229; bli passet p&#229; og oppmuntret til &#229; bes&#248;ke toalettet." group_id="HULTEN_TOALETT" />
<question item_id="725" mid="HULTEN_INKONTAVFOERING" datatype="ORD" page_number="9" page_title="Toalettvaner" question_text="Inkontinent avf&#248;ring" optional="0" carry_forward="1" enumeration_uid="725" group_id="HULTEN_INKONTAVFOERING" />
<question item_id="726" mid="HULTEN_URININKONTINENS" datatype="ORD" page_number="9" page_title="Toalettvaner" question_text="Urininkontinens" optional="0" carry_forward="1" enumeration_uid="726" group_id="HULTEN_URININKONTINENS" />
<question item_id="4371" mid="INKONTUTSTYR_AKTUELT" datatype="ORD" page_number="9" page_title="Toalettvaner" question_text="Inkontinensutstyr aktuelt" optional="0" visible="0" expression="2-ISPOS(ISNULL(HULTEN_INKONTAVFOERING-2) + ISNULL(HULTEN_INKONTAVFOERING-3) + ISNULL(HULTEN_URININKONTINENS-2) + ISNULL(HULTEN_URININKONTINENS-3))" enumeration_uid="4371" group_id="INKONTUTSTYR_AKTUELT" />
<question item_id="4370" mid="INKONTINENSUTSTYR" datatype="NAR" page_number="10" question_text="Inkontinensutstyr" optional="1" multiline="1" group_id="INKONTINENSUTSTYR" />

<!-- Start: Form actions, generated XML -->

<question_action master_question_mid="STELL_HJELPEMIDLER" detail_question_mid="STELL_HEIS" enum_item_value="1" activate="1" />
<question_action master_question_mid="STELL_HJELPEMIDLER" detail_question_mid="STELL_STOTTE" enum_item_value="1" activate="1" />
<question_action master_question_mid="STELL_HJELPEMIDLER" detail_question_mid="STELL_SENGEBOYLE" enum_item_value="1" activate="1" />
<question_action master_question_mid="HULTEN_FOEDEINNTAK" detail_question_mid="STELL_SONDE" enum_item_value="4" activate="1" />
<question_action master_question_mid="KOST_SPESIAL" detail_question_mid="KOST_Diabetes" enum_item_value="1" activate="1" />
<question_action master_question_mid="KOST_SPESIAL" detail_question_mid="KOST_Fettfattig" enum_item_value="1" activate="1" />
<question_action master_question_mid="KOST_SPESIAL" detail_question_mid="KOST_Melkefri" enum_item_value="1" activate="1" />
<question_action master_question_mid="KOST_SPESIAL" detail_question_mid="KOST_Glutenfri" enum_item_value="1" activate="1" />
<question_action master_question_mid="KOST_SPESIAL" detail_question_mid="KOST_Moset" enum_item_value="1" activate="1" />
<question_action master_question_mid="KOST_SPESIAL" detail_question_mid="KOST_FortykketDrikke" enum_item_value="1" activate="1" />
<question_action master_question_mid="KOST_SPESIAL" detail_question_mid="KOST_KOMMENTAR" enum_item_value="1" activate="1" />
<question_action master_question_mid="INKONTUTSTYR_AKTUELT" detail_question_mid="INKONTINENSUTSTYR" enum_item_value="1" activate="1" />
</form>
