<?xml version="1.0" encoding="ISO-8859-1"?>
<form form_id="444" form_uid="LANGTID_SJEKK2" title="Sjekkliste etter innkomst (langtidsplass)" calculate_invalid="False" rating_scale="False" status="Open" repeatable="1" >
<instructions></instructions>

<!-- Start: Form enums, generated XML -->


<!-- Start: Form items, generated XML -->

<question item_id="5380" mid="VAR5380" datatype="MSG" page_number="1" page_introduction="Plan for innkomstdagen og f&#248;rste uker av langtidsoppholdet" question_text="Sjekkliste-skjema. Dersom ting utfylles p&#229; forskjellige dager kan en legge til nye skjema for &#229; utfylle opplysninger, tidligere opplysninger videref&#248;res automatisk til nytt skjema." optional="1" />
<question item_id="5381" mid="VAR5381" datatype="DATE" page_number="1" page_introduction="Plan for innkomstdagen og f&#248;rste uker av langtidsoppholdet" question_text="Ern&#230;ringsstatus kartlagt" optional="1" carry_forward="1" help_text="Kostsamtale gjennomf&#248;res, inkl. utskrift av matkort, innkomstdagen eller p&#229;f&#248;lgende dag" />
<question item_id="5383" mid="VAR5383" datatype="DATE" page_number="1" page_introduction="Plan for innkomstdagen og f&#248;rste uker av langtidsoppholdet" question_text="Anamnese/bakgrunnsopplysningsskjema utfylt" optional="1" carry_forward="1" help_text="innen utgangen av andre uke etter innkomst" />
<question item_id="5384" mid="VAR5384" datatype="DATE" page_number="1" page_introduction="Plan for innkomstdagen og f&#248;rste uker av langtidsoppholdet" question_text="Stellebeskrivelse utarbeidet" optional="1" carry_forward="1" help_text="innen utgangen av andre uke etter innkomst" />
<question item_id="5385" mid="VAR5385" datatype="DATE" page_number="1" page_introduction="Plan for innkomstdagen og f&#248;rste uker av langtidsoppholdet" question_text="Aktivitetsplan utarbeidet" optional="1" carry_forward="1" help_text="innen utgangen av andre uke etter innkomst" />
<question item_id="5386" mid="VAR5386" datatype="DATE" page_number="1" page_introduction="Plan for innkomstdagen og f&#248;rste uker av langtidsoppholdet" question_text="P&#229;r&#248;rendesamtale - informert om invitasjon til innkomstsamtale" optional="1" carry_forward="1" />

<!-- Start: Form actions, generated XML -->

</form>
