<?xml version="1.0" encoding="ISO-8859-1"?>
<form form_id="457" form_uid="MDS30K" title="MDS 3.0 Section K - Swallowing and Nutritional Status" calculate_invalid="False" rating_scale="False" status="Closed" repeatable="1" >
<instructions></instructions>

<!-- Start: Form enums, generated XML -->

<enumeration enumeration_uid="4430">
  <enum_item value="0" text="Nei*" answer_id="23721" />
  <enum_item value="1" text="Ja" answer_id="23722" />
</enumeration>

<enumeration enumeration_uid="4431">
  <enum_item value="0" text="Nei*" answer_id="23723" />
  <enum_item value="1" text="Ja" answer_id="23724" />
</enumeration>

<enumeration enumeration_uid="4432">
  <enum_item value="0" text="Nei*" answer_id="23725" />
  <enum_item value="1" text="Ja" answer_id="23726" />
</enumeration>

<enumeration enumeration_uid="4433">
  <enum_item value="0" text="Nei*" answer_id="23727" />
  <enum_item value="1" text="Ja" answer_id="23728" />
</enumeration>

<enumeration enumeration_uid="4434">
  <enum_item value="0" text="Nei*" answer_id="23737" />
  <enum_item value="1" text="Ja | Ingen tegn til svelgforstyrrelser." answer_id="23738" />
</enumeration>

<enumeration enumeration_uid="4513">
  <enum_item value="1" text="25% eller mindre." answer_id="23967" />
  <enum_item value="2" text="26-50%" answer_id="23968" />
  <enum_item value="3" text="51% eller mer" answer_id="23971" />
</enumeration>

<enumeration enumeration_uid="4514">
  <enum_item value="1" text="500 ml eller mindre" answer_id="23972" />
  <enum_item value="2" text="501 ml eller mer" answer_id="23973" />
</enumeration>

<enumeration enumeration_uid="5462">
  <enum_item value="1" text="Ja*" short_code="J" answer_id="29547" />
  <enum_item value="2" text="Nei*" short_code="N" answer_id="29548" />
</enumeration>

<enumeration enumeration_uid="5466">
  <enum_item value="1" text="Ja | Sonde-ern&#230;ring." short_code="J" answer_id="29559" />
  <enum_item value="2" text="Nei*" short_code="N" answer_id="29560" />
</enumeration>

<enumeration enumeration_uid="5468">
  <enum_item value="1" text="Ja | Parenteral ern&#230;ring." short_code="J" answer_id="29563" />
  <enum_item value="2" text="Nei*" short_code="N" answer_id="29564" />
</enumeration>

<enumeration enumeration_uid="5475">
  <enum_item value="1" text="Ja | Har svelgproblemer." ICD10="R13" short_code="J" answer_id="29599" />
  <enum_item value="2" text="Nei | Ingen svelgproblemer." short_code="N" answer_id="29600" />
</enumeration>

<enumeration enumeration_uid="5642">
  <enum_item value="1" text="Ja" answer_id="30253" />
  <enum_item value="2" text="Nei" short_code="N" answer_id="30254" />
</enumeration>

<enumeration enumeration_uid="5643">
  <enum_item value="1" text="Nei, eller ukjent" answer_id="30261" />
  <enum_item value="2" text="Ja, planlagt vekttap" answer_id="30262" />
  <enum_item value="3" text="Ja, ikke planlagt vekttap" answer_id="30265" />
</enumeration>

<enumeration enumeration_uid="5644">
  <enum_item value="1" text="Ja" answer_id="30271" />
  <enum_item value="2" text="Nei" short_code="N" answer_id="30272" />
</enumeration>

<!-- Start: Form items, generated XML -->

<question item_id="5475" mid="MDS_K1" datatype="ORD" page_number="1" page_title="K1 Svelgproblemer" header="Svelgproblemer" question_text="Har beboer tegn til svelgproblemer?" optional="0" carry_forward="1" enumeration_uid="5475" help_text="(Mister mat fra munnen, hoster eller klager over smerter ved svelging. Restmat i munnen.)" group_id="MDS_K1" />
<question item_id="4430" mid="MDS_K1a" datatype="ORD" page_number="2" question_text="S&#248;ler v&#230;ske/mat fra munnen ved spising og drikking." optional="0" carry_forward="1" enumeration_uid="4430" group_id="MDS_K1a" />
<question item_id="4431" mid="MDS_K1b" datatype="ORD" page_number="2" question_text="Holder mat i munnen/kinnene eller har matrester i munnen etter m&#229;ltidene." optional="0" carry_forward="1" enumeration_uid="4431" group_id="MDS_K1b" />
<question item_id="4432" mid="MDS_K1c" datatype="ORD" page_number="2" question_text="Hoster eller mister pusten ved m&#229;ltidene eller ved inntak av medisiner." optional="0" carry_forward="1" enumeration_uid="4432" group_id="MDS_K1c" />
<question item_id="4433" mid="MDS_K1d" datatype="ORD" page_number="2" question_text="Klager p&#229; smerter eller vanskeligheter ved svelging." optional="0" carry_forward="1" enumeration_uid="4433" group_id="MDS_K1d" />
<question item_id="4434" mid="MDS_K1e" datatype="ORD" page_number="2" question_text="None of the above" optional="0" visible="0" expression="ISZERO(K0100A+K0100B+K0100C+K0100D)" enumeration_uid="4434" group_id="MDS_K1e" />
<question item_id="3225" mid="HEIGHT" datatype="QN" page_number="3" page_title="K2 H&#248;yde og vekt" question_text="H&#248;yde (cm)" optional="0" carry_forward="1" min_value="50" max_value="220" units="cm" help_text="Uten sko." group_id="HEIGHT" />
<question item_id="3224" mid="WEIGHT" datatype="QN" page_number="3" page_title="K2 H&#248;yde og vekt" question_text="Vekt (kg)" optional="0" min_value="10" max_value="400" units="kg" decimals="1" help_text="Uten sko og yttert&#248;y." group_id="WEIGHT" />
<question item_id="3310" mid="BMI" datatype="QN" page_number="3" page_title="K2 H&#248;yde og vekt" question_text="BMI (kg/m2)" optional="0" min_value="5" max_value="150" units="kg/m2" decimals="1" expression="WEIGHT/((HEIGHT/100)*(HEIGHT/100)) * ISPOS(WEIGHT)*ISPOS(HEIGHT)" help_text="Beregnes automatisk" group_id="BMI" />
<question item_id="5643" mid="MDS_K3" datatype="ORD" page_number="4" page_title="K3 Vekttap" header="Vekttap" question_text="Tatt av 5% eller mer siste 30 dager (eller siste vurdering hvis nyere), eller tatt av 10% siste 180 dager" optional="0" carry_forward="1" enumeration_uid="5643" group_id="MDS_K3" />
<question item_id="5468" mid="MDS_K4a" datatype="ORD" page_number="5" page_title="K4 En&#230;ringmetoder" question_text="Intraven&#248;s ern&#230;ring" optional="0" carry_forward="1" enumeration_uid="5468" help_text="Parenteral ern&#230;ring i perifer eller sentral vene." group_id="MDS_K4a" />
<question item_id="5466" mid="MDS_K4b" datatype="ORD" page_number="5" page_title="K4 En&#230;ringmetoder" question_text="Sonde-ern&#230;ring" optional="0" carry_forward="1" enumeration_uid="5466" help_text="Ern&#230;ring via enteral sonde, for eksempel nasogastrisk eller PEG." group_id="MDS_K4b" />
<question item_id="5462" mid="MDS_K4c" datatype="ORD" page_number="5" page_title="K4 En&#230;ringmetoder" header="Konsistenstilpasning" question_text="Trenger konsistens-tilpasset mat" optional="0" carry_forward="1" exclude_from_text="1" enumeration_uid="5462" help_text="Moset eller flytende mat, fortykket drikke." group_id="MDS_K4c" />
<question item_id="5644" mid="MDS_K4d" datatype="ORD" page_number="5" page_title="K4 En&#230;ringmetoder" question_text="Terapeutisk kost" optional="0" carry_forward="1" enumeration_uid="5644" help_text="Saltredusert, diabeteskost, lavkolesterol etc." group_id="MDS_K4d" />
<question item_id="5642" mid="KOST_KunstigErnaering" datatype="ORD" page_number="5" page_title="K4 En&#230;ringmetoder" question_text="Kunstig ern&#230;ring" optional="0" expression="2-ISPOS( ISNULL( MDS_K4a - 1 ) + ISNULL( MDS_K4b - 1 ) )" enumeration_uid="5642" group_id="KOST_KunstigErnaering" />
<question item_id="4513" mid="MDS_K5a" datatype="ORD" page_number="6" page_title="K5 Prosentandel inntak via kunstig ern&#230;ring" question_text="Andel av daglig kalorinntak via kunstig ern&#230;ring" optional="0" carry_forward="1" enumeration_uid="4513" group_id="MDS_K5a" />
<question item_id="4514" mid="MDS_K5b" datatype="ORD" page_number="6" page_title="K5 Prosentandel inntak via kunstig ern&#230;ring" question_text="Gjennomsnittlig v&#230;skeinntak intraven&#248;st eller via sondeern&#230;ring" optional="0" carry_forward="1" enumeration_uid="4514" group_id="MDS_K5b" />

<!-- Start: Form actions, generated XML -->

<question_action master_question_mid="KOST_KunstigErnaering" detail_question_mid="MDS_K5a" enum_item_value="1" activate="1" />
<question_action master_question_mid="KOST_KunstigErnaering" detail_question_mid="MDS_K5b" enum_item_value="1" activate="1" />
</form>
