<?xml version="1.0" encoding="ISO-8859-1"?>
<form form_id="297" form_uid="GBD_LABREK" title="Labrekvisisjon" calculate_invalid="False" rating_scale="False" status="Closed" repeatable="1" >
<instructions></instructions>

<!-- Start: Form enums, generated XML -->

<enumeration enumeration_uid="3955">
  <enum_item value="1" text="Ja" answer_id="20268" />
  <enum_item value="2" text="Nei" short_code="N" answer_id="20269" />
</enumeration>

<!-- Start: Form items, generated XML -->

<question item_id="3954" mid="LAB_ROOM" datatype="NAR" page_number="1" page_title="Labrekvisisjon" question_text="Rom" optional="0" multiline="0" help_text="Pasientens rom" group_id="LAB_ROOM" />
<question item_id="3955" mid="LAB_CALLBACK" datatype="ORD" page_number="1" page_title="Labrekvisisjon" question_text="Ring svar" optional="1" enumeration_uid="3955" group_id="LAB_CALLBACK" />
<question item_id="3956" mid="LAB_CALLBACK_NUMBER" datatype="NAR" page_number="2" question_text="Telefonnummer" optional="0" multiline="0" group_id="LAB_CALLBACK_NUMBER" />

<!-- Start: Form actions, generated XML -->

</form>
