<?xml version="1.0" encoding="ISO-8859-1"?>
<form form_id="418" form_uid="LCP3" title="Mors - sjekkliste (inkl. LCP del 3)" calculate_invalid="False" rating_scale="False" status="Closed" repeatable="0" >
<instructions></instructions>

<!-- Start: Form enums, generated XML -->

<enumeration enumeration_uid="5094">
  <enum_item value="1" text="Ja" answer_id="28151" />
  <enum_item value="2" text="Nei" short_code="N" answer_id="28152" />
</enumeration>

<enumeration enumeration_uid="5095">
  <enum_item value="1" text="Ja" answer_id="28153" />
  <enum_item value="2" text="Nei" short_code="N" answer_id="28154" />
</enumeration>

<enumeration enumeration_uid="5096">
  <enum_item value="1" text="Ja" answer_id="28155" />
  <enum_item value="2" text="Nei" short_code="N" answer_id="28156" />
</enumeration>

<enumeration enumeration_uid="5097">
  <enum_item value="1" text="Ja" answer_id="28157" />
  <enum_item value="2" text="Nei" short_code="N" answer_id="28158" />
</enumeration>

<enumeration enumeration_uid="5098">
  <enum_item value="1" text="Ja" answer_id="28159" />
  <enum_item value="2" text="Nei" short_code="N" answer_id="28160" />
</enumeration>

<enumeration enumeration_uid="5099">
  <enum_item value="1" text="Ja" answer_id="28161" />
  <enum_item value="2" text="Nei" short_code="N" answer_id="28162" />
</enumeration>

<enumeration enumeration_uid="5100">
  <enum_item value="1" text="Ja" answer_id="28173" />
  <enum_item value="2" text="Nei" short_code="N" answer_id="28174" />
</enumeration>

<enumeration enumeration_uid="5101">
  <enum_item value="1" text="Ja" answer_id="28175" />
  <enum_item value="2" text="Nei" short_code="N" answer_id="28176" />
</enumeration>

<enumeration enumeration_uid="5102">
  <enum_item value="1" text="Ja" answer_id="28177" />
  <enum_item value="2" text="Nei" short_code="N" answer_id="28178" />
</enumeration>

<enumeration enumeration_uid="5103">
  <enum_item value="1" text="Ja" answer_id="28183" />
  <enum_item value="2" text="Nei" short_code="N" answer_id="28184" />
</enumeration>

<enumeration enumeration_uid="5104">
  <enum_item value="1" text="Ja" answer_id="28189" />
  <enum_item value="2" text="Nei" short_code="N" answer_id="28190" />
</enumeration>

<enumeration enumeration_uid="5105">
  <enum_item value="1" text="Ja" answer_id="28193" />
  <enum_item value="2" text="Nei" short_code="N" answer_id="28194" />
</enumeration>

<enumeration enumeration_uid="5106">
  <enum_item value="1" text="Ja" answer_id="28195" />
  <enum_item value="2" text="Nei" short_code="N" answer_id="28196" />
</enumeration>

<enumeration enumeration_uid="5107">
  <enum_item value="1" text="Ja" answer_id="28197" />
  <enum_item value="2" text="Nei" short_code="N" answer_id="28198" />
</enumeration>

<enumeration enumeration_uid="5185">
  <enum_item value="1" text="Ja" answer_id="28542" />
  <enum_item value="2" text="Nei" short_code="N" answer_id="28543" />
</enumeration>

<enumeration enumeration_uid="5800">
  <enum_item value="1" text="Ja" answer_id="30874" />
  <enum_item value="2" text="Nei" short_code="N" answer_id="30875" />
</enumeration>

<!-- Start: Form items, generated XML -->

<question item_id="5800" mid="OBSERVED_DEATH" datatype="ORD" page_number="1" page_title="Hvem var tilstede" question_text="Var det noen tilstede idet pasienten d&#248;de" optional="1" enumeration_uid="5800" group_id="OBSERVED_DEATH" />
<question item_id="5094" mid="DIED_ALONE" datatype="ORD" page_number="1" page_title="Hvem var tilstede" question_text="Ingen" optional="1" visible="0" expression="2-ISNULL(OBSERVED_DEATH-2)" enumeration_uid="5094" group_id="DIED_ALONE" />
<question item_id="5096" mid="VAR5096" datatype="ORD" page_number="2" question_text="P&#229;r&#248;rende" optional="1" enumeration_uid="5096" />
<question item_id="5095" mid="VAR5095" datatype="ORD" page_number="2" question_text="Pleiepersonale" optional="1" enumeration_uid="5095" />
<question item_id="5097" mid="VAR5097" datatype="ORD" page_number="2" question_text="Fastvakt" optional="1" enumeration_uid="5097" />
<question item_id="5098" mid="VAR5098" datatype="ORD" page_number="2" question_text="Lege" optional="1" enumeration_uid="5098" />
<question item_id="5099" mid="VAR5099" datatype="ORD" page_number="2" question_text="Prest" optional="1" enumeration_uid="5099" />
<question item_id="5185" mid="LCP_USED" datatype="ORD" page_number="3" page_title="LCP" header="LCP benyttet" question_text="Var Liverpool Care Pathway tiltaksplan benyttet?" optional="1" enumeration_uid="5185" group_id="LCP_USED" />
<question item_id="5102" mid="VAR5102" datatype="ORD" page_number="4" page_title="Delm&#229;l" question_text="Fastlegen er informert om d&#248;dsfallet" optional="1" enumeration_uid="5102" help_text="(dersom ikke fast beboer)" />
<question item_id="5100" mid="VAR5100" datatype="ORD" page_number="4" page_title="Delm&#229;l" question_text="Hjemmesykepleien er informert om d&#248;dsfallet" optional="1" enumeration_uid="5100" help_text="(dersom ikke fast beboer)" />
<question item_id="5101" mid="VAR5101" datatype="ORD" page_number="4" page_title="Delm&#229;l" question_text="Avdelingens pleieprosedyrer ved mors og ved stell av d&#248;de er fulgt" optional="1" enumeration_uid="5101" help_text="Spesielle kulturelle behov er ivaretatt." />
<question item_id="5103" mid="VAR5103" datatype="ORD" page_number="4" page_title="Delm&#229;l" question_text="Avdelingens prosedyrer ellers ved d&#248;dsfall er fulgt (lege)" optional="1" enumeration_uid="5103" help_text="Syning, d&#248;dsattest, ev. fjerning av pacemaker pga kremasjon, epikrise skrevet..." />
<question item_id="5104" mid="VAR5104" datatype="ORD" page_number="4" page_title="Delm&#229;l" question_text="P&#229;r&#248;rende er gitt informasjon om avdelingens prosedyrer" optional="1" enumeration_uid="5104" />
<question item_id="5105" mid="VAR5105" datatype="ORD" page_number="4" page_title="Delm&#229;l" question_text="Avdelingens prosedyrer vedr&#248;rende den avd&#248;des verdisaker og eiendeler er fulgt." optional="1" enumeration_uid="5105" />
<question item_id="5106" mid="VAR5106" datatype="ORD" page_number="4" page_title="Delm&#229;l" question_text="P&#229;r&#248;rende er ivaretatt" optional="1" enumeration_uid="5106" help_text="Skriftlig informasjon for etterlatte er gitt til p&#229;r&#248;rende (&quot;N&#229;r en av v&#229;re n&#230;rmeste d&#248;r&quot;). Ev. oppf&#248;lgings-samtale." />
<question item_id="5107" mid="VAR5107" datatype="ORD" page_number="4" page_title="Delm&#229;l" question_text="Personalet er ivaretatt." optional="1" enumeration_uid="5107" />
<question item_id="5108" mid="VAR5108" datatype="NAR" page_number="5" page_title="Ev. tiltak" question_text="Tiltak for &#229; oppn&#229; m&#229;let" optional="1" multiline="1" />

<!-- Start: Form actions, generated XML -->

<question_action master_question_mid="OBSERVED_DEATH" detail_question_mid="VAR5096" enum_item_value="1" activate="1" />
<question_action master_question_mid="OBSERVED_DEATH" detail_question_mid="VAR5095" enum_item_value="1" activate="1" />
<question_action master_question_mid="OBSERVED_DEATH" detail_question_mid="VAR5097" enum_item_value="1" activate="1" />
<question_action master_question_mid="OBSERVED_DEATH" detail_question_mid="VAR5098" enum_item_value="1" activate="1" />
<question_action master_question_mid="OBSERVED_DEATH" detail_question_mid="VAR5099" enum_item_value="1" activate="1" />
</form>
