<?xml version="1.0" encoding="ISO-8859-1"?>
<form form_id="754" form_uid="MOBID2" title="MOBID-2 Smerteskala" calculate_invalid="False" rating_scale="False" status="Open" repeatable="1" >
<instructions></instructions>

<!-- Start: Form enums, generated XML -->


<!-- Start: Form items, generated XML -->

<question item_id="9128" mid="VAR9128" datatype="QN" page_number="1" page_title="Smerteatferd" page_introduction="V&#230;r oppmerksom p&#229; pasientens smerteatferd relatert til muskulatur, ledd og skjelett under morgenstell. Observer pasienten f&#248;r du starter mobilisering. Forklar forst&#229;elig det du vil gj&#248;re. Led pasienten, og gjennomf&#248;r bevegelsene (1&#8211;5) med forsiktighet. Stopp bevegelsen om du observerer smerteatferd. Fyll ut skjemaet umiddelbart etter hver bevegelse." question_text="Led til &#229; &#229;pne begge hender" optional="0" min_value="0" max_value="10" />
<question item_id="9129" mid="VAR9129" datatype="QN" page_number="1" page_title="Smerteatferd" page_introduction="V&#230;r oppmerksom p&#229; pasientens smerteatferd relatert til muskulatur, ledd og skjelett under morgenstell. Observer pasienten f&#248;r du starter mobilisering. Forklar forst&#229;elig det du vil gj&#248;re. Led pasienten, og gjennomf&#248;r bevegelsene (1&#8211;5) med forsiktighet. Stopp bevegelsen om du observerer smerteatferd. Fyll ut skjemaet umiddelbart etter hver bevegelse." question_text="Led til &#229; strekke armene mot hodet" optional="0" min_value="0" max_value="10" />
<question item_id="9130" mid="VAR9130" datatype="QN" page_number="1" page_title="Smerteatferd" page_introduction="V&#230;r oppmerksom p&#229; pasientens smerteatferd relatert til muskulatur, ledd og skjelett under morgenstell. Observer pasienten f&#248;r du starter mobilisering. Forklar forst&#229;elig det du vil gj&#248;re. Led pasienten, og gjennomf&#248;r bevegelsene (1&#8211;5) med forsiktighet. Stopp bevegelsen om du observerer smerteatferd. Fyll ut skjemaet umiddelbart etter hver bevegelse." question_text="Led til &#229; b&#248;ye og strekke ankler, kn&#230;r og hofteledd" optional="0" min_value="0" max_value="10" />
<question item_id="9131" mid="VAR9131" datatype="QN" page_number="1" page_title="Smerteatferd" page_introduction="V&#230;r oppmerksom p&#229; pasientens smerteatferd relatert til muskulatur, ledd og skjelett under morgenstell. Observer pasienten f&#248;r du starter mobilisering. Forklar forst&#229;elig det du vil gj&#248;re. Led pasienten, og gjennomf&#248;r bevegelsene (1&#8211;5) med forsiktighet. Stopp bevegelsen om du observerer smerteatferd. Fyll ut skjemaet umiddelbart etter hver bevegelse." question_text="Led til &#229; snu seg i sengen til begge sider" optional="0" min_value="0" max_value="10" />
<question item_id="9132" mid="VAR9132" datatype="QN" page_number="1" page_title="Smerteatferd" page_introduction="V&#230;r oppmerksom p&#229; pasientens smerteatferd relatert til muskulatur, ledd og skjelett under morgenstell. Observer pasienten f&#248;r du starter mobilisering. Forklar forst&#229;elig det du vil gj&#248;re. Led pasienten, og gjennomf&#248;r bevegelsene (1&#8211;5) med forsiktighet. Stopp bevegelsen om du observerer smerteatferd. Fyll ut skjemaet umiddelbart etter hver bevegelse." question_text="Led til &#229; sette seg opp p&#229; sengekanten" optional="0" min_value="0" max_value="10" />
<question item_id="9133" mid="VAR9133" datatype="QN" page_number="2" page_title="Smerteatferd" page_introduction="V&#230;r oppmerksom p&#229; pasientens smerteatferd, som kan v&#230;re relatert til indre organer, hode og hud. Smerte kan oppst&#229; p&#229; grunn av en sykdom, s&#229;r, infeksjon eller ulykker. Inkluder alle dine observasjoner fra i dag og de siste dagene (siste uken)." question_text="Hode, munn og hals" optional="0" min_value="0" max_value="10" />
<question item_id="9134" mid="VAR9134" datatype="QN" page_number="2" page_title="Smerteatferd" page_introduction="V&#230;r oppmerksom p&#229; pasientens smerteatferd, som kan v&#230;re relatert til indre organer, hode og hud. Smerte kan oppst&#229; p&#229; grunn av en sykdom, s&#229;r, infeksjon eller ulykker. Inkluder alle dine observasjoner fra i dag og de siste dagene (siste uken)." question_text="Bryst, lunge, hjerte" optional="0" min_value="0" max_value="10" />
<question item_id="9135" mid="VAR9135" datatype="QN" page_number="2" page_title="Smerteatferd" page_introduction="V&#230;r oppmerksom p&#229; pasientens smerteatferd, som kan v&#230;re relatert til indre organer, hode og hud. Smerte kan oppst&#229; p&#229; grunn av en sykdom, s&#229;r, infeksjon eller ulykker. Inkluder alle dine observasjoner fra i dag og de siste dagene (siste uken)." question_text="Mage - &#248;vre del" optional="0" min_value="0" max_value="10" />
<question item_id="9136" mid="VAR9136" datatype="QN" page_number="2" page_title="Smerteatferd" page_introduction="V&#230;r oppmerksom p&#229; pasientens smerteatferd, som kan v&#230;re relatert til indre organer, hode og hud. Smerte kan oppst&#229; p&#229; grunn av en sykdom, s&#229;r, infeksjon eller ulykker. Inkluder alle dine observasjoner fra i dag og de siste dagene (siste uken)." question_text="Bekken, mage - nedre del" optional="0" min_value="0" max_value="10" />
<question item_id="9137" mid="VAR9137" datatype="QN" page_number="2" page_title="Smerteatferd" page_introduction="V&#230;r oppmerksom p&#229; pasientens smerteatferd, som kan v&#230;re relatert til indre organer, hode og hud. Smerte kan oppst&#229; p&#229; grunn av en sykdom, s&#229;r, infeksjon eller ulykker. Inkluder alle dine observasjoner fra i dag og de siste dagene (siste uken)." question_text="Hud, infeksjon, s&#229;r" optional="0" min_value="0" max_value="10" />
<question item_id="9435" mid="VAR9435" datatype="QN" page_number="3" page_title="Helhetsvurdering" page_introduction="Basert p&#229; alle observasjoner, gi en helhetlig vurdering av pasientens smerteintensitet" question_text="Helhetsvurdering" optional="0" min_value="0" max_value="10" />
<question item_id="9431" mid="VAR9431" datatype="MSG" page_number="3" page_title="Helhetsvurdering" page_introduction="Basert p&#229; alle observasjoner, gi en helhetlig vurdering av pasientens smerteintensitet" header="Bruk papirskjema" question_text="Utfylling av dette skjemaet krevet at man bruker papirversjonen som veiledning.  Klikk p&#229; knappen &quot;Papirskjema&quot; for &#229; skrive det ut." optional="1" />

<!-- Start: Form actions, generated XML -->

</form>
