<?xml version="1.0" encoding="ISO-8859-1"?>
<form form_id="603" form_uid="FORM603" title="Sykepleiesammenfatning" calculate_invalid="False" rating_scale="False" status="Open" repeatable="1" >
<instructions></instructions>

<!-- Start: Form enums, generated XML -->

<enumeration enumeration_uid="121">
  <enum_item value="1" text="Innlagt for utredning." answer_id="168" />
  <enum_item value="2" text="Korttidsopphold." answer_id="169" />
  <enum_item value="3" text="Rehabiliteringsopphold." answer_id="170" />
  <enum_item value="4" text="Rullering." answer_id="171" />
  <enum_item value="5" text="Fast beboer." answer_id="17614" />
</enumeration>

<enumeration enumeration_uid="187">
  <enum_item value="1" text="Regelmessig puls." short_code="R" answer_id="288" />
  <enum_item value="2" text="Uregelmessig puls som ved atrieflimmer." short_code="AF" answer_id="289" />
  <enum_item value="3" text="Uregelmessig puls som ved ekstrasystoli." short_code="ES" answer_id="290" />
</enumeration>

<enumeration enumeration_uid="720">
  <enum_item value="1" score="0" text="Ikke tungpustet." answer_id="1126" />
  <enum_item value="2" score="1" text="Noe tungpustet i perioder." answer_id="1127" />
  <enum_item value="3" score="2" text="Konstant noe kortpustet." answer_id="1128" />
  <enum_item value="4" score="3" text="Betydelig tungpustet i perioder." answer_id="1129" />
  <enum_item value="5" score="4" text="Betydelig tungpustet hele tiden." answer_id="15833" />
</enumeration>

<enumeration enumeration_uid="721">
  <enum_item value="1" score="0" text="Ingen hjertesvikt." answer_id="1130" />
  <enum_item value="2" score="1" text="Lett hjertesvikt." answer_id="1131" />
  <enum_item value="3" score="2" text="Moderat hjertesvikt." answer_id="1132" />
  <enum_item value="4" score="3" text="Betydelig hjertesvikt." answer_id="17567" />
</enumeration>

<enumeration enumeration_uid="725">
  <enum_item value="1" score="0" text="Kontinent for avf&#248;ring." answer_id="1145" />
  <enum_item value="2" score="1" text="Inkontinent for avf&#248;ring." answer_id="1146" />
  <enum_item value="3" score="2" text="Periodevis inkontinent for avf&#248;ring." answer_id="1147" />
  <enum_item value="4" score="3" text="Har stomi/pose p&#229; magen." answer_id="17600" />
</enumeration>

<enumeration enumeration_uid="726">
  <enum_item value="1" score="0" text="Kontinent for urin." answer_id="1148" />
  <enum_item value="2" score="1" text="Er inkontinent for urin (bruker bleie)." answer_id="1149" />
  <enum_item value="3" score="2" text="Periodevis inkontinent for urin." answer_id="1150" />
  <enum_item value="4" score="3" text="Bruker uridom." answer_id="1151" />
  <enum_item value="5" score="4" text="Har inneliggende kateter." answer_id="17596" />
</enumeration>

<enumeration enumeration_uid="732">
  <enum_item value="1" score="0" text="uten hjelp." answer_id="1179" />
  <enum_item value="2" score="1" text="med noe hjelp." answer_id="1180" />
  <enum_item value="3" score="2" text="med mye hjelp." answer_id="1181" />
  <enum_item value="4" score="3" text="Kan ikke spise selv (m&#229; mates)." answer_id="15959" />
</enumeration>

<enumeration enumeration_uid="734">
  <enum_item value="1" score="0" text="uten hjelp/st&#248;tte." answer_id="1191" />
  <enum_item value="2" score="1" text="med noe hjelp (stokk, krykker el.l.)." answer_id="1192" />
  <enum_item value="3" score="2" text="med mye hjelp (levende st&#248;tte el. rullator)." answer_id="1193" />
  <enum_item value="4" score="3" text="Forflytter seg selv i rullestol." answer_id="1194" />
  <enum_item value="5" score="4" text="Sitter i en stol om dagen, kan ikke bruke rullestol." answer_id="1195" />
  <enum_item value="6" score="5" text="Bundet til sengen." answer_id="15955" />
</enumeration>

<enumeration enumeration_uid="736">
  <enum_item value="1" score="0" text="normal." answer_id="1205" />
  <enum_item value="2" score="1" text="redusert." answer_id="1206" />
  <enum_item value="3" score="2" text="sterkt redusert." answer_id="1207" />
  <enum_item value="4" score="3" text="Har afasi." answer_id="17399" />
</enumeration>

<enumeration enumeration_uid="1012">
  <enum_item value="1" text="Ja" answer_id="58736" />
  <enum_item value="2" text="Nei" answer_id="58737" />
</enumeration>

<enumeration enumeration_uid="1376">
  <enum_item value="1" score="0" text="selv." answer_id="3120" />
  <enum_item value="2" score="1" text="med noe hjelp." answer_id="3121" />
  <enum_item value="3" score="2" text="med mye hjelp." answer_id="3122" />
  <enum_item value="4" score="3" text="Klarer ikke gj&#248;re noe selv under p&#229;kledning." answer_id="15930" />
</enumeration>

<enumeration enumeration_uid="1378">
  <enum_item value="1" score="0" text="ingen hjelp." answer_id="3126" />
  <enum_item value="2" score="1" text="noe hjelp." answer_id="3127" />
  <enum_item value="3" score="2" text="mye hjelp" answer_id="3128" />
  <enum_item value="4" score="3" text="M&#229; bruke bekken." answer_id="15946" />
</enumeration>

<enumeration enumeration_uid="3984">
  <enum_item value="1" text="Ugift." answer_id="20710" />
  <enum_item value="2" text="Gift." answer_id="20711" />
  <enum_item value="3" text="Enke(mann)" answer_id="20712" />
  <enum_item value="4" text="Separert." answer_id="20713" />
  <enum_item value="5" text="Skilt." answer_id="20714" />
  <enum_item value="6" text="Registrert partnerskap." answer_id="20715" />
  <enum_item value="7" text="ukjent." answer_id="20716" />
</enumeration>

<enumeration enumeration_uid="4002">
  <enum_item value="1" text="Ja | Ingen andre voksne i huset vanligvis." short_code="J" answer_id="20851" />
  <enum_item value="2" text="Nei" short_code="N" answer_id="20852" />
  <enum_item value="3" text="Ukjent" short_code="U" answer_id="20853" />
</enumeration>

<enumeration enumeration_uid="4343">
  <enum_item value="1" text="Ja" answer_id="23290" />
  <enum_item value="2" text="Nei" short_code="N" answer_id="23291" />
</enumeration>

<enumeration enumeration_uid="4344">
  <enum_item value="1" text="Ja | Heis." short_code="J" answer_id="23292" />
  <enum_item value="2" text="Nei*" short_code="N" answer_id="23293" />
</enumeration>

<enumeration enumeration_uid="4348">
  <enum_item value="1" text="Ja | Bruker h&#248;reapparat." short_code="J" answer_id="23306" />
  <enum_item value="2" text="Nei*" short_code="N" answer_id="23307" />
</enumeration>

<enumeration enumeration_uid="4349">
  <enum_item value="1" text="Ja | Bruker briller." short_code="J" answer_id="23310" />
  <enum_item value="2" text="Nei*" short_code="N" answer_id="23311" />
</enumeration>

<enumeration enumeration_uid="4350">
  <enum_item value="1" text="Ja | St&#248;ttestr&#248;mper." short_code="J" answer_id="23314" />
  <enum_item value="2" text="Nei*" short_code="N" answer_id="23315" />
</enumeration>

<enumeration enumeration_uid="4351">
  <enum_item value="1" text="Ja | Sengeb&#248;yle." short_code="J" answer_id="23318" />
  <enum_item value="2" text="Nei*" short_code="N" answer_id="23319" />
</enumeration>

<enumeration enumeration_uid="4352">
  <enum_item value="1" text="Nei*" answer_id="23322" />
  <enum_item value="2" text="Nasogastrisk sonde." answer_id="23323" />
  <enum_item value="3" text="PEG-sonde." answer_id="23324" />
  <enum_item value="4" text="Parenteral ern&#230;ring" answer_id="23332" />
</enumeration>

<enumeration enumeration_uid="4358">
  <enum_item value="1" text="uten hjelp." answer_id="23369" />
  <enum_item value="2" text="med noe hjelp." answer_id="23370" />
  <enum_item value="3" text="med mye hjelp." answer_id="23375" />
  <enum_item value="4" text="Bidrar ikke i stell oventil." answer_id="23376" />
</enumeration>

<enumeration enumeration_uid="4359">
  <enum_item value="1" text="uten hjelp." answer_id="23371" />
  <enum_item value="2" text="med noe hjelp." answer_id="23372" />
  <enum_item value="3" text="med mye hjelp." answer_id="23379" />
  <enum_item value="4" text="Bidrar ikke i stell nedentil." answer_id="23380" />
</enumeration>

<enumeration enumeration_uid="4362">
  <enum_item value="1" text="uten hjelp." answer_id="23401" />
  <enum_item value="2" text="med noe hjelp." answer_id="23402" />
  <enum_item value="3" text="med mye hjelp." answer_id="23403" />
  <enum_item value="4" text="Bidrar ikke i munnstell." answer_id="23404" />
</enumeration>

<enumeration enumeration_uid="4363">
  <enum_item value="1" text="Ja | Hviler middag." short_code="J" answer_id="23417" />
  <enum_item value="2" text="Nei | Hviler ikke middag." short_code="N" answer_id="23418" />
</enumeration>

<enumeration enumeration_uid="4364">
  <enum_item value="1" text="Ja | Bruker sovemedisin." short_code="J" answer_id="23419" />
  <enum_item value="2" text="Nei*" short_code="N" answer_id="23420" />
</enumeration>

<enumeration enumeration_uid="4365">
  <enum_item value="1" text="Ja | Sengehest." short_code="J" answer_id="23423" />
  <enum_item value="2" text="Nei*" short_code="N" answer_id="23424" />
</enumeration>

<enumeration enumeration_uid="4367">
  <enum_item value="1" text="Ja | Sover urolig." short_code="J" answer_id="23427" />
  <enum_item value="2" text="Nei*" short_code="N" answer_id="23428" />
</enumeration>

<enumeration enumeration_uid="4371">
  <enum_item value="1" text="Ja" answer_id="23443" />
  <enum_item value="2" text="Nei" short_code="N" answer_id="23444" />
</enumeration>

<enumeration enumeration_uid="4510">
  <enum_item value="1" text="Intermitterende kateterisering" answer_id="23952" />
  <enum_item value="2" text="Fast inneliggende kateter" answer_id="23953" />
  <enum_item value="3" text="Suprapubisk kateter" answer_id="23956" />
</enumeration>

<enumeration enumeration_uid="4998">
  <enum_item value="1" score="1" text="H&#248;rer godt/har ingen problemer" answer_id="27695" />
  <enum_item value="2" score="2" text="Har noe redusert h&#248;rsel (ikke til vesentlig hinder i samtale)" answer_id="27696" />
  <enum_item value="3" score="3" text="Har d&#229;rlig h&#248;rsel (vanskelig &#229; f&#248;re samtale)" answer_id="27697" />
  <enum_item value="4" score="4" text="Har sv&#230;rt d&#229;rlig h&#248;rsel (store problemer selv ved bruk av h&#248;reapparat/h&#248;rat)" answer_id="27698" />
  <enum_item value="5" score="5" text="D&#248;v" answer_id="27699" />
  <enum_item value="6" score="9" text="Ikke relevant" answer_id="27700" />
</enumeration>

<enumeration enumeration_uid="5010">
  <enum_item value="1" score="1" text="Utgj&#248;r ingen problem/utfordring" answer_id="27827" />
  <enum_item value="2" score="2" text="Ikke behov for bistand/assistanse" answer_id="27828" />
  <enum_item value="3" score="3" text="Middels behov for bistand/assistanse" answer_id="27829" />
  <enum_item value="4" score="4" text="Store behov for bistand/assistanse" answer_id="27830" />
  <enum_item value="5" score="5" text="Fullt bistand-/assistansebehov" answer_id="27831" />
  <enum_item value="6" score="9" text="Ikke relevant" answer_id="27832" />
</enumeration>

<enumeration enumeration_uid="5014">
  <enum_item value="1" score="1" text="Ser godt/har ingen problemer" answer_id="27869" />
  <enum_item value="2" score="2" text="Har noe redusert syn (ser godt med hjelpemidler)" answer_id="27870" />
  <enum_item value="3" score="3" text="Har d&#229;rlig syn (kan ikke lese avis)" answer_id="27871" />
  <enum_item value="4" score="4" text="Har sv&#230;rt d&#229;rlig syn (kan ikke synorientere seg i nye omgivelser)" answer_id="27872" />
  <enum_item value="5" score="5" text="Blind" answer_id="27873" />
  <enum_item value="6" score="9" text="Ikke relevant" answer_id="27874" />
</enumeration>

<enumeration enumeration_uid="5466">
  <enum_item value="1" text="Ja | Sonde-ern&#230;ring." short_code="J" answer_id="29559" />
  <enum_item value="2" text="Nei*" short_code="N" answer_id="29560" />
</enumeration>

<enumeration enumeration_uid="5468">
  <enum_item value="1" text="Ja | Parenteral ern&#230;ring." short_code="J" answer_id="29563" />
  <enum_item value="2" text="Nei*" short_code="N" answer_id="29564" />
</enumeration>

<enumeration enumeration_uid="5505">
  <enum_item value="1" text="Ja" answer_id="29705" />
  <enum_item value="2" text="Nei" short_code="N" answer_id="29706" />
</enumeration>

<enumeration enumeration_uid="5621">
  <enum_item value="1" text="Operasjon" answer_id="30051" />
  <enum_item value="2" text="Nedsatt allmenntilstand/funksjonstap" answer_id="30052" />
  <enum_item value="3" text="Lindrende behandling" answer_id="30053" />
  <enum_item value="4" text="Infeksjon" answer_id="30054" />
  <enum_item value="5" text="Hjerneslag" answer_id="30055" />
  <enum_item value="6" text="Bruddskade, uten operasjon" answer_id="30056" />
  <enum_item value="7" text="Avlastning for p&#229;r&#248;rende" answer_id="30057" />
  <enum_item value="8" text="Annet" answer_id="30058" />
  <enum_item value="9" text="Utredning" answer_id="58375" />
</enumeration>

<enumeration enumeration_uid="9257">
  <enum_item value="0" text="Lav risiko" answer_id="51107" />
  <enum_item value="1" text="Moderat risiko" answer_id="51108" />
  <enum_item value="2" text="H&#248;y risiko" answer_id="51109" />
  <enum_item value="3" text="H&#248;y risiko" answer_id="51110" />
  <enum_item value="4" text="H&#248;y risiko" answer_id="51111" />
  <enum_item value="5" text="H&#248;y risiko" answer_id="51112" />
</enumeration>

<enumeration enumeration_uid="10430">
  <enum_item value="1" text="Ja" answer_id="58385" />
  <enum_item value="2" text="Nei" answer_id="58386" />
</enumeration>

<!-- Start: Form items, generated XML -->

<question item_id="121" mid="OPPHOLDSTYPE" datatype="ORD" page_number="1" page_title="Vedtak" question_text="Oppholdstype" optional="0" carry_forward="1" enumeration_uid="121" help_text="Husk &#229; oppdatere &quot;Statusfeltet&quot; &#248;verst p&#229; skjermen!" group_id="OPPHOLDSTYPE" />
<question item_id="4085" mid="GBD_INNDATO" datatype="DATE" page_number="1" page_title="Vedtak" header="Ankom" question_text="N&#229;r kom pasienten kom inn p&#229; sykehjemmet?" optional="0" carry_forward="1" help_text="Gjelder aktuelt opphold." group_id="GBD_INNDATO" />
<question item_id="4086" mid="GBD_UTDATO" datatype="DATE" page_number="1" page_title="Vedtak" question_text="Forlot sykehjemmet" optional="0" carry_forward="1" help_text="Dato da pasienten forlot sykehjemmet" group_id="GBD_UTDATO" />
<question item_id="5559" mid="VAR5559" datatype="NAR" page_number="2" header="M&#229;l/bestilling" question_text="Hva er hovedform&#229;let med sykehjemsoppholdet?" optional="0" carry_forward="1" multiline="1" help_text="Jamf&#248;r med vedtak fra forvaltningen.
" />
<question item_id="5621" mid="VAR5621" datatype="ORD" page_number="2" question_text="Bakgrunn for oppholdet" optional="0" carry_forward="1" enumeration_uid="5621" help_text="Eventuell hendelse eller forhold i l&#248;pet av de siste 3. m&#229;neder som bakgrunn for oppholdet" />
<question item_id="5622" mid="VAR5622" datatype="NAR" page_number="3" question_text="Beskrivelse av annen &#229;rsak" optional="0" carry_forward="1" multiline="1" />
<question item_id="4002" mid="DP_ALENEBOER" datatype="ORD" page_number="4" page_title="Sosiale forhold" header="Aleneboende" question_text="Bor pasienten alene?" optional="0" carry_forward="1" enumeration_uid="4002" help_text="Definisjon: Vanligvis ikke andre personer over 10 &#229;r i huset, ingen som er i stand til &#229; kontakte hjelp i en akuttsituasjon, eks. alvorlig f&#248;ling/hypoglykemi, l&#229;rshalsbrudd, slag etc." group_id="DP_ALENEBOER" />
<question item_id="3984" mid="SIVILSTAND_8415" datatype="ORD" page_number="4" page_title="Sosiale forhold" question_text="Sivilstand" optional="0" carry_forward="1" enumeration_uid="3984" help_text="Juridisk sivilstand iht. KITH kodeverk 8415.  Samboende er ugift (evt. skilt,enke el.l.)" group_id="SIVILSTAND_8415" />
<question item_id="6340" mid="EPIKRISE_FAM_SOS" datatype="NAR" page_number="4" page_title="Sosiale forhold" question_text="Familie/sosialt" optional="0" carry_forward="1" multiline="1" group_id="EPIKRISE_FAM_SOS" />
<question item_id="1052" mid="VAR1052" datatype="NAR" page_number="4" page_title="Sosiale forhold" question_text="Psykososialt/emosjonelt" optional="1" carry_forward="1" multiline="1" />
<question item_id="1053" mid="VAR1053" datatype="NAR" page_number="4" page_title="Sosiale forhold" question_text="Seksualitet" optional="1" carry_forward="1" multiline="1" help_text="Tilrettelegging, spesielle utfordringer etc." />
<question item_id="1012" mid="LS1_LIVSSYN_KJENT" datatype="ORD" page_number="5" page_title="Livssyn" question_text="Pasientens trosretning eller livssyn er kjent" optional="0" carry_forward="1" exclude_from_text="1" enumeration_uid="1012" group_id="LS1_LIVSSYN_KJENT" />
<question item_id="1044" mid="LS1_LIVSSYN" datatype="NAR" page_number="6" page_introduction="This page was autogenerated" question_text="Pasientens trosretning eller livssyn:" optional="0" carry_forward="1" exclude_caption="1" multiline="0" group_id="LS1_LIVSSYN" />
<question item_id="5505" mid="GbdLivssynHensyn" datatype="ORD" page_number="6" page_introduction="This page was autogenerated" header="Livssyn" question_text="Har beboeren et livssyn/religion som avdelingen trenger &#229; ta spesielt hensyn til?" optional="0" carry_forward="1" exclude_from_text="1" enumeration_uid="5505" help_text="F.eks. knyttet til kosthold, prestetilbud, h&#248;ytider, blodoverf&#248;ring, m.m." group_id="GbdLivssynHensyn" />
<question item_id="5506" mid="GbdLivvsynHensynTekst" datatype="NAR" page_number="7" header="Hvordan" question_text="P&#229; hvilken m&#229;te det &#248;nskes &#229; bli tatt hensyn til?" optional="0" carry_forward="1" multiline="1" group_id="GbdLivvsynHensynTekst" />
<question item_id="6338" mid="EPIKRISE_FUNN" datatype="NAR" page_number="8" page_title="Om oppholdet" page_introduction="Fra &quot;Den gode epikrise&quot;, KITH rapport nr. 32/02." header="Kartlegging" question_text="Hva er kartlagt under oppholdet?" optional="0" multiline="1" group_id="EPIKRISE_FUNN" />
<question item_id="6341" mid="EPIKRISE_FORLOP" datatype="NAR" page_number="8" page_title="Om oppholdet" page_introduction="Fra &quot;Den gode epikrise&quot;, KITH rapport nr. 32/02." question_text="Forl&#248;p og behandling" optional="0" multiline="1" group_id="EPIKRISE_FORLOP" />
<question item_id="6344" mid="EPIKRISE_HJELPETILTAK" datatype="NAR" page_number="9" page_title="Status ved utskrivelsen" page_introduction="Fra &quot;Den gode epikrise&quot;, KITH rapport nr. 32/02." question_text="Funksjonsniv&#229;/hjelpetiltak ved utskrivelsen" optional="0" multiline="1" group_id="EPIKRISE_HJELPETILTAK" />
<question item_id="3224" mid="WEIGHT" datatype="QN" page_number="10" page_title="Ern&#230;ring" page_introduction="H&#248;yde og vekt registreres ikke her, siste registrerte verdi hentes inn fra GBD-skjema &quot;Kurvenotat&quot; eller andre." question_text="Vekt (kg)" optional="0" carry_forward="1" read_only="1" min_value="10" max_value="400" units="kg" decimals="1" help_text="Uten sko og yttert&#248;y." group_id="WEIGHT" />
<question item_id="3225" mid="HEIGHT" datatype="QN" page_number="10" page_title="Ern&#230;ring" page_introduction="H&#248;yde og vekt registreres ikke her, siste registrerte verdi hentes inn fra GBD-skjema &quot;Kurvenotat&quot; eller andre." question_text="H&#248;yde (cm)" optional="0" carry_forward="1" read_only="1" min_value="50" max_value="220" units="cm" help_text="Uten sko." group_id="HEIGHT" />
<question item_id="3310" mid="BMI" datatype="QN" page_number="10" page_title="Ern&#230;ring" page_introduction="H&#248;yde og vekt registreres ikke her, siste registrerte verdi hentes inn fra GBD-skjema &quot;Kurvenotat&quot; eller andre." question_text="BMI (kg/m2)" optional="0" min_value="5" max_value="150" units="kg/m2" decimals="1" expression="WEIGHT/((HEIGHT/100)*(HEIGHT/100)) * ISPOS(WEIGHT)*ISPOS(HEIGHT)" help_text="Beregnes automatisk" group_id="BMI" />
<question item_id="10430" mid="VAR10430" datatype="ORD" page_number="10" page_title="Ern&#230;ring" page_introduction="H&#248;yde og vekt registreres ikke her, siste registrerte verdi hentes inn fra GBD-skjema &quot;Kurvenotat&quot; eller andre." header="Ern&#230;ringstiltak" question_text="Er det iverksatt ern&#230;ringstiltak under oppholdet" optional="1" enumeration_uid="10430" />
<question item_id="10431" mid="VAR10431" datatype="NAR" page_number="12" question_text="Hvilke ern&#230;ringstiltak er iverksatt?" optional="0" multiline="1" />
<question item_id="5010" mid="VAR5010" datatype="ORD" page_number="13" page_title="Kommunikasjon" page_introduction="Fra IPLOS og skjemaet &quot;Hult&#233;n pleietyngde&quot;" question_text="Kommunikasjon" optional="0" carry_forward="1" enumeration_uid="5010" help_text="Behov for tolk, hjelpemidler og lignende (Fra IPLOS)." />
<question item_id="10432" mid="VAR10432" datatype="NAR" page_number="14" question_text="Beskriv kommunikasjonsproblemene" optional="0" carry_forward="1" multiline="1" />
<question item_id="4998" mid="VAR4998" datatype="ORD" page_number="16" question_text="H&#248;rsel" optional="0" carry_forward="1" enumeration_uid="4998" />
<question item_id="5014" mid="VAR5014" datatype="ORD" page_number="16" question_text="Syn" optional="0" carry_forward="1" enumeration_uid="5014" />
<question item_id="736" mid="HULTEN_TALEEVNE" datatype="ORD" page_number="16" header="Taleevne" question_text="Taleevnen er..." optional="0" carry_forward="1" enumeration_uid="736" help_text="Redusert: Kan stort sett gj&#248;re seg forst&#229;tt, men har d&#229;rlig artikulasjon og er upresis.  Ingen afasi." group_id="HULTEN_TALEEVNE" />
<question item_id="1376" mid="HULTEN_PAAKLEDNING" datatype="ORD" page_number="17" page_title="Morgen- og kveldsstell" page_introduction="Fra GBD-skjemaet &quot;Stellebeskrivelse&quot;." header="P&#229;kledning" question_text="Kler p&#229; seg..." optional="0" carry_forward="1" enumeration_uid="1376" help_text="Noe hjelp: Trenger hjelp med enkelte plagg, eller trenger gjentatte p&#229;minnelser." group_id="HULTEN_PAAKLEDNING" />
<question item_id="4358" mid="STELL_OVENTIL" datatype="ORD" page_number="17" page_title="Morgen- og kveldsstell" page_introduction="Fra GBD-skjemaet &quot;Stellebeskrivelse&quot;." question_text="Steller seg oventil" optional="0" carry_forward="1" enumeration_uid="4358" group_id="STELL_OVENTIL" />
<question item_id="4359" mid="STELL_NEDENTIL" datatype="ORD" page_number="17" page_title="Morgen- og kveldsstell" page_introduction="Fra GBD-skjemaet &quot;Stellebeskrivelse&quot;." question_text="Steller seg nedentil" optional="0" carry_forward="1" enumeration_uid="4359" group_id="STELL_NEDENTIL" />
<question item_id="4362" mid="STELL_MUNN" datatype="ORD" page_number="17" page_title="Morgen- og kveldsstell" page_introduction="Fra GBD-skjemaet &quot;Stellebeskrivelse&quot;." question_text="Munnstell" optional="0" carry_forward="1" enumeration_uid="4362" help_text="Tannpuss, protese el.l.  Noe hjelp: Trenger &#229; bli passet p&#229; eller minnet om munnstell." group_id="STELL_MUNN" />
<question item_id="4360" mid="STELL_MORGEN" datatype="NAR" page_number="17" page_title="Morgen- og kveldsstell" page_introduction="Fra GBD-skjemaet &quot;Stellebeskrivelse&quot;." question_text="Kommentar morgenstell" optional="0" carry_forward="1" multiline="1" group_id="STELL_MORGEN" />
<question item_id="4361" mid="STELL_KVELD" datatype="NAR" page_number="17" page_title="Morgen- og kveldsstell" page_introduction="Fra GBD-skjemaet &quot;Stellebeskrivelse&quot;." question_text="Kommentar kveldsstell" optional="0" carry_forward="1" multiline="1" group_id="STELL_KVELD" />
<question item_id="720" mid="HULTEN_LUNGE" datatype="ORD" page_number="18" page_title="Respirasjon/sirkulasjon" page_introduction="Fra &quot;Hult&#233;n pleietyngde&quot;, &quot;Kurvenotat&quot; og andre." question_text="Tungpustet" optional="0" carry_forward="1" enumeration_uid="720" group_id="HULTEN_LUNGE" />
<question item_id="721" mid="HULTEN_HJERTE" datatype="ORD" page_number="18" page_title="Respirasjon/sirkulasjon" page_introduction="Fra &quot;Hult&#233;n pleietyngde&quot;, &quot;Kurvenotat&quot; og andre." question_text="Hjertets funksjon" optional="0" carry_forward="1" enumeration_uid="721" help_text="Lett hjertesvikt: Ankel&#248;dem om kvelden, tungpustet i trapper, eller andre symptomer som begrenser dagliglivets aktiviteter.
Beydelig hjertesvikt: Sviktsymptomer som hindrer normal aktivitet til tross for behandling.  Personer som ikke kan g&#229; trapper p&#229; grunn av annen hjertesykdom skal ogs&#229; v&#230;re i denne gruppen." group_id="HULTEN_HJERTE" />
<question item_id="3230" mid="SYSBP" datatype="QN" page_number="18" page_title="Respirasjon/sirkulasjon" page_introduction="Fra &quot;Hult&#233;n pleietyngde&quot;, &quot;Kurvenotat&quot; og andre." question_text="Systolisk blodtrykk (mmHg)" optional="0" carry_forward="1" read_only="1" min_value="50" max_value="250" units="mmHg" help_text="Standard BT-m&#229;ling, dvs. gj.snittet av de to siste av tre m&#229;linger med 1 min. mellom." group_id="SYSBP" />
<question item_id="3231" mid="DIABP" datatype="QN" page_number="18" page_title="Respirasjon/sirkulasjon" page_introduction="Fra &quot;Hult&#233;n pleietyngde&quot;, &quot;Kurvenotat&quot; og andre." question_text="Diastolisk blodtrykk (mmHg)" optional="0" carry_forward="1" read_only="1" min_value="30" max_value="150" units="mmHg" help_text="Standard BT-m&#229;ling, dvs. gj.snittet av de to siste av tre m&#229;linger med 1 min. mellom." group_id="DIABP" />
<question item_id="187" mid="PULSE_QUALITY" datatype="ORD" page_number="18" page_title="Respirasjon/sirkulasjon" page_introduction="Fra &quot;Hult&#233;n pleietyngde&quot;, &quot;Kurvenotat&quot; og andre." question_text="Pulskvalitet" optional="0" carry_forward="1" read_only="1" enumeration_uid="187" group_id="PULSE_QUALITY" />
<question item_id="186" mid="PULSE_RATE" datatype="QN" page_number="18" page_title="Respirasjon/sirkulasjon" page_introduction="Fra &quot;Hult&#233;n pleietyngde&quot;, &quot;Kurvenotat&quot; og andre." question_text="Puls (slag/min)" optional="0" carry_forward="1" read_only="1" min_value="30" max_value="200" units="slag/min" group_id="PULSE_RATE" />
<question item_id="4363" mid="MIDDAGSHVIL" datatype="ORD" page_number="19" page_title="S&#248;vn/hvile" page_introduction="Fra GBD-skjemaet &quot;Stellebeskrivelse&quot;" question_text="Hviler middag" optional="0" carry_forward="1" enumeration_uid="4363" group_id="MIDDAGSHVIL" />
<question item_id="4364" mid="SOVEMEDISIN" datatype="ORD" page_number="19" page_title="S&#248;vn/hvile" page_introduction="Fra GBD-skjemaet &quot;Stellebeskrivelse&quot;" question_text="Bruker sovemedisin" optional="0" carry_forward="1" enumeration_uid="4364" group_id="SOVEMEDISIN" />
<question item_id="4365" mid="SENGEHEST" datatype="ORD" page_number="19" page_title="S&#248;vn/hvile" page_introduction="Fra GBD-skjemaet &quot;Stellebeskrivelse&quot;" question_text="Sengehest" optional="0" carry_forward="1" enumeration_uid="4365" group_id="SENGEHEST" />
<question item_id="4367" mid="SOVER_UROLIG" datatype="ORD" page_number="19" page_title="S&#248;vn/hvile" page_introduction="Fra GBD-skjemaet &quot;Stellebeskrivelse&quot;" question_text="Urolig s&#248;vn" optional="0" carry_forward="1" enumeration_uid="4367" group_id="SOVER_UROLIG" />
<question item_id="4372" mid="SOVN_RUTINER" datatype="NAR" page_number="19" page_title="S&#248;vn/hvile" page_introduction="Fra GBD-skjemaet &quot;Stellebeskrivelse&quot;" question_text="Faste rutiner" optional="0" carry_forward="1" multiline="1" group_id="SOVN_RUTINER" />
<question item_id="1378" mid="HULTEN_TOALETT" datatype="ORD" page_number="20" page_title="Toalettvaner" page_introduction="Fra GBD-skjemaet &quot;Stellebeskrivelse&quot;." header="Toalettbes&#248;k" question_text="Toalettbes&#248;k krever..." optional="0" carry_forward="1" enumeration_uid="1378" help_text="Noe hjelp: Trenger &#229; bli passet p&#229; og oppmuntret til &#229; bes&#248;ke toalettet." group_id="HULTEN_TOALETT" />
<question item_id="725" mid="HULTEN_INKONTAVFOERING" datatype="ORD" page_number="20" page_title="Toalettvaner" page_introduction="Fra GBD-skjemaet &quot;Stellebeskrivelse&quot;." question_text="Inkontinent avf&#248;ring" optional="0" carry_forward="1" enumeration_uid="725" group_id="HULTEN_INKONTAVFOERING" />
<question item_id="726" mid="HULTEN_URININKONTINENS" datatype="ORD" page_number="20" page_title="Toalettvaner" page_introduction="Fra GBD-skjemaet &quot;Stellebeskrivelse&quot;." question_text="Urininkontinens" optional="0" carry_forward="1" enumeration_uid="726" group_id="HULTEN_URININKONTINENS" />
<question item_id="4371" mid="INKONTUTSTYR_AKTUELT" datatype="ORD" page_number="20" page_title="Toalettvaner" page_introduction="Fra GBD-skjemaet &quot;Stellebeskrivelse&quot;." question_text="Inkontinensutstyr aktuelt" optional="0" expression="2-ISPOS(ISNULL(HULTEN_INKONTAVFOERING-2) + ISNULL(HULTEN_INKONTAVFOERING-3) + ISNULL(HULTEN_URININKONTINENS-2) + ISNULL(HULTEN_URININKONTINENS-3))" enumeration_uid="4371" group_id="INKONTUTSTYR_AKTUELT" />
<question item_id="4370" mid="INKONTINENSUTSTYR" datatype="NAR" page_number="21" question_text="Inkontinensutstyr" optional="0" carry_forward="1" multiline="1" group_id="INKONTINENSUTSTYR" />
<question item_id="4510" mid="URINKATETER_TYPE" datatype="ORD" page_number="21" question_text="Type kateter" optional="0" carry_forward="1" enumeration_uid="4510" group_id="URINKATETER_TYPE" />
<question item_id="9648" mid="URINKATETER_INDIKASJON" datatype="NAR" page_number="21" header="Indikasjon" question_text="Beskriv kort hvorfor pasienten har urinkateter" optional="0" carry_forward="1" multiline="1" group_id="URINKATETER_INDIKASJON" />
<question item_id="4505" mid="URINKATETER_DATO" datatype="DATE" page_number="21" header="Sist skiftet" question_text="N&#229;r ble kateteret sist skiftet?" optional="0" carry_forward="1" group_id="URINKATETER_DATO" />
<question item_id="732" mid="HULTEN_FOEDEINNTAK" datatype="ORD" page_number="22" page_title="M&#229;ltid" page_introduction="Fra GBD-skjemaet &quot;Stellebeskrivelse&quot;." header="Spiser selv" question_text="Spiser..." optional="0" carry_forward="1" enumeration_uid="732" help_text="Noe hjelp: Trenger hjelp til &#229; dele opp maten, men kan bruke kniv og gaffel, og kan spise og drikke uten ytterligere hjelp." group_id="HULTEN_FOEDEINNTAK" />
<question item_id="4352" mid="STELL_SONDE" datatype="ORD" page_number="22" page_title="M&#229;ltid" page_introduction="Fra GBD-skjemaet &quot;Stellebeskrivelse&quot;." question_text="Sonde eller parenteral ern&#230;ring?" optional="0" carry_forward="1" enumeration_uid="4352" group_id="STELL_SONDE" />
<question item_id="5466" mid="MDS_K4b" datatype="ORD" page_number="22" page_title="M&#229;ltid" page_introduction="Fra GBD-skjemaet &quot;Stellebeskrivelse&quot;." question_text="Sonde-ern&#230;ring" optional="0" visible="-1" carry_forward="1" enumeration_uid="5466" help_text="Ern&#230;ring via enteral sonde, for eksempel nasogastrisk eller PEG." group_id="MDS_K4b" />
<question item_id="5468" mid="MDS_K4a" datatype="ORD" page_number="22" page_title="M&#229;ltid" page_introduction="Fra GBD-skjemaet &quot;Stellebeskrivelse&quot;." question_text="Intraven&#248;s ern&#230;ring" optional="0" visible="-1" carry_forward="1" enumeration_uid="5468" help_text="Parenteral ern&#230;ring i perifer eller sentral vene." group_id="MDS_K4a" />
<question item_id="4348" mid="STELL_HOREAPP" datatype="ORD" page_number="23" page_title="Hjelpemidler" page_introduction="Fra GBD-skjemaet &quot;Stellebeskrivelse&quot;." question_text="H&#248;reapparat" optional="0" carry_forward="1" enumeration_uid="4348" group_id="STELL_HOREAPP" />
<question item_id="4349" mid="STELL_BRILLER" datatype="ORD" page_number="23" page_title="Hjelpemidler" page_introduction="Fra GBD-skjemaet &quot;Stellebeskrivelse&quot;." question_text="Briller" optional="0" carry_forward="1" enumeration_uid="4349" group_id="STELL_BRILLER" />
<question item_id="734" mid="HULTEN_GANGE" datatype="ORD" page_number="23" page_title="Hjelpemidler" page_introduction="Fra GBD-skjemaet &quot;Stellebeskrivelse&quot;." header="Gangfunksjon" question_text="G&#229;r..." optional="0" carry_forward="1" enumeration_uid="734" group_id="HULTEN_GANGE" />
<question item_id="4343" mid="STELL_HJELPEMIDLER" datatype="ORD" page_number="23" page_title="Hjelpemidler" page_introduction="Fra GBD-skjemaet &quot;Stellebeskrivelse&quot;." header="Andre hjelpemidler" question_text="Bruker pasienten noen flere hjelpemidler?" optional="0" carry_forward="1" enumeration_uid="4343" help_text="Heis, rullestol, rullator, st&#248;ttestr&#248;mper, s&#248;sterhjelp/sengeb&#248;yle" group_id="STELL_HJELPEMIDLER" />
<question item_id="4344" mid="STELL_HEIS" datatype="ORD" page_number="24" question_text="Heis" optional="0" carry_forward="1" enumeration_uid="4344" group_id="STELL_HEIS" />
<question item_id="4350" mid="STELL_STOTTE" datatype="ORD" page_number="24" question_text="St&#248;ttestr&#248;mper" optional="0" carry_forward="1" enumeration_uid="4350" group_id="STELL_STOTTE" />
<question item_id="4351" mid="STELL_SENGEBOYLE" datatype="ORD" page_number="24" question_text="&quot;S&#248;sterhjelp&quot;/sengeb&#248;yle" optional="0" carry_forward="1" enumeration_uid="4351" group_id="STELL_SENGEBOYLE" />
<question item_id="9257" mid="STRATIFY_SUM" datatype="ORD" page_number="25" page_title="Fallrisiko" page_introduction="Fra skjemaet &quot;Stratify - Fallrisikovurdering&quot; hvis det er utfylt.  Kan ikke redigeres her." question_text="Stratify score og risikoklasse" optional="0" carry_forward="1" read_only="1" enumeration_uid="9257" group_id="STRATIFY_SUM" />
<question item_id="6335" mid="EPIKRISE_VURDERING" datatype="NAR" page_number="26" page_title="Vurdering og plan" page_introduction="Fra &quot;Den gode epikrise&quot;, KITH rapport nr. 32/02." question_text="Vurdering" optional="0" multiline="1" group_id="EPIKRISE_VURDERING" />
<question item_id="4321" mid="EPIKRISE_PLAN" datatype="NAR" page_number="26" page_title="Vurdering og plan" page_introduction="Fra &quot;Den gode epikrise&quot;, KITH rapport nr. 32/02." question_text="Plan for videre oppf&#248;lging" optional="0" multiline="1" group_id="EPIKRISE_PLAN" />
<question item_id="6337" mid="EPIKRISE_MEDISIN" datatype="NAR" page_number="26" page_title="Vurdering og plan" page_introduction="Fra &quot;Den gode epikrise&quot;, KITH rapport nr. 32/02." header="Legemidler" question_text="Eventuelle kommentarer til den farmakologiske behandlingen." optional="1" carry_forward="1" multiline="1" help_text="Legemiddelkortet skal ikke gjengis her!" group_id="EPIKRISE_MEDISIN" />
<question item_id="6336" mid="EPIKRISE_INFO" datatype="NAR" page_number="26" page_title="Vurdering og plan" page_introduction="Fra &quot;Den gode epikrise&quot;, KITH rapport nr. 32/02." question_text="Informasjon til pasient/p&#229;r&#248;rende" optional="0" multiline="1" group_id="EPIKRISE_INFO" />

<!-- Start: Form actions, generated XML -->

<question_action master_question_mid="VAR5621" detail_question_mid="VAR5622" enum_item_value="8" activate="1" />
<question_action master_question_mid="LS1_LIVSSYN_KJENT" detail_question_mid="LS1_LIVSSYN" enum_item_value="1" activate="1" />
<question_action master_question_mid="LS1_LIVSSYN_KJENT" detail_question_mid="GbdLivssynHensyn" enum_item_value="1" activate="1" />
<question_action master_question_mid="GbdLivssynHensyn" detail_question_mid="GbdLivvsynHensynTekst" enum_item_value="1" activate="1" />
<question_action master_question_mid="VAR5621" detail_question_mid="EPIKRISE_HJELPETILTAK" enum_item_value="8" activate="1" />
<question_action master_question_mid="VAR10430" detail_question_mid="VAR10431" enum_item_value="1" activate="1" />
<question_action master_question_mid="VAR5010" detail_question_mid="VAR10432" enum_item_value="3" activate="1" />
<question_action master_question_mid="VAR5010" detail_question_mid="VAR10432" enum_item_value="4" activate="1" />
<question_action master_question_mid="VAR5010" detail_question_mid="VAR10432" enum_item_value="5" activate="1" />
<question_action master_question_mid="INKONTUTSTYR_AKTUELT" detail_question_mid="INKONTINENSUTSTYR" enum_item_value="1" activate="1" />
<question_action master_question_mid="INKONTUTSTYR_AKTUELT" detail_question_mid="URINKATETER_TYPE" enum_item_value="1" activate="1" />
<question_action master_question_mid="INKONTUTSTYR_AKTUELT" detail_question_mid="URINKATETER_INDIKASJON" enum_item_value="1" activate="1" />
<question_action master_question_mid="INKONTUTSTYR_AKTUELT" detail_question_mid="URINKATETER_DATO" enum_item_value="1" activate="1" />
<question_action master_question_mid="STELL_HJELPEMIDLER" detail_question_mid="STELL_HEIS" enum_item_value="1" activate="1" />
<question_action master_question_mid="STELL_HJELPEMIDLER" detail_question_mid="STELL_STOTTE" enum_item_value="1" activate="1" />
<question_action master_question_mid="STELL_HJELPEMIDLER" detail_question_mid="STELL_SENGEBOYLE" enum_item_value="1" activate="1" />
</form>
