<?xml version="1.0" encoding="ISO-8859-1"?>
<form form_id="504" form_uid="GBD_INN_LANGTID" title="Innkomstsamtale (langtid)" calculate_invalid="False" rating_scale="False" status="Open" repeatable="1" >
<instructions></instructions>

<!-- Start: Form enums, generated XML -->

<enumeration enumeration_uid="121">
  <enum_item value="1" text="Innlagt for utredning." answer_id="168" />
  <enum_item value="2" text="Korttidsopphold." answer_id="169" />
  <enum_item value="3" text="Rehabiliteringsopphold." answer_id="170" />
  <enum_item value="4" text="Rullering." answer_id="171" />
  <enum_item value="5" text="Fast beboer." answer_id="17614" />
</enumeration>

<enumeration enumeration_uid="1012">
  <enum_item value="1" text="Ja" answer_id="58736" />
  <enum_item value="2" text="Nei" answer_id="58737" />
</enumeration>

<enumeration enumeration_uid="1056">
  <enum_item value="1" text="Ja | Forventninger til samarbeid er avklart." answer_id="58883" />
  <enum_item value="2" text="Nei" answer_id="58884" />
</enumeration>

<enumeration enumeration_uid="1058">
  <enum_item value="1" text="Ja | Folkeregisteret varslet om flytting." answer_id="58887" />
  <enum_item value="2" text="Nei" answer_id="58888" />
</enumeration>

<enumeration enumeration_uid="1062">
  <enum_item value="1" text="Ja" answer_id="58895" />
  <enum_item value="2" text="Nei" answer_id="58896" />
</enumeration>

<enumeration enumeration_uid="1080">
  <enum_item value="1" text="Ja | Stratify er utfylt." answer_id="58925" />
  <enum_item value="2" text="Nei" answer_id="58926" />
</enumeration>

<enumeration enumeration_uid="5452">
  <enum_item value="1" text="Ja | Pasienten bidrar med opplysinger." answer_id="29514" />
  <enum_item value="2" text="Nei | Pasienten kan ikke bidra med opplysninger." short_code="N" answer_id="29515" />
</enumeration>

<enumeration enumeration_uid="5455">
  <enum_item value="1" text="hjemmet." answer_id="29524" />
  <enum_item value="2" text="somatisk sykehus." answer_id="29525" />
  <enum_item value="3" text="psykiatrisk sykehus." answer_id="29526" />
  <enum_item value="4" text="sykehjem / aldershjem." answer_id="29527" />
  <enum_item value="5" text="Annet*" answer_id="29528" />
</enumeration>

<enumeration enumeration_uid="5505">
  <enum_item value="1" text="Ja" answer_id="29705" />
  <enum_item value="2" text="Nei" short_code="N" answer_id="29706" />
</enumeration>

<enumeration enumeration_uid="6100">
  <enum_item value="1" text="Ja | Informasjon om institusjonen er gitt." answer_id="32211" />
  <enum_item value="2" text="Nei" answer_id="32212" />
</enumeration>

<enumeration enumeration_uid="6103">
  <enum_item value="1" text="Ja" answer_id="32215" />
  <enum_item value="2" text="Nei" answer_id="32216" />
</enumeration>

<enumeration enumeration_uid="6104">
  <enum_item value="1" text="Ja | Stellebeskrivelse utfylt." answer_id="32217" />
  <enum_item value="2" text="Nei" answer_id="32218" />
</enumeration>

<enumeration enumeration_uid="6105">
  <enum_item value="1" text="Ja | Aktivitetsplan er utfylt." answer_id="32219" />
  <enum_item value="2" text="Nei" answer_id="32220" />
</enumeration>

<enumeration enumeration_uid="6106">
  <enum_item value="1" text="Ja | Sosial anamnese er utfylt." answer_id="32221" />
  <enum_item value="2" text="Nei" answer_id="32222" />
</enumeration>

<enumeration enumeration_uid="6107">
  <enum_item value="1" text="Ja | Ern&#230;ringsplan er utfylt." answer_id="32223" />
  <enum_item value="2" text="Nei" answer_id="32224" />
</enumeration>

<enumeration enumeration_uid="6110">
  <enum_item value="1" text="Ja | Informert om mulig flytting." answer_id="32227" />
  <enum_item value="2" text="Nei" answer_id="32228" />
</enumeration>

<enumeration enumeration_uid="6114">
  <enum_item value="1" text="Ja | Avklaringer om innkj&#248;p er gjort." answer_id="32235" />
  <enum_item value="2" text="Nei" answer_id="32236" />
</enumeration>

<enumeration enumeration_uid="6115">
  <enum_item value="1" text="Ja | Avklaringer om post er gjort." answer_id="32237" />
  <enum_item value="2" text="Nei" answer_id="32238" />
</enumeration>

<enumeration enumeration_uid="6122">
  <enum_item value="1" text="Ja | Informert om &#229;rlig oppf&#248;lgingssamtale." answer_id="32249" />
  <enum_item value="2" text="Nei" answer_id="32250" />
</enumeration>

<enumeration enumeration_uid="6123">
  <enum_item value="1" text="Ja" answer_id="32251" />
  <enum_item value="2" text="Nei | Ingen ytterligere sp&#248;rsm&#229;l." answer_id="32252" />
</enumeration>

<!-- Start: Form items, generated XML -->

<question item_id="121" mid="OPPHOLDSTYPE" datatype="ORD" page_number="1" page_title="Administrativt" question_text="Oppholdstype" optional="0" visible="-1" expression="5" enumeration_uid="121" help_text="Husk &#229; oppdatere &quot;Statusfeltet&quot; &#248;verst p&#229; skjermen!" group_id="OPPHOLDSTYPE" />
<question item_id="4085" mid="GBD_INNDATO" datatype="DATE" page_number="1" page_title="Administrativt" header="Ankom" question_text="N&#229;r kom pasienten kom inn p&#229; sykehjemmet?" optional="0" carry_forward="1" help_text="Gjelder aktuelt opphold." group_id="GBD_INNDATO" />
<question item_id="5455" mid="VAR5455" datatype="ORD" page_number="1" page_title="Administrativt" header="Kommer fra" question_text="Hvor kommer pasienten fra?" optional="0" enumeration_uid="5455" />
<question item_id="5457" mid="VAR5457" datatype="NAR" page_number="2" header="Institusjon" question_text="Navn p&#229; ev. institusjon som pasienten innlegges fra" optional="0" multiline="0" />
<question item_id="5451" mid="VAR5451" datatype="NAR" page_number="3" page_title="Kontekst" header="Tilstede" question_text="Hvem var tilstede under samtalen?" optional="0" multiline="1" />
<question item_id="5452" mid="VAR5452" datatype="ORD" page_number="3" page_title="Kontekst" header="Bidrag fra pasient" question_text="Er beboer i stand til &#229; bidra med opplysninger ved innkomstsamtalen?" optional="0" enumeration_uid="5452" />
<question item_id="6100" mid="GbdInfoOrg" datatype="ORD" page_number="4" page_title="Generell informasjon" header="Organisering" question_text="Er det informert om organisering av institusjonen?" optional="0" enumeration_uid="6100" help_text="&#8226; Informer om institusjonen 
&#8226; Organisering og ansvarsfordeling 
&#8226; Prim&#230;r - og sekund&#230;rkontaktordning" group_id="GbdInfoOrg" />
<question item_id="8420" mid="GbdPrimaerKontakt" datatype="NAR" page_number="4" page_title="Generell informasjon" question_text="Prim&#230;rkontakt" optional="0" carry_forward="1" multiline="0" group_id="GbdPrimaerKontakt" />
<question item_id="1055" mid="GbdSekundaerKontakt" datatype="NAR" page_number="4" page_title="Generell informasjon" question_text="Sekund&#230;rkontakt" optional="1" carry_forward="1" multiline="0" group_id="GbdSekundaerKontakt" />
<question item_id="6102" mid="VAR6102" datatype="NAR" page_number="4" page_title="Generell informasjon" header="Kommentar" question_text="Kommentarer til den generelle informasjonen som er gitt?" optional="1" exclude_caption="1" multiline="1" />
<question item_id="6103" mid="VAR6103" datatype="ORD" page_number="5" page_title="Gjennomgang status beboer" header="Forel&#248;big statusrapport" question_text="Har du spurt om hvordan beboeren har funnet seg til rette i institusjonen?" optional="0" exclude_from_text="1" enumeration_uid="6103" />
<question item_id="6104" mid="VAR6104" datatype="ORD" page_number="5" page_title="Gjennomgang status beboer" header="Stellebeskrivelse" question_text="Er skjemaet Stellebeskrivelse utfylt?" optional="0" enumeration_uid="6104" help_text="&#8226; M&#229;l &#229; gi tilpasset hjelp i forhold til den enkeltes ressurser og behov 
&#8226; Gjennomgang av utarbeidet stellebeskrivelse 
&#8226; Suppler med informasjon som innhentes i l&#248;pet av samtalen med beboer/ p&#229;r&#248;rende" />
<question item_id="6105" mid="VAR6105" datatype="ORD" page_number="5" page_title="Gjennomgang status beboer" header="Aktivitetsplan" question_text="Er skjemaet Aktivitetsplan utfylt?" optional="0" enumeration_uid="6105" help_text="&#8226; M&#229;l &#229; tilpasse aktiviteter til den enkeltes interesser 
&#8226; Gjennomgang av utarbeidet aktivitetsplan 
&#8226; Suppler med informasjon som innhentes i l&#248;pet av samtalen med beboer/ p&#229;r&#248;rende" />
<question item_id="6106" mid="VAR6106" datatype="ORD" page_number="5" page_title="Gjennomgang status beboer" header="Sosial anamnese" question_text="Er skjemaet Sosial anamnese utfylt?" optional="0" enumeration_uid="6106" help_text="&#8226; Gjennomgang av utfylt skjema    
&#8226; Informer om hensikt" />
<question item_id="6107" mid="VAR6107" datatype="ORD" page_number="5" page_title="Gjennomgang status beboer" header="Ern&#230;ringsplan" question_text="Er skjemaet Ern&#230;ringsplan utfylt?" optional="0" enumeration_uid="6107" help_text="&#8226; Gjennomgang av ern&#230;ringsstatus ved innkomst  
&#8226; Ern&#230;ringsplan/matkort og m&#229;ltider - suppler med informasjon som innhentes i l&#248;pet av samtalen med beboer/ p&#229;r&#248;rende" />
<question item_id="1080" mid="VAR1080" datatype="ORD" page_number="5" page_title="Gjennomgang status beboer" header="Fallrisiko" question_text="Er skjemaet Fallrisiko - Stratify utfylt?" optional="0" enumeration_uid="1080" />
<question item_id="1056" mid="VAR1056" datatype="ORD" page_number="5" page_title="Gjennomgang status beboer" header="Samarbeid med p&#229;r&#248;rende" question_text="Er forventinger til kommunikasjon/informasjon/samarbeid avklart?" optional="0" enumeration_uid="1056" help_text="Avklar forventninger begge veier." />
<question item_id="1062" mid="VAR1062" datatype="ORD" page_number="5" page_title="Gjennomgang status beboer" header="Beslutningskjema" question_text="Er skjemaet Beslutninger fylt ut av legen?" optional="0" exclude_from_text="1" enumeration_uid="1062" help_text="Skjemaet skal fylles ut av lege innen to uker etter innkomst." />
<question item_id="1059" mid="VAR1059" datatype="NAR" page_number="5" page_title="Gjennomgang status beboer" header="Medisinske forhold" question_text="&#216;nsker/avklaringer rundt medisinske forhold" optional="1" multiline="1" />
<question item_id="6109" mid="VAR6109" datatype="NAR" page_number="5" page_title="Gjennomgang status beboer" header="Kommentar" question_text="Eventuelle andre kommentarer til statusgjennomgang?" optional="1" multiline="1" />
<question item_id="6110" mid="VAR6110" datatype="ORD" page_number="6" page_title="Praktisk informasjon" header="Flytting" question_text="Informert om mulig flytting til annen avdeling/institusjon?" optional="0" enumeration_uid="6110" help_text="&#8226; Dersom beboer bor p&#229; korttidsavdeling, informere om flytting til langtidsavdeling 
&#8226; Evt. mulighet for flytting til annen institusjon 
&#8226; Informere om at intern flytting kan bli aktuelt p&#229; senere tidspunkt dersom beboers tilstand endrer seg, eller av andre s&#230;rlige grunner" />
<question item_id="6114" mid="VAR6114" datatype="ORD" page_number="6" page_title="Praktisk informasjon" header="Innkj&#248;p" question_text="Er det avklart hvem som kj&#248;per hva (kl&#230;r, toalettsaker, etc.), og hva som holdes av institusjonen?" optional="0" enumeration_uid="6114" />
<question item_id="1057" mid="VAR1057" datatype="NAR" page_number="7" header="Avtaler" question_text="Hvilke avtaler er gjort om innkj&#248;p?" optional="0" exclude_caption="1" multiline="1" help_text="Hvem handler hva?  Familiemedlemmer, verge, etc." />
<question item_id="6115" mid="VAR6115" datatype="ORD" page_number="8" header="Post" question_text="Er det avklart hvor post skal sendes?" optional="0" enumeration_uid="6115" help_text="&#8226; Avklare hvem som skal ha post 
&#8226; Sjekke om p&#229;r&#248;rende sender melding om adresseendring til aktuelle postavsendere" />
<question item_id="1058" mid="VAR1058" datatype="ORD" page_number="8" header="Folkeregisteret" question_text="Er folkeregisteret varslet om flytting?" optional="0" enumeration_uid="1058" help_text="Sjekke at flyttemelding til folkeregisteret er fylt ut og sendt.  Hvis pasienten ikke er i stand til &#229; gj&#248;re dette selv m&#229; legen involveres." />
<question item_id="6117" mid="VAR6117" datatype="NAR" page_number="8" header="Kommentar" question_text="Eventuelle kommentarer til praktisk informasjon?" optional="1" multiline="1" />
<question item_id="6122" mid="VAR6122" datatype="ORD" page_number="9" page_title="Informasjon om tilbud og tjenester" header="Oppf&#248;lgingssamtale" question_text="Er det informert om &#229;rlig oppf&#248;lgingssamtale?" optional="0" enumeration_uid="6122" />
<question item_id="6123" mid="VAR6123" datatype="ORD" page_number="9" page_title="Informasjon om tilbud og tjenester" header="Sp&#248;rsm&#229;l fra beboer/p&#229;r&#248;rende" question_text="Har pasient eller p&#229;r&#248;rende noen ytterligere sp&#248;rsm&#229;l?" optional="0" enumeration_uid="6123" help_text="Inviter ogs&#229; til &#229; ta kontakt n&#229;r de har sp&#248;rsm&#229;l eller behov for avklaringer senere." />
<question item_id="6124" mid="VAR6124" datatype="NAR" page_number="10" header="Kommentar" question_text="Hvilke sp&#248;rsm&#229;l trenger ytterligere avklaring?" optional="0" exclude_caption="1" multiline="1" />
<question item_id="1012" mid="LS1_LIVSSYN_KJENT" datatype="ORD" page_number="11" page_title="Livssyn" question_text="Pasientens trosretning eller livssyn er kjent" optional="0" carry_forward="1" exclude_from_text="1" enumeration_uid="1012" group_id="LS1_LIVSSYN_KJENT" />
<question item_id="1044" mid="LS1_LIVSSYN" datatype="NAR" page_number="12" question_text="Pasientens trosretning eller livssyn:" optional="0" carry_forward="1" exclude_caption="1" multiline="0" group_id="LS1_LIVSSYN" />
<question item_id="5505" mid="GbdLivssynHensyn" datatype="ORD" page_number="12" header="Livssyn" question_text="Har beboeren et livssyn/religion som avdelingen trenger &#229; ta spesielt hensyn til?" optional="0" carry_forward="1" exclude_from_text="1" enumeration_uid="5505" help_text="F.eks. knyttet til kosthold, prestetilbud, h&#248;ytider, blodoverf&#248;ring, m.m." group_id="GbdLivssynHensyn" />
<question item_id="5506" mid="GbdLivvsynHensynTekst" datatype="NAR" page_number="13" header="Hvordan" question_text="P&#229; hvilken m&#229;te det &#248;nskes &#229; bli tatt hensyn til?" optional="0" carry_forward="1" multiline="1" group_id="GbdLivvsynHensynTekst" />

<!-- Start: Form actions, generated XML -->

<question_action master_question_mid="VAR5455" detail_question_mid="VAR5457" enum_item_value="1" activate="6" />
<question_action master_question_mid="VAR6114" detail_question_mid="VAR1057" enum_item_value="1" activate="1" />
<question_action master_question_mid="VAR6123" detail_question_mid="VAR6124" enum_item_value="1" activate="1" />
<question_action master_question_mid="LS1_LIVSSYN_KJENT" detail_question_mid="LS1_LIVSSYN" enum_item_value="1" activate="1" />
<question_action master_question_mid="LS1_LIVSSYN_KJENT" detail_question_mid="GbdLivssynHensyn" enum_item_value="1" activate="1" />
<question_action master_question_mid="GbdLivssynHensyn" detail_question_mid="GbdLivvsynHensynTekst" enum_item_value="1" activate="1" />
</form>
