<?xml version="1.0" encoding="ISO-8859-1"?>
<form form_id="164" form_uid="MADRS" title="MADRS" calculate_invalid="False" rating_scale="True" status="Open" repeatable="1" >
<instructions></instructions>

<!-- Start: Form enums, generated XML -->

<enumeration enumeration_uid="881">
  <enum_item value="0" text="Ingen tristhet" answer_id="1986" />
  <enum_item value="1" text="mellom 0 og 2" answer_id="1987" />
  <enum_item value="2" text="Ser trist og hum&#248;rl&#248;s ut, men kan tidvis lysne opp" answer_id="1988" />
  <enum_item value="3" text="mellom 2 og 4" answer_id="1989" />
  <enum_item value="4" text="Virker trist og ulykkelig hele tiden (4)" answer_id="1990" />
  <enum_item value="5" text="mellom 4 og 6" answer_id="1991" />
  <enum_item value="6" text="Ekstrem og vedvarende tristhet og fortvilelse (6)" answer_id="1992" />
</enumeration>

<enumeration enumeration_uid="882">
  <enum_item value="0" text="Stort sett indifferent stemningsleie. Leilighetsvis tristhet n&#229;r omstendighetene tilsier det." answer_id="2000" />
  <enum_item value="1" text="mellom 0 og 2." answer_id="2001" />
  <enum_item value="2" text="Overveiende f&#248;lelse nedstemthet, men lysere &#248;yeblikk forekommer." answer_id="2002" />
  <enum_item value="3" text="mellom 2 og 4." answer_id="2003" />
  <enum_item value="4" text="Gjennomtrengende f&#248;lelse av tristhet og dysterhet. Sinnstemningen influeres knapt at ytre omstendigheter." answer_id="2004" />
  <enum_item value="5" text="mellom 4 og 6." answer_id="2005" />
  <enum_item value="6" text="Konstant opplevelse av sterk tristhet og fortvilelse." answer_id="2006" />
</enumeration>

<enumeration enumeration_uid="883">
  <enum_item value="0" text="Rolig, bare antydning til indre spenning" answer_id="2007" />
  <enum_item value="1" text="mellom 0 og 2" answer_id="2008" />
  <enum_item value="2" text="Leilighetsvis f&#248;lelse av ubehagelig psykisk spenning og vag uro" answer_id="2009" />
  <enum_item value="3" text="mellom 2 og 4" answer_id="2010" />
  <enum_item value="4" text="Vedvarende f&#248;lelse av indre spenning eller panikkepisoder som pasienten bare kan mestre med vanskelighet." answer_id="2011" />
  <enum_item value="5" text="mellom 4 og 6" answer_id="2012" />
  <enum_item value="6" text="Vedvarende frykt og angst. Overveldende panikkf&#248;lelse. (6)" answer_id="2013" />
</enumeration>

<enumeration enumeration_uid="884">
  <enum_item value="0" text="Sover som vanlig." answer_id="2035" />
  <enum_item value="1" text="mellom 0 og 2." answer_id="2036" />
  <enum_item value="2" text="Moderate innsovningsvansker eller moderat, redusert, lett eller urolig s&#248;vn." answer_id="2037" />
  <enum_item value="3" text="mellom 2 og 4." answer_id="2038" />
  <enum_item value="4" text="S&#248;vnen redusert eller avbrutt med minst to timer sammenlignet med vanlig." answer_id="2039" />
  <enum_item value="5" text="mellom 4 og 6." answer_id="2040" />
  <enum_item value="6" text="Mindre enn to til tre timers s&#248;vn om natten." answer_id="2041" />
</enumeration>

<enumeration enumeration_uid="886">
  <enum_item value="0" text="Ingen konsentrasjonsvansker." answer_id="2049" />
  <enum_item value="1" text="mellom 0 og 2." answer_id="2050" />
  <enum_item value="2" text="Leilighetsvis vansker med &#229; samle tankene." answer_id="2051" />
  <enum_item value="3" text="mellom 2 og 4." answer_id="2052" />
  <enum_item value="4" text="Vansker med konsentrasjonen og vedvarende oppmerksomhet, som forstyrrer lesing eller konversasjon." answer_id="2053" />
  <enum_item value="5" text="mellom 4 og 6." answer_id="2054" />
  <enum_item value="6" text="Invalidiserende mangel p&#229; konsentrasjonsevne." answer_id="2055" />
</enumeration>

<enumeration enumeration_uid="887">
  <enum_item value="0" text="Ingen spesielle vansker med &#229; komme igang med ting, ingen treghet." answer_id="2063" />
  <enum_item value="1" text="mellom 0 og 2." answer_id="2064" />
  <enum_item value="2" text="Visse vansker med &#229; komme igang med aktiviteter." answer_id="2065" />
  <enum_item value="3" text="mellom 2 og 4." answer_id="2066" />
  <enum_item value="4" text="Vanskeligheter med &#229; komme igang med enkle rutineaktiviteter, som kan utf&#248;res bare med betydelig anstrengelse." answer_id="2067" />
  <enum_item value="5" text="mellom 4 og 6." answer_id="2068" />
  <enum_item value="6" text="Helt manglede evne til &#229; ta initiativ. Uten evne til &#229; igangsette aktiviterer uten hjelp." answer_id="2069" />
</enumeration>

<enumeration enumeration_uid="888">
  <enum_item value="0" text="Normal interesse for omgivelsene og andre mennesker." answer_id="2077" />
  <enum_item value="1" text="mellom 0 og 2." answer_id="2078" />
  <enum_item value="2" text="Redusert evne til &#229; glede seg over ting som vanligvis gleder. Redusert evne til &#229; f&#248;le sinne." answer_id="2079" />
  <enum_item value="3" text="mellom 2 og 4." answer_id="2080" />
  <enum_item value="4" text="Tap av interesse for omverdenen. Tap av f&#248;lelser for venner og bekjente." answer_id="2081" />
  <enum_item value="5" text="mellom 4 og 6." answer_id="2082" />
  <enum_item value="6" text="Opplevelsen av &#229; v&#230;re f&#248;lelsesmessig lammet, uten evne til &#229; f&#248;le sinne eller sorg, og til dels smertefull opplevelse av ikke &#229; kunne f&#248;le noe for n&#230;re slektninger eller venner." answer_id="2083" />
</enumeration>

<enumeration enumeration_uid="889">
  <enum_item value="0" text="Ingen depressive tanker." answer_id="2084" />
  <enum_item value="1" text="mellom 0 og 2." answer_id="2085" />
  <enum_item value="2" text="Fluktuerende tanker om ikke &#229; strekke til, selvbebreidelser og mindreverdighetsf&#248;lelse." answer_id="2086" />
  <enum_item value="3" text="mellom 2 og 4." answer_id="2087" />
  <enum_item value="4" text="Vedvarende selvbebreidelser eller klare, men fortsatt rasjonelle tanker om skyld og synd. Ser uttalt pessimistisk p&#229; fremtiden." answer_id="2088" />
  <enum_item value="5" text="mellom 4 og 6." answer_id="2089" />
  <enum_item value="6" text="Vrangforestillinger om &#248;konomisk ruin eller utilgivelige synder. Absurde selvanklager." answer_id="2090" />
</enumeration>

<enumeration enumeration_uid="890">
  <enum_item value="0" text="Ordin&#230;r livslyst, tar det som det kommer." answer_id="2091" />
  <enum_item value="1" text="mellom 0 og 2." answer_id="2092" />
  <enum_item value="2" text="Lei av livet, men bare flyktige suicidaltanker." answer_id="2093" />
  <enum_item value="3" text="mellom 2 og 4." answer_id="2094" />
  <enum_item value="4" text="Ville helst v&#230;re d&#248;d, suicidaltanker opptrer hyppig, og suicid ansees som en mulig l&#248;sning uten at det foreligger spesifikke planer eller intensjoner." answer_id="2095" />
  <enum_item value="5" text="mellom 4 og 6." answer_id="2096" />
  <enum_item value="6" text="Uttalte planer om suicid n&#229;r anledningen byr seg. Aktive forberedelser for suicid." answer_id="2097" />
</enumeration>

<enumeration enumeration_uid="3959">
  <enum_item value="0" text="Normal eller &#248;kt appetitt." answer_id="20296" />
  <enum_item value="1" text="mellom 0 og 2." answer_id="20297" />
  <enum_item value="2" text="Moderat redusert appetitt." answer_id="20298" />
  <enum_item value="3" text="mellom 2 og 4." answer_id="20299" />
  <enum_item value="4" text="Nesten ingen appetitt, maten smaker ikke, m&#229; tvinge seg til &#229; spise." answer_id="20300" />
  <enum_item value="5" text="mellom 4 og 6." answer_id="20301" />
  <enum_item value="6" text="N&#230;ringsvegrende.  M&#229; overtales av andre til &#229; spise." answer_id="20302" />
</enumeration>

<!-- Start: Form items, generated XML -->

<question item_id="881" mid="MADRS_LEGE" datatype="ORD" page_number="1" page_title="MADRS" page_introduction="Montgomery &#197;sberg Depression Rating Scale" header="Synlig tristhet" question_text="(Basert p&#229; legens observasjon)" optional="0" enumeration_uid="881" help_text="Her tenkes p&#229; dysterhet, tungsinn, fortvilelse (mer enn forbig&#229;ende d&#229;rlig hum&#248;r) slik det avspeiler seg i tale, mimikk og holdning. Grader p&#229; grunnlag av dybde og manglende evne til &#229; lyse opp." group_id="MADRS_LEGE" />
<question item_id="882" mid="MADRS_TRIST" datatype="ORD" page_number="1" page_title="MADRS" page_introduction="Montgomery &#197;sberg Depression Rating Scale" header="Tristhet" question_text="Har du v&#230;rt vedvarende deprimert eller nedfor mesteparten av dagen hver dag den siste uken?" optional="0" enumeration_uid="882" help_text="Tar sikte p&#229; subjektiv opplevd sinnstemning, uansett om stemnigen gir seg ytre uttrykk eller ikke. Omfatter senket stemningsleie, tristhet, oppgitthet, tungsinn, h&#229;pl&#248;shet og hjelpel&#248;shet." group_id="MADRS_TRIST" />
<question item_id="883" mid="MADRS_URO" datatype="ORD" page_number="2" header="Indre spenning" question_text="Har du merket noen uro, spenning eller angst den siste uken?" optional="0" enumeration_uid="883" help_text="Sikter p&#229; vag ulystf&#248;lelse, ubehagelig indre spenning, uro og angst stigende til panikk." group_id="MADRS_URO" />
<question item_id="884" mid="MADRS_SOEVN" datatype="ORD" page_number="2" header="Redusert nattes&#248;vn" question_text="Har du hatt s&#248;vnproblemer nesten hver natt den siste uken?" optional="0" enumeration_uid="884" help_text="Sikter p&#229; subjektivt opplevd kortere, avbrutt eller mer overfladisk s&#248;vn sammenlignet med vanlig." group_id="MADRS_SOEVN" />
<question item_id="3959" mid="MADRS_APPETITT" datatype="ORD" page_number="3" header="Svekket appetitt" question_text="Hvordan har det v&#230;rt med matlysten den siste uken?" optional="0" enumeration_uid="3959" help_text="Sikter p&#229; f&#248;lelse av at appetitten er svekket i forhold til tidligere." group_id="MADRS_APPETITT" />
<question item_id="886" mid="MADRS_KONSENTRASJON" datatype="ORD" page_number="3" header="Konsentrasjonsvansker" question_text="Har du hatt vansker med &#229; konsentrere deg den siste uken?" optional="0" enumeration_uid="886" help_text="Sikter p&#229; vansker med &#229; samle tankene, stigende til invalidiserende mangel p&#229; konsentrasjonsevnen. Grader etter intensitet, frekvens og grad av invalidiserende effekt." group_id="MADRS_KONSENTRASJON" />
<question item_id="887" mid="MADRS_INITIATIV" datatype="ORD" page_number="4" header="Initiativl&#248;shet" question_text="Har du hatt vansker med &#229; komme i gang, ta initiativ eller utf&#248;re dagligdagse aktiviteter den siste uken?" optional="0" enumeration_uid="887" help_text="Sikter p&#229; vansker med &#229; komme igang, treghet med &#229; ta initiativ og utf&#248;re dagligdagse aktiviteter." group_id="MADRS_INITIATIV" />
<question item_id="888" mid="MADRS_INTERESSE" datatype="ORD" page_number="4" header="Svekkede f&#248;lelsesreaksjoner" question_text="I den siste uken har du vist mindre interesse for de fleste ting eller v&#230;rt mindre i stand til &#229; glede deg ved ting som pleide &#229; glede deg tidligere?" optional="0" enumeration_uid="888" help_text="Sikter mot den subjektive opplevelsen av svekket interesse for omgivelsene eller for aktiviteter som normalt gir glede. Evnen til &#229; reagere med adekvate f&#248;lelser p&#229; omstendighetene eller andre mennesker er nedsatt." group_id="MADRS_INTERESSE" />
<question item_id="889" mid="MADRS_VERDILOES" datatype="ORD" page_number="5" header="Depressivt tankeinnhold" question_text="Har du f&#248;lt deg verdil&#248;s eller skyldbetynget den siste uken?" optional="0" enumeration_uid="889" help_text="Urealistiske tanker om skyld, mindreverd, selvbebreidelser, anger, tanker om &#248;konomisk ruin osv." group_id="MADRS_VERDILOES" />
<question item_id="890" mid="MADRS_SUICIDAL" datatype="ORD" page_number="5" header="Selvmordstanker" question_text="Har du hatt selvmordstanker eller &#248;nsker om du at du var d&#248;d siste uken?" optional="0" enumeration_uid="890" help_text="Tar sikte p&#229; f&#248;lelsen av at livet ikke er verd &#229; leve lenger, at en naturlig d&#248;d ville v&#230;re velkommen, tanker om selvmord eller forberedelse til dette." group_id="MADRS_SUICIDAL" />
<question item_id="1436" mid="MADRS_SUM" datatype="QN" page_number="6" question_text="Sum MADRS (poeng)" optional="0" min_value="0" max_value="60" units="poeng" expression="MADRS_LEGE + MADRS_TRIST + MADRS_URO + MADRS_SOEVN + MADRS_KONSENTRASJON + MADRS_APPETITT + MADRS_INITIATIV + MADRS_INTERESSE + MADRS_VERDILOES + MADRS_SUICIDAL" group_id="MADRS_SUM" />

<!-- Start: Form actions, generated XML -->

</form>
