<?xml version="1.0" encoding="ISO-8859-1"?>
<form form_id="788" form_uid="GbdAvvik" title="Avvik" calculate_invalid="False" rating_scale="False" status="Closed" repeatable="1" >
<instructions></instructions>

<!-- Start: Form enums, generated XML -->

<enumeration enumeration_uid="3575">
  <enum_item value="1" text="Ja | Observert." short_code="J" answer_id="18430" />
  <enum_item value="2" text="Nei | Ikke observert." short_code="N" answer_id="18431" />
</enumeration>

<enumeration enumeration_uid="3576">
  <enum_item value="1" text="Ja | Personalet involvert." short_code="J" answer_id="18438" />
  <enum_item value="2" text="Nei" short_code="N" answer_id="18439" />
</enumeration>

<enumeration enumeration_uid="3578">
  <enum_item value="1" text="Her | Pasienten ble bare tatt h&#229;nd om her." answer_id="18364" />
  <enum_item value="2" text="Legevakten | Pasienten ble behandlet p&#229; Legevakten." answer_id="18365" />
  <enum_item value="3" text="Sykehus | Pasienten ble innlagt p&#229; sykehus." answer_id="18366" />
</enumeration>

<enumeration enumeration_uid="3579">
  <enum_item value="1" text="Ut av og opp i seng" answer_id="18330" />
  <enum_item value="2" text="Bruk av rullestol (f.eks. fall ut av..)" answer_id="18331" />
  <enum_item value="3" text="Toalettbes&#248;k" answer_id="18332" />
  <enum_item value="4" text="Gange med rullator" answer_id="18333" />
  <enum_item value="5" text="Fri gange" answer_id="18334" />
  <enum_item value="6" text="Opp og ned av stol" answer_id="18335" />
  <enum_item value="7" text="Annet (detaljer i fritekstfeltet)" answer_id="18446" />
</enumeration>

<enumeration enumeration_uid="3580">
  <enum_item value="1" text="Fall med skade." answer_id="18336" />
  <enum_item value="2" text="Skade av annen &#229;rsak enn fall." answer_id="18337" />
  <enum_item value="3" text="Fall uten sikker skade." answer_id="37866" />
  <enum_item value="9" text="Hverken fall eller skade." answer_id="52908" />
</enumeration>

<enumeration enumeration_uid="3581">
  <enum_item value="1" text="Ja | Brudd." short_code="J" answer_id="18456" />
  <enum_item value="2" text="Nei | Ikke brudd." short_code="N" answer_id="18457" />
  <enum_item value="3" text="Vet ikke | Mulig brudd?" short_code="V" answer_id="37968" />
</enumeration>

<enumeration enumeration_uid="3582">
  <enum_item value="1" text="Ja | Illebefinnende." short_code="J" answer_id="18373" />
  <enum_item value="2" text="Nei" short_code="N" answer_id="18461" />
  <enum_item value="3" text="Vet ikke" short_code="V" answer_id="37971" />
</enumeration>

<enumeration enumeration_uid="6402">
  <enum_item value="1" text="Ingen skade skjedd." answer_id="33896" />
  <enum_item value="2" text="Mild: En hendelse som vanligvis er forbig&#229;ende og krever minimal behandling.  P&#229;virker normalt ikke dagliglivet." answer_id="33897" />
  <enum_item value="3" text="Moderat: En hendelse som krever tilleggsbehandling.  Den p&#229;virker vanlige aktiviteter i dagliglivet og gir ubehag, men uten vesentlig eller varig risiko for pasienten." answer_id="33898" />
  <enum_item value="4" text="Betydelig: En hendelse som krever intensiv tilleggsbehandling.  Dagliglivet eller klinisk status er betydelig endret.  Betydelig risiko for skade, sykehusinnleggelse kan v&#230;re n&#248;dvendig." answer_id="33899" />
  <enum_item value="5" text="Livstruende/invalidiserende: En hendelse som krever stor eller akutt intervensjon og truer patientens liv.  Hendelsen kan gi varig skade og kan forstyrre patientens mulighet for vanlige aktiviteter." answer_id="33900" />
  <enum_item value="6" text="D&#248;d: Pasienten d&#248;de i relasjon til hendelsen." answer_id="33921" />
</enumeration>

<enumeration enumeration_uid="8507">
  <enum_item value="1" text="Liten" answer_id="47319" />
  <enum_item value="2" text="Middels" answer_id="47320" />
  <enum_item value="3" text="Stor" answer_id="47321" />
</enumeration>

<enumeration enumeration_uid="8508">
  <enum_item value="1" text="Ja | Mangelfull oppl&#230;ring." short_code="J" answer_id="47328" />
  <enum_item value="2" text="Nei" short_code="N" answer_id="47329" />
  <enum_item value="3" text="Usikker" short_code="U" answer_id="47330" />
</enumeration>

<enumeration enumeration_uid="8509">
  <enum_item value="1" text="Ja" answer_id="47333" />
  <enum_item value="2" text="Nei" short_code="N" answer_id="47334" />
  <enum_item value="3" text="Usikker" short_code="U" answer_id="47335" />
</enumeration>

<enumeration enumeration_uid="8510">
  <enum_item value="1" text="Ja" answer_id="47347" />
  <enum_item value="2" text="Nei" short_code="N" answer_id="47348" />
  <enum_item value="3" text="Usikker" short_code="U" answer_id="47349" />
</enumeration>

<enumeration enumeration_uid="8511">
  <enum_item value="1" text="Ja" answer_id="47355" />
  <enum_item value="2" text="Nei" short_code="N" answer_id="47356" />
  <enum_item value="3" text="Usikker" short_code="U" answer_id="47357" />
</enumeration>

<enumeration enumeration_uid="8512">
  <enum_item value="1" text="Registrert" answer_id="47361" />
  <enum_item value="2" text="Under behandling" answer_id="47362" />
  <enum_item value="3" text="Lukket" answer_id="47363" />
</enumeration>

<enumeration enumeration_uid="8514">
  <enum_item value="1" text="Fall" answer_id="47373" />
  <enum_item value="2" text="Legemidler" answer_id="47374" />
  <enum_item value="3" text="Ern&#230;ring" answer_id="47375" />
  <enum_item value="4" text="Manglende dokumentasjon internt eller hos fastlegen" answer_id="47376" />
  <enum_item value="5" text="Manglende dokumentasjon fra sykehus" answer_id="47377" />
  <enum_item value="6" text="Overgrep" answer_id="47378" />
  <enum_item value="7" text="Ventetid fysio/ergoterapi" answer_id="47379" />
  <enum_item value="8" text="Andre avvik" answer_id="47380" />
</enumeration>

<enumeration enumeration_uid="9105">
  <enum_item value="1" text="Mangelfulle rutiner" answer_id="50810" />
  <enum_item value="2" text="Mangelfull oppl&#230;ring" answer_id="50811" />
  <enum_item value="3" text="Mangelfull oppf&#248;lging av rutine/retningslinje" answer_id="50812" />
  <enum_item value="4" text="Mangelfull sikring / Annet" answer_id="50813" />
</enumeration>

<!-- Start: Form items, generated XML -->

<question item_id="8518" mid="AvvikStikkord" datatype="NAR" page_number="1" page_title="Om avviket" page_introduction="Type og stikkord for avviket, detaljer i kommentarfeltet nederst." header="Stikkord" question_text="Skriv bare noen f&#229; stikkord om avviket her, felt for utfyllende informasjon kommer senere." optional="0" multiline="0" group_id="AvvikStikkord" />
<question item_id="8514" mid="AvvikType" datatype="ORD" page_number="1" page_title="Om avviket" page_introduction="Type og stikkord for avviket, detaljer i kommentarfeltet nederst." question_text="Type avvik" optional="0" enumeration_uid="8514" group_id="AvvikType" />
<question item_id="3574" mid="SKADE_TIDSPUNKT" datatype="QN" page_number="1" page_title="Om avviket" page_introduction="Type og stikkord for avviket, detaljer i kommentarfeltet nederst." header="Tidspunkt" question_text="Tidspunkt der avviket skjedde (klokketime)" optional="0" min_value="0" max_value="23" units="klokketime" help_text="Bruk hele klokketimer." group_id="SKADE_TIDSPUNKT" />
<question item_id="8516" mid="VAR8516" datatype="MSG" page_number="2" header="Bivirkning?" question_text="Husk &#229; registrere eventuell bivirkninger i medikamentmodulen." optional="1" />
<question item_id="3580" mid="SKADE_FALL" datatype="ORD" page_number="3" header="Fall eller skade" question_text="Var dette en fallskade eller annen skade?" optional="0" enumeration_uid="3580" group_id="SKADE_FALL" />
<question item_id="3579" mid="SKADE_AKTIVITET" datatype="ORD" page_number="4" page_title="Beskrivelse skade/fall" header="Aktivitet" question_text="Aktivitet p&#229; fall-/skadetidspunkt" optional="0" enumeration_uid="3579" help_text="Kategoriene brukes til &#229; lage statistikk og derved muliggj&#248;re forebyggende tiltak." group_id="SKADE_AKTIVITET" />
<question item_id="3575" mid="SKADE_OBSERVERT" datatype="ORD" page_number="4" page_title="Beskrivelse skade/fall" header="Observert av personalet" question_text="S&#229; pleiepersonell da fallet/skaden skjedde?" optional="0" enumeration_uid="3575" group_id="SKADE_OBSERVERT" />
<question item_id="3576" mid="SKADE_INVOLVERT" datatype="ORD" page_number="4" page_title="Beskrivelse skade/fall" header="Personalet involvert" question_text="Var pleiepersonell direkte involvert i handlingen som medf&#248;rte fallet/skaden?" optional="0" enumeration_uid="3576" help_text="Her krysser du &quot;ja&quot; dersom skaden skjedde i forbindelse med bruk av heis eller annet hjelpemiddel, - at du ikke klarte &quot;&#229; holde&quot; pasienten el.l." group_id="SKADE_INVOLVERT" />
<question item_id="3582" mid="SKADE_ILLEBEFINNENDE" datatype="ORD" page_number="4" page_title="Beskrivelse skade/fall" header="Illebefinnende" question_text="Skyldes fallet/skaden et illebefinnende hos pasienten?" optional="0" enumeration_uid="3582" group_id="SKADE_ILLEBEFINNENDE" />
<question item_id="3581" mid="SKADE_BRUDD" datatype="ORD" page_number="5" header="Brudd" question_text="Medf&#248;rte skaden et brudd?" optional="0" enumeration_uid="3581" group_id="SKADE_BRUDD" />
<question item_id="3578" mid="SKADE_BEHANDSTED" datatype="ORD" page_number="5" header="Behandlet" question_text="Hvor ble fallet/skaden behandlet?" optional="0" enumeration_uid="3578" help_text="Velg h&#248;yeste behandlingsniv&#229;.  Hvis pasienten ble innlagt fra legevakt til sykehus velger du Sykehus." group_id="SKADE_BEHANDSTED" />
<question item_id="6402" mid="EVENT_SEVERITY" datatype="ORD" page_number="6" page_title="Alvorlighetsgrad" header="Alvorlighetsgrad" question_text="Vurdering av alvorlighetsgrad" optional="0" enumeration_uid="6402" group_id="EVENT_SEVERITY" />
<question item_id="8507" mid="AvvikAlvorlighet" datatype="ORD" page_number="6" page_title="Alvorlighetsgrad" question_text="Alvorlighetsgrad for rapportering (3 kategorier)" optional="0" visible="-1" expression="1 * ISPOS( ISNULL(EVENT_SEVERITY-1) + ISNULL (EVENT_SEVERITY-2) ) + 2 * ISPOS( ISNULL(EVENT_SEVERITY-3) ) + 3 * ISPOS( ISNULL(EVENT_SEVERITY-4) + ISNULL (EVENT_SEVERITY-5) + ISNULL ( EVENT_SEVERITY-6) )" enumeration_uid="8507" group_id="AvvikAlvorlighet" />
<question item_id="8509" mid="AvvikRutiner" datatype="ORD" page_number="7" page_title="&#197;rsaker til avvik" page_introduction="Mer enn &#233;n &#229;rsak kan velges" header="Mangelfulle rutiner" question_text="Var mangelfulle rutiner medvirkende til at avviket oppstod?" optional="1" enumeration_uid="8509" help_text="Tjenestemottaker ble skadelidende som f&#248;lge av feil i eller mangler ved eksisterende rutiner, eller manglende rutiner." group_id="AvvikRutiner" />
<question item_id="8508" mid="AvvikOpplaering" datatype="ORD" page_number="7" page_title="&#197;rsaker til avvik" page_introduction="Mer enn &#233;n &#229;rsak kan velges" header="Mangelfull oppl&#230;ring" question_text="Var mangelfull oppl&#230;ring medvirkende til at avviket oppstod?" optional="1" enumeration_uid="8508" help_text="Tjenestemottaker ble skadelidende som f&#248;lge av at medarbeider utf&#248;rte en handling uten oppl&#230;ring." group_id="AvvikOpplaering" />
<question item_id="8510" mid="AvvikOppfoelging" datatype="ORD" page_number="7" page_title="&#197;rsaker til avvik" page_introduction="Mer enn &#233;n &#229;rsak kan velges" header="Mangelfull oppf&#248;lging" question_text="Var mangelfull oppf&#248;lging av rutine/retningslinje medvirkende til at avviket oppstod?" optional="1" enumeration_uid="8510" help_text="Tjenestemottaker ble skadelidende som f&#248;lge av at medarbeider ikke fulgte eksisterende rutiner/arbeidsoppgaver." group_id="AvvikOppfoelging" />
<question item_id="8511" mid="AvvikSikring" datatype="ORD" page_number="7" page_title="&#197;rsaker til avvik" page_introduction="Mer enn &#233;n &#229;rsak kan velges" header="Mangelfull sikring / tiltak / annet" question_text="Var mangelfull sikring/tiltak medvirkende til at avviket oppstod?" optional="1" enumeration_uid="8511" help_text="Tjenestemottaker ble skadelidende som f&#248;lge av en u&#248;nsket hendelse" group_id="AvvikSikring" />
<question item_id="9105" mid="AvvikHovedarsak" datatype="ORD" page_number="7" page_title="&#197;rsaker til avvik" page_introduction="Mer enn &#233;n &#229;rsak kan velges" header="Hoved&#229;rsak" question_text="Av disse, hvilken &#229;rsak var viktigst?" optional="0" enumeration_uid="9105" group_id="AvvikHovedarsak" />
<question item_id="6410" mid="AvvikForslag" datatype="NAR" page_number="8" page_title="Forslag" page_introduction="Den som registrerer avviket kan foresl&#229; tiltak for &#229; hindre gjentagelse." question_text="Forslag til korrigerende tiltak" optional="1" multiline="1" group_id="AvvikForslag" />
<question item_id="8512" mid="AvvikStatus" datatype="ORD" page_number="9" page_title="Status" page_introduction="Endring av status skal bare gj&#248;res av den som er ansvarlig for behandling av avviket, typisk avdelingsleder." header="Status" question_text="Status for avviket" optional="0" enumeration_uid="8512" help_text="Velg &quot;Registrert&quot; hvis du ikke selv skal behandle avviket." group_id="AvvikStatus" />
<question item_id="8513" mid="AvvikLukketAv" datatype="NAR" page_number="10" question_text="Avviket er lukket av" optional="1" multiline="0" help_text="Skriv inn navnet ditt n&#229;r lukker avviket, f&#248;r du signerer skjemaet.  Eks. &quot;Avdelingsleder&quot;, &quot;Prim&#230;rkontakt&quot; el.l." group_id="AvvikLukketAv" />
<question item_id="9515" mid="AvvikResponsAvd" datatype="NAR" page_number="11" header="Tilbakemelding" question_text="Tilbakemelding fra avdelingsleder til den som har registrert avviket" optional="1" multiline="1" group_id="AvvikResponsAvd" />
<question item_id="8517" mid="VAR8517" datatype="MSG" page_number="11" header="Om signering..." question_text="Skjemaet skal ligge usignert til avviket er lukket." optional="1" />

<!-- Start: Form actions, generated XML -->

<question_action master_question_mid="AvvikType" detail_question_mid="VAR8516" enum_item_value="2" activate="1" />
<question_action master_question_mid="AvvikType" detail_question_mid="SKADE_FALL" enum_item_value="1" activate="1" />
<question_action master_question_mid="AvvikType" detail_question_mid="SKADE_FALL" enum_item_value="8" activate="1" />
<question_action master_question_mid="SKADE_FALL" detail_question_mid="SKADE_AKTIVITET" enum_item_value="1" activate="1" />
<question_action master_question_mid="SKADE_FALL" detail_question_mid="SKADE_AKTIVITET" enum_item_value="2" activate="1" />
<question_action master_question_mid="SKADE_FALL" detail_question_mid="SKADE_OBSERVERT" enum_item_value="1" activate="1" />
<question_action master_question_mid="SKADE_FALL" detail_question_mid="SKADE_OBSERVERT" enum_item_value="2" activate="1" />
<question_action master_question_mid="SKADE_FALL" detail_question_mid="SKADE_INVOLVERT" enum_item_value="1" activate="1" />
<question_action master_question_mid="SKADE_FALL" detail_question_mid="SKADE_INVOLVERT" enum_item_value="2" activate="1" />
<question_action master_question_mid="SKADE_FALL" detail_question_mid="SKADE_ILLEBEFINNENDE" enum_item_value="1" activate="1" />
<question_action master_question_mid="SKADE_FALL" detail_question_mid="SKADE_ILLEBEFINNENDE" enum_item_value="2" activate="1" />
<question_action master_question_mid="SKADE_FALL" detail_question_mid="SKADE_BRUDD" enum_item_value="1" activate="1" />
<question_action master_question_mid="SKADE_FALL" detail_question_mid="SKADE_BRUDD" enum_item_value="2" activate="1" />
<question_action master_question_mid="SKADE_FALL" detail_question_mid="SKADE_BEHANDSTED" enum_item_value="1" activate="1" />
<question_action master_question_mid="SKADE_FALL" detail_question_mid="SKADE_BEHANDSTED" enum_item_value="2" activate="1" />
<question_action master_question_mid="AvvikStatus" detail_question_mid="AvvikLukketAv" enum_item_value="3" activate="1" />
<question_action master_question_mid="AvvikStatus" detail_question_mid="AvvikResponsAvd" enum_item_value="2" activate="1" />
<question_action master_question_mid="AvvikStatus" detail_question_mid="AvvikResponsAvd" enum_item_value="3" activate="1" />
<question_action master_question_mid="AvvikStatus" detail_question_mid="VAR8517" enum_item_value="2" activate="1" />
<question_action master_question_mid="AvvikStatus" detail_question_mid="VAR8517" enum_item_value="3" activate="1" />
</form>
