<?xml version="1.0" encoding="ISO-8859-1"?>
<form form_id="416" form_uid="LCP1" title="LCP - Oppstart" calculate_invalid="False" rating_scale="False" status="Closed" repeatable="1" >
<instructions></instructions>

<!-- Start: Form enums, generated XML -->

<enumeration enumeration_uid="5016">
  <enum_item value="1" text="Ja" answer_id="27895" />
  <enum_item value="2" text="Nei" short_code="N" answer_id="27896" />
</enumeration>

<enumeration enumeration_uid="5017">
  <enum_item value="1" text="Ja" answer_id="27897" />
  <enum_item value="2" text="Nei" short_code="N" answer_id="27898" />
</enumeration>

<enumeration enumeration_uid="5018">
  <enum_item value="1" text="Ja" answer_id="27899" />
  <enum_item value="2" text="Nei" short_code="N" answer_id="27900" />
</enumeration>

<enumeration enumeration_uid="5019">
  <enum_item value="1" text="Ja" answer_id="27901" />
  <enum_item value="2" text="Nei" short_code="N" answer_id="27902" />
</enumeration>

<enumeration enumeration_uid="5020">
  <enum_item value="1" text="Ja" answer_id="27903" />
  <enum_item value="2" text="Nei" short_code="N" answer_id="27904" />
</enumeration>

<enumeration enumeration_uid="5021">
  <enum_item value="1" text="Ja" answer_id="27905" />
  <enum_item value="2" text="Nei" short_code="N" answer_id="27906" />
</enumeration>

<enumeration enumeration_uid="5023">
  <enum_item value="1" text="Ja" answer_id="27907" />
  <enum_item value="2" text="Nei" short_code="N" answer_id="27908" />
</enumeration>

<enumeration enumeration_uid="5024">
  <enum_item value="1" text="Ja" answer_id="27909" />
  <enum_item value="2" text="Nei" short_code="N" answer_id="27910" />
</enumeration>

<enumeration enumeration_uid="5025">
  <enum_item value="1" text="Ja" answer_id="27911" />
  <enum_item value="2" text="Nei" short_code="N" answer_id="27912" />
</enumeration>

<enumeration enumeration_uid="5026">
  <enum_item value="1" text="Ja" answer_id="27913" />
  <enum_item value="2" text="Nei" short_code="N" answer_id="27914" />
</enumeration>

<enumeration enumeration_uid="5027">
  <enum_item value="1" text="Ja" answer_id="27915" />
  <enum_item value="2" text="Nei" short_code="N" answer_id="27916" />
</enumeration>

<enumeration enumeration_uid="5028">
  <enum_item value="1" text="Ja" answer_id="27917" />
  <enum_item value="2" text="Nei" short_code="N" answer_id="27918" />
</enumeration>

<enumeration enumeration_uid="5029">
  <enum_item value="1" text="Ja" answer_id="27919" />
  <enum_item value="2" text="Nei" short_code="N" answer_id="27920" />
</enumeration>

<enumeration enumeration_uid="5030">
  <enum_item value="1" text="Ja" answer_id="27921" />
  <enum_item value="2" text="Nei" short_code="N" answer_id="27922" />
</enumeration>

<enumeration enumeration_uid="5031">
  <enum_item value="1" text="Ja" answer_id="27923" />
  <enum_item value="2" text="Nei" short_code="N" answer_id="27924" />
</enumeration>

<enumeration enumeration_uid="5032">
  <enum_item value="1" text="Ja" answer_id="27925" />
  <enum_item value="2" text="Nei" short_code="N" answer_id="27926" />
</enumeration>

<enumeration enumeration_uid="5033">
  <enum_item value="1" text="Ja" answer_id="27927" />
  <enum_item value="2" text="Nei" short_code="N" answer_id="27928" />
</enumeration>

<enumeration enumeration_uid="5034">
  <enum_item value="1" text="Ja" answer_id="27929" />
  <enum_item value="2" text="Nei" short_code="N" answer_id="27930" />
</enumeration>

<enumeration enumeration_uid="5035">
  <enum_item value="1" text="Ja" answer_id="27931" />
  <enum_item value="2" text="Nei" short_code="N" answer_id="27932" />
</enumeration>

<enumeration enumeration_uid="5036">
  <enum_item value="1" text="Ja" answer_id="27933" />
  <enum_item value="2" text="Nei" short_code="N" answer_id="27934" />
</enumeration>

<enumeration enumeration_uid="5038">
  <enum_item value="1" text="Ja" answer_id="27961" />
  <enum_item value="2" text="Nei" short_code="N" answer_id="27962" />
</enumeration>

<enumeration enumeration_uid="5039">
  <enum_item value="1" text="Ja" answer_id="27963" />
  <enum_item value="2" text="Nei" short_code="N" answer_id="27964" />
</enumeration>

<enumeration enumeration_uid="5040">
  <enum_item value="1" text="Ja" answer_id="27965" />
  <enum_item value="2" text="Nei" short_code="N" answer_id="27966" />
</enumeration>

<enumeration enumeration_uid="5041">
  <enum_item value="1" text="Ja" answer_id="27967" />
  <enum_item value="2" text="Nei" short_code="N" answer_id="27968" />
</enumeration>

<enumeration enumeration_uid="5042">
  <enum_item value="1" text="Ja" answer_id="27969" />
  <enum_item value="2" text="Nei" short_code="N" answer_id="27970" />
</enumeration>

<enumeration enumeration_uid="5043">
  <enum_item value="1" text="Ja" answer_id="27971" />
  <enum_item value="2" text="Nei" short_code="N" answer_id="27972" />
</enumeration>

<enumeration enumeration_uid="5044">
  <enum_item value="1" text="Ja" answer_id="27981" />
  <enum_item value="2" text="Nei" short_code="N" answer_id="27982" />
  <enum_item value="3" text="Tiltaket ikke aktuelt" answer_id="27983" />
</enumeration>

<enumeration enumeration_uid="5045">
  <enum_item value="1" text="Ja" answer_id="27984" />
  <enum_item value="2" text="Nei" short_code="N" answer_id="27985" />
  <enum_item value="3" text="Tiltaket ikke aktuelt" answer_id="27986" />
</enumeration>

<enumeration enumeration_uid="5046">
  <enum_item value="1" text="Ja" answer_id="27987" />
  <enum_item value="2" text="Nei" short_code="N" answer_id="27988" />
  <enum_item value="3" text="Tiltaket ikke aktuelt" answer_id="27989" />
</enumeration>

<enumeration enumeration_uid="5047">
  <enum_item value="1" text="Ja" answer_id="27996" />
  <enum_item value="2" text="Nei" short_code="N" answer_id="27997" />
</enumeration>

<enumeration enumeration_uid="5048">
  <enum_item value="1" text="Ja" answer_id="27998" />
  <enum_item value="2" text="Nei" short_code="N" answer_id="27999" />
  <enum_item value="3" text="Tiltaket ikke aktuelt" answer_id="28000" />
</enumeration>

<enumeration enumeration_uid="5049">
  <enum_item value="1" text="Ja" answer_id="28001" />
  <enum_item value="2" text="Nei" short_code="N" answer_id="28002" />
</enumeration>

<enumeration enumeration_uid="5050">
  <enum_item value="1" text="Ja" answer_id="28003" />
  <enum_item value="2" text="Nei" short_code="N" answer_id="28004" />
  <enum_item value="3" text="Tiltaket ikke aktuelt" answer_id="28005" />
</enumeration>

<enumeration enumeration_uid="5051">
  <enum_item value="1" text="Ja" answer_id="28006" />
  <enum_item value="2" text="Nei" short_code="N" answer_id="28007" />
  <enum_item value="3" text="Komat&#248;s" answer_id="28008" />
</enumeration>

<enumeration enumeration_uid="5052">
  <enum_item value="1" text="Ja" answer_id="28009" />
  <enum_item value="2" text="Nei" short_code="N" answer_id="28010" />
</enumeration>

<enumeration enumeration_uid="5053">
  <enum_item value="1" text="Ja" answer_id="28011" />
  <enum_item value="2" text="Nei" short_code="N" answer_id="28012" />
</enumeration>

<enumeration enumeration_uid="5054">
  <enum_item value="1" text="Ja" answer_id="28014" />
  <enum_item value="2" text="Nei" short_code="N" answer_id="28015" />
  <enum_item value="3" text="Komat&#248;s" answer_id="28016" />
</enumeration>

<enumeration enumeration_uid="5055">
  <enum_item value="1" text="Ja" answer_id="28019" />
  <enum_item value="2" text="Nei" short_code="N" answer_id="28020" />
</enumeration>

<enumeration enumeration_uid="5056">
  <enum_item value="1" text="Ja" answer_id="28022" />
  <enum_item value="2" text="Nei" short_code="N" answer_id="28023" />
  <enum_item value="3" text="Komat&#248;s" answer_id="28024" />
</enumeration>

<enumeration enumeration_uid="5057">
  <enum_item value="1" text="Ja" answer_id="28027" />
  <enum_item value="2" text="Nei" short_code="N" answer_id="28028" />
</enumeration>

<enumeration enumeration_uid="5058">
  <enum_item value="1" text="Ja" answer_id="28030" />
  <enum_item value="2" text="Nei" short_code="N" answer_id="28031" />
  <enum_item value="3" text="Komat&#248;s" answer_id="28032" />
</enumeration>

<enumeration enumeration_uid="5059">
  <enum_item value="1" text="Ja" answer_id="28035" />
  <enum_item value="2" text="Nei" short_code="N" answer_id="28036" />
</enumeration>

<enumeration enumeration_uid="5061">
  <enum_item value="1" text="Ja" answer_id="28037" />
  <enum_item value="2" text="Nei" short_code="N" answer_id="28038" />
  <enum_item value="3" text="Ikke aktuelt" answer_id="40656" />
</enumeration>

<enumeration enumeration_uid="5065">
  <enum_item value="1" text="Uansett tidspunkt p&#229; d&#248;gnet" answer_id="28039" />
  <enum_item value="2" text="Ikke om natten" answer_id="28040" />
  <enum_item value="3" text="P&#229;r&#248;rende overnatter p&#229; sykehjemmet" answer_id="28041" />
</enumeration>

<enumeration enumeration_uid="5070">
  <enum_item value="1" text="Ja" answer_id="28061" />
  <enum_item value="2" text="Nei" short_code="N" answer_id="28062" />
</enumeration>

<enumeration enumeration_uid="5071">
  <enum_item value="1" text="Ja" answer_id="28063" />
  <enum_item value="2" text="Nei" short_code="N" answer_id="28064" />
</enumeration>

<enumeration enumeration_uid="5072">
  <enum_item value="1" text="Ja" answer_id="28065" />
  <enum_item value="2" text="Nei" short_code="N" answer_id="28066" />
</enumeration>

<enumeration enumeration_uid="5074">
  <enum_item value="1" text="Ja" answer_id="28072" />
  <enum_item value="2" text="Nei" short_code="N" answer_id="28073" />
</enumeration>

<enumeration enumeration_uid="5075">
  <enum_item value="1" text="Ja" answer_id="28075" />
  <enum_item value="2" text="Nei" short_code="N" answer_id="28076" />
  <enum_item value="3" text="Komat&#248;s" answer_id="28077" />
</enumeration>

<enumeration enumeration_uid="5076">
  <enum_item value="1" text="Ja" answer_id="28080" />
  <enum_item value="2" text="Nei" short_code="N" answer_id="28081" />
</enumeration>

<enumeration enumeration_uid="5111">
  <enum_item value="1" text="God (m&#229;l oppn&#229;dd)" answer_id="28208" />
  <enum_item value="2" text="Noe" answer_id="28209" />
  <enum_item value="3" text="Ingen" answer_id="28210" />
</enumeration>

<enumeration enumeration_uid="5158">
  <enum_item value="1" text="Ja" answer_id="28495" />
  <enum_item value="2" text="Nei (LCP b&#248;r ikke iverksettes)" answer_id="28496" />
</enumeration>

<enumeration enumeration_uid="5286">
  <enum_item value="1" text="God (m&#229;l oppn&#229;dd)" answer_id="28803" />
  <enum_item value="2" text="Noe" answer_id="28804" />
  <enum_item value="3" text="Ingen" answer_id="28805" />
</enumeration>

<enumeration enumeration_uid="5288">
  <enum_item value="1" text="God (m&#229;l oppn&#229;dd)" answer_id="28806" />
  <enum_item value="2" text="Noe" answer_id="28807" />
  <enum_item value="3" text="Ingen" answer_id="28808" />
</enumeration>

<enumeration enumeration_uid="5290">
  <enum_item value="1" text="God (m&#229;l oppn&#229;dd)" answer_id="28809" />
  <enum_item value="2" text="Noe" answer_id="28810" />
  <enum_item value="3" text="Ingen" answer_id="28811" />
</enumeration>

<enumeration enumeration_uid="5292">
  <enum_item value="1" text="God (m&#229;l oppn&#229;dd)" answer_id="28812" />
  <enum_item value="2" text="Noe" answer_id="28813" />
  <enum_item value="3" text="Ingen" answer_id="28814" />
</enumeration>

<enumeration enumeration_uid="5294">
  <enum_item value="1" text="God (m&#229;l oppn&#229;dd)" answer_id="28815" />
  <enum_item value="2" text="Noe" answer_id="28816" />
  <enum_item value="3" text="Ingen" answer_id="28817" />
</enumeration>

<enumeration enumeration_uid="5296">
  <enum_item value="1" text="God (m&#229;l oppn&#229;dd)" answer_id="28818" />
  <enum_item value="2" text="Noe" answer_id="28819" />
  <enum_item value="3" text="Ingen" answer_id="28820" />
</enumeration>

<enumeration enumeration_uid="5298">
  <enum_item value="1" text="God (m&#229;l oppn&#229;dd)" answer_id="28821" />
  <enum_item value="2" text="Noe" answer_id="28822" />
  <enum_item value="3" text="Ingen" answer_id="28823" />
</enumeration>

<enumeration enumeration_uid="5300">
  <enum_item value="1" text="God (m&#229;l oppn&#229;dd)" answer_id="28824" />
  <enum_item value="2" text="Noe" answer_id="28825" />
  <enum_item value="3" text="Ingen" answer_id="28826" />
</enumeration>

<enumeration enumeration_uid="5302">
  <enum_item value="1" text="God (m&#229;l oppn&#229;dd)" answer_id="28827" />
  <enum_item value="2" text="Noe" answer_id="28828" />
  <enum_item value="3" text="Ingen" answer_id="28829" />
</enumeration>

<enumeration enumeration_uid="5304">
  <enum_item value="1" text="God (m&#229;l oppn&#229;dd)" answer_id="28830" />
  <enum_item value="2" text="Noe" answer_id="28831" />
  <enum_item value="3" text="Ingen" answer_id="28832" />
</enumeration>

<enumeration enumeration_uid="5306">
  <enum_item value="1" text="God (m&#229;l oppn&#229;dd)" answer_id="28833" />
  <enum_item value="2" text="Noe" answer_id="28834" />
  <enum_item value="3" text="Ingen" answer_id="28835" />
</enumeration>

<enumeration enumeration_uid="5308">
  <enum_item value="1" text="God (m&#229;l oppn&#229;dd)" answer_id="28836" />
  <enum_item value="2" text="Noe" answer_id="28837" />
  <enum_item value="3" text="Ingen" answer_id="28838" />
</enumeration>

<enumeration enumeration_uid="5765">
  <enum_item value="1" text="God (m&#229;l oppn&#229;dd)" answer_id="30818" />
  <enum_item value="2" text="Noe" answer_id="30819" />
  <enum_item value="3" text="Ingen" answer_id="30820" />
</enumeration>

<enumeration enumeration_uid="5769">
  <enum_item value="1" text="God (m&#229;l oppn&#229;dd)" answer_id="30824" />
  <enum_item value="2" text="Noe" answer_id="30825" />
  <enum_item value="3" text="Ingen" answer_id="30826" />
</enumeration>

<enumeration enumeration_uid="5771">
  <enum_item value="1" text="God (m&#229;l oppn&#229;dd)" answer_id="30827" />
  <enum_item value="2" text="Noe" answer_id="30828" />
  <enum_item value="3" text="Ingen" answer_id="30829" />
</enumeration>

<enumeration enumeration_uid="5773">
  <enum_item value="1" text="God (m&#229;l oppn&#229;dd)" answer_id="30830" />
  <enum_item value="2" text="Noe" answer_id="30831" />
  <enum_item value="3" text="Ingen" answer_id="30832" />
</enumeration>

<enumeration enumeration_uid="5775">
  <enum_item value="1" text="God (m&#229;l oppn&#229;dd)" answer_id="30833" />
  <enum_item value="2" text="Noe" answer_id="30834" />
  <enum_item value="3" text="Ingen" answer_id="30835" />
</enumeration>

<enumeration enumeration_uid="5777">
  <enum_item value="1" text="God (m&#229;l oppn&#229;dd)" answer_id="30836" />
  <enum_item value="2" text="Noe" answer_id="30837" />
  <enum_item value="3" text="Ingen" answer_id="30838" />
</enumeration>

<enumeration enumeration_uid="5779">
  <enum_item value="1" text="God (m&#229;l oppn&#229;dd)" answer_id="30839" />
  <enum_item value="2" text="Noe" answer_id="30840" />
  <enum_item value="3" text="Ingen" answer_id="30841" />
</enumeration>

<enumeration enumeration_uid="5781">
  <enum_item value="1" text="God (m&#229;l oppn&#229;dd)" answer_id="30842" />
  <enum_item value="2" text="Noe" answer_id="30843" />
  <enum_item value="3" text="Ingen" answer_id="30844" />
</enumeration>

<enumeration enumeration_uid="5785">
  <enum_item value="1" text="God (m&#229;l oppn&#229;dd)" answer_id="30848" />
  <enum_item value="2" text="Noe" answer_id="30849" />
  <enum_item value="3" text="Ingen" answer_id="30850" />
</enumeration>

<enumeration enumeration_uid="5787">
  <enum_item value="1" text="God (m&#229;l oppn&#229;dd)" answer_id="30851" />
  <enum_item value="2" text="Noe" answer_id="30852" />
  <enum_item value="3" text="Ingen" answer_id="30853" />
</enumeration>

<enumeration enumeration_uid="5789">
  <enum_item value="1" text="God (m&#229;l oppn&#229;dd)" answer_id="30854" />
  <enum_item value="2" text="Noe" answer_id="30855" />
  <enum_item value="3" text="Ingen" answer_id="30856" />
</enumeration>

<enumeration enumeration_uid="5791">
  <enum_item value="1" text="God (m&#229;l oppn&#229;dd)" answer_id="30857" />
  <enum_item value="2" text="Noe" answer_id="30858" />
  <enum_item value="3" text="Ingen" answer_id="30859" />
</enumeration>

<enumeration enumeration_uid="5793">
  <enum_item value="1" text="God (m&#229;l oppn&#229;dd)" answer_id="30860" />
  <enum_item value="2" text="Noe" answer_id="30861" />
  <enum_item value="3" text="Ingen" answer_id="30862" />
</enumeration>

<enumeration enumeration_uid="5795">
  <enum_item value="1" text="God (m&#229;l oppn&#229;dd)" answer_id="30863" />
  <enum_item value="2" text="Noe" answer_id="30864" />
  <enum_item value="3" text="Ingen" answer_id="30865" />
</enumeration>

<enumeration enumeration_uid="5797">
  <enum_item value="1" text="God (m&#229;l oppn&#229;dd)" answer_id="30866" />
  <enum_item value="2" text="Noe" answer_id="30867" />
  <enum_item value="3" text="Ingen" answer_id="30868" />
</enumeration>

<enumeration enumeration_uid="5799">
  <enum_item value="1" text="God (m&#229;l oppn&#229;dd)" answer_id="30869" />
  <enum_item value="2" text="Noe" answer_id="30870" />
  <enum_item value="3" text="Ingen" answer_id="30871" />
</enumeration>

<!-- Start: Form items, generated XML -->

<question item_id="5016" mid="VAR5016" datatype="ORD" page_number="1" page_title="Kriterier for &#229; bruke tiltaksplanen" question_text="Reversible &#229;rsaker til pasientens tilstand er vurdert." optional="1" enumeration_uid="5016" />
<question item_id="5017" mid="VAR5017" datatype="ORD" page_number="1" page_title="Kriterier for &#229; bruke tiltaksplanen" question_text="Det tverrfaglige team (lege og sykepleier) er enig i at pasienten er d&#248;ende." optional="1" enumeration_uid="5017" />
<question item_id="5018" mid="VAR5018" datatype="ORD" page_number="2" page_title="Tilleggskriterier" question_text="Pasienten er sengeliggende" optional="1" enumeration_uid="5018" />
<question item_id="5019" mid="VAR5019" datatype="ORD" page_number="2" page_title="Tilleggskriterier" question_text="Pasienten er i lengre perioder ikke kontaktbar" optional="1" enumeration_uid="5019" />
<question item_id="5020" mid="VAR5020" datatype="ORD" page_number="2" page_title="Tilleggskriterier" question_text="Pasienten klarer bare &#229; drikke en liten slurk" optional="1" enumeration_uid="5020" />
<question item_id="5021" mid="VAR5021" datatype="ORD" page_number="2" page_title="Tilleggskriterier" question_text="Pasienten klarer ikke lenger svelge tabletter" optional="1" enumeration_uid="5021" />
<question item_id="5158" mid="VAR5158" datatype="ORD" page_number="2" page_title="Tilleggskriterier" question_text="To eller flere kriterier oppfylt" optional="1" expression="2-ISPOS( ISNULL(VAR5018-1) + ISNULL(VAR5019-1) + ISNULL(VAR5020-1) + ISNULL(VAR5021-1) - 1 )" enumeration_uid="5158" />
<question item_id="5022" mid="VAR5022" datatype="NAR" page_number="3" page_title="Tverrfaglig team" question_text="Det tverrfaglige teamet best&#229;r, i tillegg til skjema-innehaver, av f&#248;lgende (lege eller sykepleier):" optional="1" multiline="0" />
<question item_id="5024" mid="VAR5024" datatype="ORD" page_number="4" page_title="Inklusjonsvurdering - symptomer og funn" question_text="Bevisst" optional="1" enumeration_uid="5024" />
<question item_id="5025" mid="VAR5025" datatype="ORD" page_number="4" page_title="Inklusjonsvurdering - symptomer og funn" question_text="V&#229;ken" optional="1" enumeration_uid="5025" />
<question item_id="5026" mid="VAR5026" datatype="ORD" page_number="4" page_title="Inklusjonsvurdering - symptomer og funn" question_text="Forvirret" optional="1" enumeration_uid="5026" />
<question item_id="5027" mid="VAR5027" datatype="ORD" page_number="4" page_title="Inklusjonsvurdering - symptomer og funn" question_text="Urolig" optional="1" enumeration_uid="5027" />
<question item_id="5028" mid="VAR5028" datatype="ORD" page_number="4" page_title="Inklusjonsvurdering - symptomer og funn" question_text="Anspent / engstelig" optional="1" enumeration_uid="5028" />
<question item_id="5029" mid="VAR5029" datatype="ORD" page_number="4" page_title="Inklusjonsvurdering - symptomer og funn" question_text="Svelgvansker" optional="1" enumeration_uid="5029" />
<question item_id="5030" mid="VAR5030" datatype="ORD" page_number="4" page_title="Inklusjonsvurdering - symptomer og funn" question_text="Smerte" optional="1" enumeration_uid="5030" />
<question item_id="5031" mid="VAR5031" datatype="ORD" page_number="4" page_title="Inklusjonsvurdering - symptomer og funn" question_text="Kvalme" optional="1" enumeration_uid="5031" />
<question item_id="5032" mid="VAR5032" datatype="ORD" page_number="4" page_title="Inklusjonsvurdering - symptomer og funn" question_text="Oppkast" optional="1" enumeration_uid="5032" />
<question item_id="5033" mid="VAR5033" datatype="ORD" page_number="4" page_title="Inklusjonsvurdering - symptomer og funn" question_text="Obstipasjon" optional="1" enumeration_uid="5033" />
<question item_id="5034" mid="VAR5034" datatype="ORD" page_number="4" page_title="Inklusjonsvurdering - symptomer og funn" question_text="Surkling i luftveiene" optional="1" enumeration_uid="5034" />
<question item_id="5035" mid="VAR5035" datatype="ORD" page_number="4" page_title="Inklusjonsvurdering - symptomer og funn" question_text="Dyspne" optional="1" enumeration_uid="5035" />
<question item_id="5036" mid="VAR5036" datatype="ORD" page_number="4" page_title="Inklusjonsvurdering - symptomer og funn" question_text="Vannlatingsbesv&#230;r" optional="1" enumeration_uid="5036" />
<question item_id="5023" mid="VAR5023" datatype="ORD" page_number="4" page_title="Inklusjonsvurdering - symptomer og funn" question_text="Kateterisert" optional="1" enumeration_uid="5023" />
<question item_id="5037" mid="VAR5037" datatype="NAR" page_number="4" page_title="Inklusjonsvurdering - symptomer og funn" question_text="Andre symptomer eller funn" optional="1" multiline="1" help_text="for eksempel kl&#248;e, eller &#248;demer" />
<question item_id="5038" mid="VAR5038" datatype="ORD" page_number="5" page_title="Vurdering av behandlings- og pleie-tiltak" question_text="Aktuell medikasjon er vurdert og ikke-essensielle medikamenter seponert" optional="1" enumeration_uid="5038" help_text="Hensiktsmessig peroral medikasjon er endret til subkutan, og subkutan pumpe er satt i gang hvis hensiktsmessig. Uhensiktsmessig medikasjon er seponert." />
<question item_id="5289" mid="VAR5289" datatype="NAR" page_number="6" question_text="Tiltak gjort for &#229; oppn&#229; m&#229;let" optional="1" multiline="0" />
<question item_id="5290" mid="VAR5290" datatype="ORD" page_number="6" question_text="Effekt av tiltaket" optional="1" enumeration_uid="5290" />
<question item_id="5040" mid="VAR5040" datatype="ORD" page_number="7" question_text="Eventuell subkutan medikasjon for SMERTER er skrevet opp etter prosedyre" optional="1" enumeration_uid="5040" />
<question item_id="5285" mid="VAR5285" datatype="NAR" page_number="8" question_text="Tiltak gjort for &#229; oppn&#229; m&#229;let" optional="1" multiline="0" />
<question item_id="5286" mid="VAR5286" datatype="ORD" page_number="8" question_text="Effekt av tiltaket" optional="1" enumeration_uid="5286" />
<question item_id="5041" mid="VAR5041" datatype="ORD" page_number="9" question_text="Eventuell subkutan medikasjon for FORVIRRING / URO er skrevet opp etter prosedyre" optional="1" enumeration_uid="5041" />
<question item_id="5110" mid="VAR5110" datatype="NAR" page_number="10" question_text="Tiltak gjort for &#229; oppn&#229; m&#229;let" optional="1" multiline="0" />
<question item_id="5111" mid="VAR5111" datatype="ORD" page_number="10" question_text="Effekt av tiltaket" optional="1" enumeration_uid="5111" />
<question item_id="5042" mid="VAR5042" datatype="ORD" page_number="11" question_text="Eventuell subkutan medikasjon for SURKLING I LUFTVEIENE er skrevet opp etter prosedyre" optional="1" enumeration_uid="5042" />
<question item_id="5307" mid="VAR5307" datatype="NAR" page_number="12" question_text="Tiltak gjort for &#229; oppn&#229; m&#229;let" optional="1" multiline="0" />
<question item_id="5308" mid="VAR5308" datatype="ORD" page_number="12" question_text="Effekt av tiltaket" optional="1" enumeration_uid="5308" />
<question item_id="5043" mid="VAR5043" datatype="ORD" page_number="13" question_text="Eventuell subkutan medikasjon for KVALME / OPPKAST er skrevet opp etter prosedyre" optional="1" enumeration_uid="5043" />
<question item_id="5305" mid="VAR5305" datatype="NAR" page_number="14" question_text="Tiltak gjort for &#229; oppn&#229; m&#229;let" optional="1" multiline="0" />
<question item_id="5306" mid="VAR5306" datatype="ORD" page_number="14" question_text="Effekt av tiltaket" optional="1" enumeration_uid="5306" />
<question item_id="5039" mid="VAR5039" datatype="ORD" page_number="15" question_text="Eventuell subkutan medikasjon for DYSPNOE er skrevet opp etter prosedyre" optional="1" enumeration_uid="5039" />
<question item_id="5303" mid="VAR5303" datatype="NAR" page_number="16" question_text="Tiltak gjort for &#229; oppn&#229; m&#229;let" optional="1" multiline="0" />
<question item_id="5304" mid="VAR5304" datatype="ORD" page_number="16" question_text="Effekt av tiltaket" optional="1" enumeration_uid="5304" />
<question item_id="5045" mid="VAR5045" datatype="ORD" page_number="17" question_text="Blodpr&#248;ver seponert" optional="1" enumeration_uid="5045" />
<question item_id="5301" mid="VAR5301" datatype="NAR" page_number="18" question_text="Tiltak gjort for &#229; oppn&#229; m&#229;let" optional="1" multiline="0" />
<question item_id="5302" mid="VAR5302" datatype="ORD" page_number="18" question_text="Effekt av tiltaket" optional="1" enumeration_uid="5302" />
<question item_id="5046" mid="VAR5046" datatype="ORD" page_number="19" question_text="Antibiotika seponert" optional="1" enumeration_uid="5046" />
<question item_id="5299" mid="VAR5299" datatype="NAR" page_number="20" question_text="Tiltak gjort for &#229; oppn&#229; m&#229;let" optional="1" multiline="0" />
<question item_id="5300" mid="VAR5300" datatype="ORD" page_number="20" question_text="Effekt av tiltaket" optional="1" enumeration_uid="5300" />
<question item_id="5044" mid="VAR5044" datatype="ORD" page_number="21" question_text="Iv / sc v&#230;ske seponert" optional="1" enumeration_uid="5044" />
<question item_id="5295" mid="VAR5295" datatype="NAR" page_number="22" question_text="Tiltak gjort for &#229; oppn&#229; m&#229;let" optional="1" multiline="0" />
<question item_id="5296" mid="VAR5296" datatype="ORD" page_number="22" question_text="Effekt av tiltaket" optional="1" enumeration_uid="5296" />
<question item_id="5047" mid="VAR5047" datatype="ORD" page_number="23" question_text="Vedtak foreligger om at resuscitering ikke er aktuelt" optional="1" enumeration_uid="5047" help_text="(jfr. &quot;Beslutninger&quot; skjema)" />
<question item_id="5297" mid="VAR5297" datatype="NAR" page_number="24" question_text="Tiltak gjort for &#229; oppn&#229; m&#229;let" optional="1" multiline="0" />
<question item_id="5298" mid="VAR5298" datatype="ORD" page_number="24" question_text="Effekt av tiltaket" optional="1" enumeration_uid="5298" />
<question item_id="5048" mid="VAR5048" datatype="ORD" page_number="25" question_text="Implantert pacemaker deaktiveres" optional="1" enumeration_uid="5048" />
<question item_id="5291" mid="VAR5291" datatype="NAR" page_number="26" question_text="Tiltak gjort for &#229; oppn&#229; m&#229;let" optional="1" multiline="0" />
<question item_id="5292" mid="VAR5292" datatype="ORD" page_number="26" question_text="Effekt av tiltaket" optional="1" enumeration_uid="5292" />
<question item_id="5049" mid="VAR5049" datatype="ORD" page_number="27" question_text="Det er tatt avgj&#248;relse om &#229; avslutte ikke-hensiktsmessige pleietiltak" optional="1" enumeration_uid="5049" help_text="Skal en ha et regime for &#229; snu pasienten, eller bare ved behov, vurder anti-decubitus madrass, skal en fortsette &#229; ta BT, puls, temp, osv...?" />
<question item_id="5790" mid="VAR5790" datatype="NAR" page_number="28" question_text="Tiltak gjort for &#229; oppn&#229; m&#229;let" optional="1" multiline="0" />
<question item_id="5791" mid="VAR5791" datatype="ORD" page_number="28" question_text="Effekt av tiltaket" optional="1" enumeration_uid="5791" />
<question item_id="5050" mid="VAR5050" datatype="ORD" page_number="29" question_text="Smertepumpe er satt i gang innen 4 timer etter at det er forordnet av legen" optional="1" enumeration_uid="5050" />
<question item_id="5293" mid="VAR5293" datatype="NAR" page_number="30" question_text="Tiltak gjort for &#229; oppn&#229; m&#229;let" optional="1" multiline="0" />
<question item_id="5294" mid="VAR5294" datatype="ORD" page_number="30" question_text="Effekt av tiltaket" optional="1" enumeration_uid="5294" />
<question item_id="5051" mid="VAR5051" datatype="ORD" page_number="31" page_title="Inklusjonsvurdering - Forst&#229;else" question_text="Evnen til &#229; kommunisere p&#229; norsk er vurdert som adekvat hos PASIENTEN" optional="1" enumeration_uid="5051" />
<question item_id="5784" mid="VAR5784" datatype="NAR" page_number="32" question_text="Tiltak gjort for &#229; oppn&#229; m&#229;let" optional="1" multiline="0" />
<question item_id="5785" mid="VAR5785" datatype="ORD" page_number="32" question_text="Effekt av tiltaket" optional="1" enumeration_uid="5785" />
<question item_id="5052" mid="VAR5052" datatype="ORD" page_number="33" question_text="Evnen til &#229; kommunisere p&#229; norsk er vurdert som adekvat hos P&#197;R&#216;RENDE" optional="1" enumeration_uid="5052" />
<question item_id="5287" mid="VAR5287" datatype="NAR" page_number="34" question_text="Tiltak gjort for &#229; oppn&#229; m&#229;let" optional="1" multiline="0" />
<question item_id="5288" mid="VAR5288" datatype="ORD" page_number="34" question_text="Effekt av tiltaket" optional="1" enumeration_uid="5288" />
<question item_id="5054" mid="VAR5054" datatype="ORD" page_number="35" question_text="PASIENTEN er klar over sin diagnose" optional="1" enumeration_uid="5054" />
<question item_id="5774" mid="VAR5774" datatype="NAR" page_number="36" question_text="Tiltak gjort for &#229; oppn&#229; m&#229;let" optional="1" multiline="0" />
<question item_id="5775" mid="VAR5775" datatype="ORD" page_number="36" question_text="Effekt av tiltaket" optional="1" enumeration_uid="5775" />
<question item_id="5053" mid="VAR5053" datatype="ORD" page_number="37" question_text="P&#197;R&#216;RENDE er klar over pasientens diagnose" optional="1" enumeration_uid="5053" />
<question item_id="5770" mid="VAR5770" datatype="NAR" page_number="38" question_text="Tiltak gjort for &#229; oppn&#229; m&#229;let" optional="1" multiline="0" />
<question item_id="5771" mid="VAR5771" datatype="ORD" page_number="38" question_text="Effekt av tiltaket" optional="1" enumeration_uid="5771" />
<question item_id="5056" mid="VAR5056" datatype="ORD" page_number="39" question_text="PASIENTEN er klar over at han / hun er d&#248;ende" optional="1" enumeration_uid="5056" />
<question item_id="5792" mid="VAR5792" datatype="NAR" page_number="40" question_text="Tiltak gjort for &#229; oppn&#229; m&#229;let" optional="1" multiline="0" />
<question item_id="5793" mid="VAR5793" datatype="ORD" page_number="40" question_text="Effekt av tiltaket" optional="1" enumeration_uid="5793" />
<question item_id="5055" mid="VAR5055" datatype="ORD" page_number="41" question_text="P&#197;R&#216;RENDE er klar over at pasienten er d&#248;ende" optional="1" enumeration_uid="5055" />
<question item_id="5794" mid="VAR5794" datatype="NAR" page_number="42" question_text="Tiltak gjort for &#229; oppn&#229; m&#229;let" optional="1" multiline="0" />
<question item_id="5795" mid="VAR5795" datatype="ORD" page_number="42" question_text="Effekt av tiltaket" optional="1" enumeration_uid="5795" />
<question item_id="5058" mid="VAR5058" datatype="ORD" page_number="43" page_title="Religi&#248;s / &#229;ndelig omsorg" question_text="Religi&#248;se / &#229;ndelige behov er vurdert med PASIENTEN" optional="1" enumeration_uid="5058" />
<question item_id="5796" mid="VAR5796" datatype="NAR" page_number="44" question_text="Tiltak gjort for &#229; oppn&#229; m&#229;let" optional="1" multiline="0" />
<question item_id="5797" mid="VAR5797" datatype="ORD" page_number="44" question_text="Effekt av tiltaket" optional="1" enumeration_uid="5797" />
<question item_id="5057" mid="VAR5057" datatype="ORD" page_number="45" question_text="Religi&#248;se / &#229;ndelige behov er vurdert med P&#197;R&#216;RENDE" optional="1" enumeration_uid="5057" />
<question item_id="5772" mid="VAR5772" datatype="NAR" page_number="46" question_text="Tiltak gjort for &#229; oppn&#229; m&#229;let" optional="1" multiline="0" />
<question item_id="5773" mid="VAR5773" datatype="ORD" page_number="46" question_text="Effekt av tiltaket" optional="1" enumeration_uid="5773" />
<question item_id="5059" mid="VAR5059" datatype="ORD" page_number="47" question_text="Pasientens trosretning eller livssyn er kjent" optional="1" enumeration_uid="5059" />
<question item_id="5768" mid="VAR5768" datatype="NAR" page_number="48" question_text="Tiltak gjort for &#229; oppn&#229; m&#229;let" optional="1" multiline="0" />
<question item_id="5769" mid="VAR5769" datatype="ORD" page_number="48" question_text="Effekt av tiltaket" optional="1" enumeration_uid="5769" />
<question item_id="5060" mid="VAR5060" datatype="NAR" page_number="49" question_text="Pasientens trosretning eller livssyn:" optional="1" multiline="0" />
<question item_id="5061" mid="VAR5061" datatype="ORD" page_number="50" question_text="Gitt tilbud om kontakt med prest / annen kontaktperson" optional="1" enumeration_uid="5061" />
<question item_id="5764" mid="VAR5764" datatype="NAR" page_number="51" question_text="Tiltak gjort for &#229; oppn&#229; m&#229;let" optional="1" multiline="0" />
<question item_id="5765" mid="VAR5765" datatype="ORD" page_number="51" question_text="Effekt av tiltaket" optional="1" enumeration_uid="5765" />
<question item_id="5063" mid="VAR5063" datatype="NAR" page_number="52" question_text="Navn p&#229; prest / kontaktperson" optional="1" multiline="0" />
<question item_id="5062" mid="VAR5062" datatype="NAR" page_number="52" question_text="Telefon-nummer til prest / kontaktperson" optional="1" multiline="0" />
<question item_id="5064" mid="VAR5064" datatype="NAR" page_number="52" question_text="Eventuelle kommentarer til religi&#248;se / &#229;ndelige behov" optional="1" multiline="1" help_text="Spesielle behov n&#229;, i forbindelse med d&#248;dsfallet, etter d&#248;dsfallet" />
<question item_id="3426" mid="NEXTOFKIN_NAME" datatype="NAR" page_number="53" page_title="Kommunikasjon med p&#229;r&#248;rende" header="Navn*" question_text="N&#230;rmeste p&#229;r&#248;rende" optional="0" exclude_caption="1" multiline="0" group_id="NEXTOFKIN_NAME" />
<question item_id="5065" mid="VAR5065" datatype="ORD" page_number="53" page_title="Kommunikasjon med p&#229;r&#248;rende" question_text="Hvordan &#248;nsker p&#229;r&#248;rende &#229; bli informert ved forandring av pasientens tilstand?" optional="1" enumeration_uid="5065" />
<question item_id="5070" mid="VAR5070" datatype="ORD" page_number="53" page_title="Kommunikasjon med p&#229;r&#248;rende" question_text="P&#229;r&#248;rende er gitt skriftlig informasjon om institusjonen" optional="1" enumeration_uid="5070" help_text="om parkering, mat, drikke, overnatting, og annen praktisk informasjon" />
<question item_id="5780" mid="VAR5780" datatype="NAR" page_number="54" question_text="Tiltak gjort for &#229; oppn&#229; m&#229;let" optional="1" multiline="0" />
<question item_id="5781" mid="VAR5781" datatype="ORD" page_number="54" question_text="Effekt av tiltaket" optional="1" enumeration_uid="5781" />
<question item_id="5071" mid="VAR5071" datatype="ORD" page_number="55" page_title="Kommunikasjon med prim&#230;rhelsetjenesten" page_introduction="(Dersom ikke fast beboer)" question_text="Pasientens fastlege er klar over pasientens tilstand" optional="1" enumeration_uid="5071" />
<question item_id="5778" mid="VAR5778" datatype="NAR" page_number="56" question_text="Tiltak gjort for &#229; oppn&#229; m&#229;let" optional="1" multiline="0" />
<question item_id="5779" mid="VAR5779" datatype="ORD" page_number="56" question_text="Effekt av tiltaket" optional="1" enumeration_uid="5779" />
<question item_id="5072" mid="VAR5072" datatype="ORD" page_number="57" question_text="Hjemmesykepleien er informert om pasientens tilstand" optional="1" enumeration_uid="5072" />
<question item_id="5776" mid="VAR5776" datatype="NAR" page_number="58" question_text="Tiltak gjort for &#229; oppn&#229; m&#229;let" optional="1" multiline="0" />
<question item_id="5777" mid="VAR5777" datatype="ORD" page_number="58" question_text="Effekt av tiltaket" optional="1" enumeration_uid="5777" />
<question item_id="5075" mid="VAR5075" datatype="ORD" page_number="59" page_title="Sammendrag" question_text="Videre behandling er forklart for og diskutert med PASIENTEN" optional="1" enumeration_uid="5075" />
<question item_id="5786" mid="VAR5786" datatype="NAR" page_number="60" question_text="Tiltak gjort for &#229; oppn&#229; m&#229;let" optional="1" multiline="0" />
<question item_id="5787" mid="VAR5787" datatype="ORD" page_number="60" question_text="Effekt av tiltaket" optional="1" enumeration_uid="5787" />
<question item_id="5074" mid="VAR5074" datatype="ORD" page_number="61" question_text="Videre behandling er forklart for og diskutert med P&#197;R&#216;RENDE" optional="1" enumeration_uid="5074" />
<question item_id="5788" mid="VAR5788" datatype="NAR" page_number="62" question_text="Tiltak gjort for &#229; oppn&#229; m&#229;let" optional="1" multiline="0" />
<question item_id="5789" mid="VAR5789" datatype="ORD" page_number="62" question_text="Effekt av tiltaket" optional="1" enumeration_uid="5789" />
<question item_id="5076" mid="VAR5076" datatype="ORD" page_number="63" question_text="P&#229;r&#248;rende sier at de forst&#229;r innholdet i tiltaksplanen" optional="1" enumeration_uid="5076" help_text="P&#229;r&#248;rende er klar over at videre behandling og pleie har fokus p&#229; at pasienten er d&#248;ende. P&#229;r&#248;rende har fortalt om sine &#248;nsker og bekymringer og disse er dokumentert." />
<question item_id="5798" mid="VAR5798" datatype="NAR" page_number="64" question_text="Tiltak gjort for &#229; oppn&#229; m&#229;let" optional="1" multiline="0" />
<question item_id="5799" mid="VAR5799" datatype="ORD" page_number="64" question_text="Effekt av tiltaket" optional="1" enumeration_uid="5799" />

<!-- Start: Form actions, generated XML -->

<question_action master_question_mid="VAR5016" detail_question_mid="VAR5018" enum_item_value="1" activate="1" />
<question_action master_question_mid="VAR5017" detail_question_mid="VAR5018" enum_item_value="1" activate="1" />
<question_action master_question_mid="VAR5016" detail_question_mid="VAR5019" enum_item_value="1" activate="1" />
<question_action master_question_mid="VAR5017" detail_question_mid="VAR5019" enum_item_value="1" activate="1" />
<question_action master_question_mid="VAR5016" detail_question_mid="VAR5020" enum_item_value="1" activate="1" />
<question_action master_question_mid="VAR5017" detail_question_mid="VAR5020" enum_item_value="1" activate="1" />
<question_action master_question_mid="VAR5016" detail_question_mid="VAR5021" enum_item_value="1" activate="1" />
<question_action master_question_mid="VAR5017" detail_question_mid="VAR5021" enum_item_value="1" activate="1" />
<question_action master_question_mid="VAR5016" detail_question_mid="VAR5158" enum_item_value="1" activate="1" />
<question_action master_question_mid="VAR5017" detail_question_mid="VAR5158" enum_item_value="1" activate="1" />
<question_action master_question_mid="VAR5158" detail_question_mid="VAR5022" enum_item_value="1" activate="1" />
<question_action master_question_mid="VAR5158" detail_question_mid="VAR5024" enum_item_value="1" activate="1" />
<question_action master_question_mid="VAR5158" detail_question_mid="VAR5025" enum_item_value="1" activate="1" />
<question_action master_question_mid="VAR5158" detail_question_mid="VAR5026" enum_item_value="1" activate="1" />
<question_action master_question_mid="VAR5158" detail_question_mid="VAR5027" enum_item_value="1" activate="1" />
<question_action master_question_mid="VAR5158" detail_question_mid="VAR5028" enum_item_value="1" activate="1" />
<question_action master_question_mid="VAR5158" detail_question_mid="VAR5029" enum_item_value="1" activate="1" />
<question_action master_question_mid="VAR5158" detail_question_mid="VAR5030" enum_item_value="1" activate="1" />
<question_action master_question_mid="VAR5158" detail_question_mid="VAR5031" enum_item_value="1" activate="1" />
<question_action master_question_mid="VAR5158" detail_question_mid="VAR5032" enum_item_value="1" activate="1" />
<question_action master_question_mid="VAR5158" detail_question_mid="VAR5033" enum_item_value="1" activate="1" />
<question_action master_question_mid="VAR5158" detail_question_mid="VAR5034" enum_item_value="1" activate="1" />
<question_action master_question_mid="VAR5158" detail_question_mid="VAR5035" enum_item_value="1" activate="1" />
<question_action master_question_mid="VAR5158" detail_question_mid="VAR5036" enum_item_value="1" activate="1" />
<question_action master_question_mid="VAR5158" detail_question_mid="VAR5023" enum_item_value="1" activate="1" />
<question_action master_question_mid="VAR5158" detail_question_mid="VAR5037" enum_item_value="1" activate="1" />
<question_action master_question_mid="VAR5158" detail_question_mid="VAR5038" enum_item_value="1" activate="1" />
<question_action master_question_mid="VAR5038" detail_question_mid="VAR5289" enum_item_value="2" activate="1" />
<question_action master_question_mid="VAR5038" detail_question_mid="VAR5290" enum_item_value="2" activate="1" />
<question_action master_question_mid="VAR5158" detail_question_mid="VAR5040" enum_item_value="1" activate="1" />
<question_action master_question_mid="VAR5040" detail_question_mid="VAR5285" enum_item_value="2" activate="1" />
<question_action master_question_mid="VAR5040" detail_question_mid="VAR5286" enum_item_value="2" activate="1" />
<question_action master_question_mid="VAR5158" detail_question_mid="VAR5041" enum_item_value="1" activate="1" />
<question_action master_question_mid="VAR5041" detail_question_mid="VAR5110" enum_item_value="2" activate="1" />
<question_action master_question_mid="VAR5041" detail_question_mid="VAR5111" enum_item_value="2" activate="1" />
<question_action master_question_mid="VAR5158" detail_question_mid="VAR5042" enum_item_value="1" activate="1" />
<question_action master_question_mid="VAR5042" detail_question_mid="VAR5307" enum_item_value="2" activate="1" />
<question_action master_question_mid="VAR5042" detail_question_mid="VAR5308" enum_item_value="2" activate="1" />
<question_action master_question_mid="VAR5158" detail_question_mid="VAR5043" enum_item_value="1" activate="1" />
<question_action master_question_mid="VAR5043" detail_question_mid="VAR5305" enum_item_value="2" activate="1" />
<question_action master_question_mid="VAR5043" detail_question_mid="VAR5306" enum_item_value="2" activate="1" />
<question_action master_question_mid="VAR5158" detail_question_mid="VAR5039" enum_item_value="1" activate="1" />
<question_action master_question_mid="VAR5039" detail_question_mid="VAR5303" enum_item_value="2" activate="1" />
<question_action master_question_mid="VAR5039" detail_question_mid="VAR5304" enum_item_value="2" activate="1" />
<question_action master_question_mid="VAR5158" detail_question_mid="VAR5045" enum_item_value="1" activate="1" />
<question_action master_question_mid="VAR5045" detail_question_mid="VAR5301" enum_item_value="2" activate="1" />
<question_action master_question_mid="VAR5045" detail_question_mid="VAR5302" enum_item_value="2" activate="1" />
<question_action master_question_mid="VAR5158" detail_question_mid="VAR5046" enum_item_value="1" activate="1" />
<question_action master_question_mid="VAR5046" detail_question_mid="VAR5299" enum_item_value="2" activate="1" />
<question_action master_question_mid="VAR5046" detail_question_mid="VAR5300" enum_item_value="2" activate="1" />
<question_action master_question_mid="VAR5158" detail_question_mid="VAR5044" enum_item_value="1" activate="1" />
<question_action master_question_mid="VAR5044" detail_question_mid="VAR5295" enum_item_value="2" activate="1" />
<question_action master_question_mid="VAR5044" detail_question_mid="VAR5296" enum_item_value="2" activate="1" />
<question_action master_question_mid="VAR5158" detail_question_mid="VAR5047" enum_item_value="1" activate="1" />
<question_action master_question_mid="VAR5047" detail_question_mid="VAR5297" enum_item_value="2" activate="1" />
<question_action master_question_mid="VAR5047" detail_question_mid="VAR5298" enum_item_value="2" activate="1" />
<question_action master_question_mid="VAR5158" detail_question_mid="VAR5048" enum_item_value="1" activate="1" />
<question_action master_question_mid="VAR5048" detail_question_mid="VAR5291" enum_item_value="2" activate="1" />
<question_action master_question_mid="VAR5048" detail_question_mid="VAR5292" enum_item_value="2" activate="1" />
<question_action master_question_mid="VAR5158" detail_question_mid="VAR5049" enum_item_value="1" activate="1" />
<question_action master_question_mid="VAR5049" detail_question_mid="VAR5790" enum_item_value="2" activate="1" />
<question_action master_question_mid="VAR5049" detail_question_mid="VAR5791" enum_item_value="2" activate="1" />
<question_action master_question_mid="VAR5158" detail_question_mid="VAR5050" enum_item_value="1" activate="1" />
<question_action master_question_mid="VAR5050" detail_question_mid="VAR5293" enum_item_value="2" activate="1" />
<question_action master_question_mid="VAR5050" detail_question_mid="VAR5294" enum_item_value="2" activate="1" />
<question_action master_question_mid="VAR5158" detail_question_mid="VAR5051" enum_item_value="1" activate="1" />
<question_action master_question_mid="VAR5051" detail_question_mid="VAR5784" enum_item_value="2" activate="1" />
<question_action master_question_mid="VAR5051" detail_question_mid="VAR5785" enum_item_value="2" activate="1" />
<question_action master_question_mid="VAR5158" detail_question_mid="VAR5052" enum_item_value="1" activate="1" />
<question_action master_question_mid="VAR5052" detail_question_mid="VAR5287" enum_item_value="2" activate="1" />
<question_action master_question_mid="VAR5052" detail_question_mid="VAR5288" enum_item_value="2" activate="1" />
<question_action master_question_mid="VAR5158" detail_question_mid="VAR5054" enum_item_value="1" activate="1" />
<question_action master_question_mid="VAR5054" detail_question_mid="VAR5774" enum_item_value="2" activate="1" />
<question_action master_question_mid="VAR5054" detail_question_mid="VAR5775" enum_item_value="2" activate="1" />
<question_action master_question_mid="VAR5158" detail_question_mid="VAR5053" enum_item_value="1" activate="1" />
<question_action master_question_mid="VAR5053" detail_question_mid="VAR5770" enum_item_value="2" activate="1" />
<question_action master_question_mid="VAR5053" detail_question_mid="VAR5771" enum_item_value="2" activate="1" />
<question_action master_question_mid="VAR5158" detail_question_mid="VAR5056" enum_item_value="1" activate="1" />
<question_action master_question_mid="VAR5056" detail_question_mid="VAR5792" enum_item_value="2" activate="1" />
<question_action master_question_mid="VAR5056" detail_question_mid="VAR5793" enum_item_value="2" activate="1" />
<question_action master_question_mid="VAR5158" detail_question_mid="VAR5055" enum_item_value="1" activate="1" />
<question_action master_question_mid="VAR5055" detail_question_mid="VAR5794" enum_item_value="2" activate="1" />
<question_action master_question_mid="VAR5055" detail_question_mid="VAR5795" enum_item_value="2" activate="1" />
<question_action master_question_mid="VAR5158" detail_question_mid="VAR5058" enum_item_value="1" activate="1" />
<question_action master_question_mid="VAR5058" detail_question_mid="VAR5796" enum_item_value="2" activate="1" />
<question_action master_question_mid="VAR5058" detail_question_mid="VAR5797" enum_item_value="2" activate="1" />
<question_action master_question_mid="VAR5158" detail_question_mid="VAR5057" enum_item_value="1" activate="1" />
<question_action master_question_mid="VAR5057" detail_question_mid="VAR5772" enum_item_value="2" activate="1" />
<question_action master_question_mid="VAR5057" detail_question_mid="VAR5773" enum_item_value="2" activate="1" />
<question_action master_question_mid="VAR5158" detail_question_mid="VAR5059" enum_item_value="1" activate="1" />
<question_action master_question_mid="VAR5059" detail_question_mid="VAR5768" enum_item_value="2" activate="1" />
<question_action master_question_mid="VAR5059" detail_question_mid="VAR5769" enum_item_value="2" activate="1" />
<question_action master_question_mid="VAR5059" detail_question_mid="VAR5060" enum_item_value="1" activate="1" />
<question_action master_question_mid="VAR5158" detail_question_mid="VAR5061" enum_item_value="1" activate="1" />
<question_action master_question_mid="VAR5061" detail_question_mid="VAR5764" enum_item_value="2" activate="1" />
<question_action master_question_mid="VAR5061" detail_question_mid="VAR5765" enum_item_value="2" activate="1" />
<question_action master_question_mid="VAR5061" detail_question_mid="VAR5063" enum_item_value="1" activate="1" />
<question_action master_question_mid="VAR5061" detail_question_mid="VAR5062" enum_item_value="1" activate="1" />
<question_action master_question_mid="VAR5061" detail_question_mid="VAR5064" enum_item_value="1" activate="1" />
<question_action master_question_mid="VAR5158" detail_question_mid="NEXTOFKIN_NAME" enum_item_value="1" activate="1" />
<question_action master_question_mid="VAR5158" detail_question_mid="VAR5065" enum_item_value="1" activate="1" />
<question_action master_question_mid="VAR5158" detail_question_mid="VAR5070" enum_item_value="1" activate="1" />
<question_action master_question_mid="VAR5070" detail_question_mid="VAR5780" enum_item_value="2" activate="1" />
<question_action master_question_mid="VAR5070" detail_question_mid="VAR5781" enum_item_value="2" activate="1" />
<question_action master_question_mid="VAR5158" detail_question_mid="VAR5071" enum_item_value="1" activate="1" />
<question_action master_question_mid="VAR5071" detail_question_mid="VAR5778" enum_item_value="2" activate="1" />
<question_action master_question_mid="VAR5071" detail_question_mid="VAR5779" enum_item_value="2" activate="1" />
<question_action master_question_mid="VAR5158" detail_question_mid="VAR5072" enum_item_value="1" activate="1" />
<question_action master_question_mid="VAR5072" detail_question_mid="VAR5776" enum_item_value="2" activate="1" />
<question_action master_question_mid="VAR5072" detail_question_mid="VAR5777" enum_item_value="2" activate="1" />
<question_action master_question_mid="VAR5158" detail_question_mid="VAR5075" enum_item_value="1" activate="1" />
<question_action master_question_mid="VAR5075" detail_question_mid="VAR5786" enum_item_value="2" activate="1" />
<question_action master_question_mid="VAR5075" detail_question_mid="VAR5787" enum_item_value="2" activate="1" />
<question_action master_question_mid="VAR5158" detail_question_mid="VAR5074" enum_item_value="1" activate="1" />
<question_action master_question_mid="VAR5074" detail_question_mid="VAR5788" enum_item_value="2" activate="1" />
<question_action master_question_mid="VAR5074" detail_question_mid="VAR5789" enum_item_value="2" activate="1" />
<question_action master_question_mid="VAR5158" detail_question_mid="VAR5076" enum_item_value="1" activate="1" />
<question_action master_question_mid="VAR5076" detail_question_mid="VAR5798" enum_item_value="2" activate="1" />
<question_action master_question_mid="VAR5076" detail_question_mid="VAR5799" enum_item_value="2" activate="1" />
</form>
