<?xml version="1.0" encoding="ISO-8859-1"?>
<form form_id="515" form_uid="LCP1a" title="LCP del 1a - F&#248;rste vurdering" calculate_invalid="False" rating_scale="False" status="Closed" repeatable="1" >
<instructions></instructions>

<!-- Start: Form enums, generated XML -->

<enumeration enumeration_uid="4255">
  <enum_item value="1" text="Mann" short_code="M" answer_id="22860" />
  <enum_item value="2" text="Kvinne" short_code="K" answer_id="22861" />
</enumeration>

<enumeration enumeration_uid="5018">
  <enum_item value="1" text="Ja" answer_id="27899" />
  <enum_item value="2" text="Nei" short_code="N" answer_id="27900" />
</enumeration>

<enumeration enumeration_uid="5019">
  <enum_item value="1" text="Ja" answer_id="27901" />
  <enum_item value="2" text="Nei" short_code="N" answer_id="27902" />
</enumeration>

<enumeration enumeration_uid="5023">
  <enum_item value="1" text="Ja" answer_id="27907" />
  <enum_item value="2" text="Nei" short_code="N" answer_id="27908" />
</enumeration>

<enumeration enumeration_uid="5024">
  <enum_item value="1" text="Ja" answer_id="27909" />
  <enum_item value="2" text="Nei" short_code="N" answer_id="27910" />
</enumeration>

<enumeration enumeration_uid="5025">
  <enum_item value="1" text="Ja" answer_id="27911" />
  <enum_item value="2" text="Nei" short_code="N" answer_id="27912" />
</enumeration>

<enumeration enumeration_uid="5026">
  <enum_item value="1" text="Ja" answer_id="27913" />
  <enum_item value="2" text="Nei" short_code="N" answer_id="27914" />
</enumeration>

<enumeration enumeration_uid="5028">
  <enum_item value="1" text="Ja" answer_id="27917" />
  <enum_item value="2" text="Nei" short_code="N" answer_id="27918" />
</enumeration>

<enumeration enumeration_uid="5030">
  <enum_item value="1" text="Ja" answer_id="27921" />
  <enum_item value="2" text="Nei" short_code="N" answer_id="27922" />
</enumeration>

<enumeration enumeration_uid="5031">
  <enum_item value="1" text="Ja" answer_id="27923" />
  <enum_item value="2" text="Nei" short_code="N" answer_id="27924" />
</enumeration>

<enumeration enumeration_uid="5034">
  <enum_item value="1" text="Ja" answer_id="27929" />
  <enum_item value="2" text="Nei" short_code="N" answer_id="27930" />
</enumeration>

<enumeration enumeration_uid="5035">
  <enum_item value="1" text="Ja" answer_id="27931" />
  <enum_item value="2" text="Nei" short_code="N" answer_id="27932" />
</enumeration>

<enumeration enumeration_uid="5045">
  <enum_item value="1" text="Ja" answer_id="27984" />
  <enum_item value="2" text="Nei" short_code="N" answer_id="27985" />
  <enum_item value="3" text="Tiltaket ikke aktuelt" answer_id="27986" />
</enumeration>

<enumeration enumeration_uid="5046">
  <enum_item value="1" text="Ja" answer_id="27987" />
  <enum_item value="2" text="Nei" short_code="N" answer_id="27988" />
  <enum_item value="3" text="Tiltaket ikke aktuelt" answer_id="27989" />
</enumeration>

<enumeration enumeration_uid="5111">
  <enum_item value="1" text="God (m&#229;l oppn&#229;dd)" answer_id="28208" />
  <enum_item value="2" text="Noe" answer_id="28209" />
  <enum_item value="3" text="Ingen" answer_id="28210" />
</enumeration>

<enumeration enumeration_uid="5158">
  <enum_item value="1" text="Ja" answer_id="28495" />
  <enum_item value="2" text="Nei (LCP b&#248;r ikke iverksettes)" answer_id="28496" />
</enumeration>

<enumeration enumeration_uid="5286">
  <enum_item value="1" text="God (m&#229;l oppn&#229;dd)" answer_id="28803" />
  <enum_item value="2" text="Noe" answer_id="28804" />
  <enum_item value="3" text="Ingen" answer_id="28805" />
</enumeration>

<enumeration enumeration_uid="5290">
  <enum_item value="1" text="God (m&#229;l oppn&#229;dd)" answer_id="28809" />
  <enum_item value="2" text="Noe" answer_id="28810" />
  <enum_item value="3" text="Ingen" answer_id="28811" />
</enumeration>

<enumeration enumeration_uid="5292">
  <enum_item value="1" text="God (m&#229;l oppn&#229;dd)" answer_id="28812" />
  <enum_item value="2" text="Noe" answer_id="28813" />
  <enum_item value="3" text="Ingen" answer_id="28814" />
</enumeration>

<enumeration enumeration_uid="5296">
  <enum_item value="1" text="God (m&#229;l oppn&#229;dd)" answer_id="28818" />
  <enum_item value="2" text="Noe" answer_id="28819" />
  <enum_item value="3" text="Ingen" answer_id="28820" />
</enumeration>

<enumeration enumeration_uid="5298">
  <enum_item value="1" text="God (m&#229;l oppn&#229;dd)" answer_id="28821" />
  <enum_item value="2" text="Noe" answer_id="28822" />
  <enum_item value="3" text="Ingen" answer_id="28823" />
</enumeration>

<enumeration enumeration_uid="5300">
  <enum_item value="1" text="God (m&#229;l oppn&#229;dd)" answer_id="28824" />
  <enum_item value="2" text="Noe" answer_id="28825" />
  <enum_item value="3" text="Ingen" answer_id="28826" />
</enumeration>

<enumeration enumeration_uid="5302">
  <enum_item value="1" text="God (m&#229;l oppn&#229;dd)" answer_id="28827" />
  <enum_item value="2" text="Noe" answer_id="28828" />
  <enum_item value="3" text="Ingen" answer_id="28829" />
</enumeration>

<enumeration enumeration_uid="5304">
  <enum_item value="1" text="God (m&#229;l oppn&#229;dd)" answer_id="28830" />
  <enum_item value="2" text="Noe" answer_id="28831" />
  <enum_item value="3" text="Ingen" answer_id="28832" />
</enumeration>

<enumeration enumeration_uid="5306">
  <enum_item value="1" text="God (m&#229;l oppn&#229;dd)" answer_id="28833" />
  <enum_item value="2" text="Noe" answer_id="28834" />
  <enum_item value="3" text="Ingen" answer_id="28835" />
</enumeration>

<enumeration enumeration_uid="5308">
  <enum_item value="1" text="God (m&#229;l oppn&#229;dd)" answer_id="28836" />
  <enum_item value="2" text="Noe" answer_id="28837" />
  <enum_item value="3" text="Ingen" answer_id="28838" />
</enumeration>

<enumeration enumeration_uid="6294">
  <enum_item value="1" text="Ja" answer_id="33302" />
  <enum_item value="2" text="Nei" short_code="N" answer_id="33303" />
</enumeration>

<enumeration enumeration_uid="6477">
  <enum_item value="1" text="Ja" answer_id="34711" />
  <enum_item value="2" text="Nei" short_code="N" answer_id="34712" />
</enumeration>

<enumeration enumeration_uid="6478">
  <enum_item value="1" text="Ja" answer_id="34713" />
  <enum_item value="2" text="Nei" short_code="N" answer_id="34714" />
</enumeration>

<enumeration enumeration_uid="6479">
  <enum_item value="1" text="Ja" answer_id="34715" />
  <enum_item value="2" text="Nei" short_code="N" answer_id="34716" />
</enumeration>

<enumeration enumeration_uid="6480">
  <enum_item value="1" text="Ja" answer_id="34717" />
  <enum_item value="2" text="Nei" short_code="N" answer_id="34718" />
</enumeration>

<enumeration enumeration_uid="6487">
  <enum_item value="1" text="Norsk" answer_id="34799" />
  <enum_item value="2" text="Utenlandsk" answer_id="34800" />
</enumeration>

<enumeration enumeration_uid="6490">
  <enum_item value="1" text="Ja" answer_id="34801" />
  <enum_item value="2" text="Nei" short_code="N" answer_id="34802" />
</enumeration>

<enumeration enumeration_uid="6491">
  <enum_item value="1" text="Ja" answer_id="34803" />
  <enum_item value="2" text="Nei" short_code="N" answer_id="34804" />
</enumeration>

<enumeration enumeration_uid="6492">
  <enum_item value="1" text="Ja" answer_id="34805" />
  <enum_item value="2" text="Nei" short_code="N" answer_id="34806" />
</enumeration>

<enumeration enumeration_uid="6493">
  <enum_item value="1" text="Ja" answer_id="34807" />
  <enum_item value="2" text="Nei" short_code="N" answer_id="34808" />
</enumeration>

<enumeration enumeration_uid="6494">
  <enum_item value="1" text="Ja" answer_id="34809" />
  <enum_item value="2" text="Nei" short_code="N" answer_id="34810" />
</enumeration>

<enumeration enumeration_uid="6495">
  <enum_item value="1" text="Ja" answer_id="34811" />
  <enum_item value="2" text="Nei" short_code="N" answer_id="34812" />
</enumeration>

<enumeration enumeration_uid="6497">
  <enum_item value="1" text="Ja" answer_id="34813" />
  <enum_item value="2" text="Nei" short_code="N" answer_id="34814" />
</enumeration>

<enumeration enumeration_uid="6498">
  <enum_item value="1" text="Ja" answer_id="34815" />
  <enum_item value="2" text="Nei" short_code="N" answer_id="34816" />
</enumeration>

<enumeration enumeration_uid="6499">
  <enum_item value="1" text="Ja" answer_id="34817" />
  <enum_item value="2" text="Nei" short_code="N" answer_id="34818" />
</enumeration>

<enumeration enumeration_uid="6500">
  <enum_item value="1" text="Ja" answer_id="34819" />
  <enum_item value="2" text="Nei" short_code="N" answer_id="34820" />
</enumeration>

<enumeration enumeration_uid="6501">
  <enum_item value="1" text="Ja" answer_id="34821" />
  <enum_item value="2" text="Nei" short_code="N" answer_id="34822" />
</enumeration>

<enumeration enumeration_uid="6502">
  <enum_item value="1" text="Ja" answer_id="34823" />
  <enum_item value="2" text="Nei" short_code="N" answer_id="34824" />
  <enum_item value="3" text="Ikke aktuelt" answer_id="34832" />
</enumeration>

<enumeration enumeration_uid="6503">
  <enum_item value="1" text="Ja" answer_id="34825" />
  <enum_item value="2" text="Nei" short_code="N" answer_id="34826" />
</enumeration>

<enumeration enumeration_uid="6504">
  <enum_item value="1" text="Ja" answer_id="34827" />
  <enum_item value="2" text="Nei" short_code="N" answer_id="34828" />
  <enum_item value="3" text="Ikke aktuelt" answer_id="34829" />
</enumeration>

<enumeration enumeration_uid="6876">
  <enum_item value="1" text="Ja" answer_id="38005" />
  <enum_item value="2" text="Nei" short_code="N" answer_id="38006" />
</enumeration>

<enumeration enumeration_uid="6947">
  <enum_item value="1" text="Ja" answer_id="38519" />
  <enum_item value="2" text="Nei" short_code="N" answer_id="38520" />
</enumeration>

<!-- Start: Form items, generated XML -->

<question item_id="6875" mid="VAR6875" datatype="MSG" page_number="1" page_title="Brukerveiledning" page_introduction="N&#229;r denne planen settes i gang, erstatter den all annen dokumentasjon, og blir den eneste form for rapport som brukes. Helsepersonell st&#229;r fritt til &#229; gj&#248;re sine egne faglige vurderinger, men enhver endring i forhold til de anbefalte retningslinjene i tiltaksplanen skal dokumenteres som et avvik. Dokumentasjon av medikament-forordning og -utlevering f&#248;lger sykehjemmets vanlige retningslinjer." header="Merk" question_text="Alle m&#229;l er uthevet med utropstegn. Tiltak som er en hjelp til &#229; n&#229; m&#229;lene, st&#229;r oppf&#248;rt under m&#229;let. Retningslinjer for symptomlindring og LCP i papirversjon er tilgjengelig i vedlagte pdf-dokument. V&#230;r snill og henvis til disse n&#229;r det trengs. Trykk p&#229; &quot;Papirskjema&quot; for &#229; se disse, og eventuelt skrive ut." optional="1" />
<question item_id="6477" mid="VAR6477" datatype="ORD" page_number="2" page_title="Kriterier for &#229; bruke denne tiltaksplanen for omsorg til d&#248;ende:" question_text="Alle mulige reversible &#229;rsaker til pasientens tilstand er vurdert." optional="0" enumeration_uid="6477" />
<question item_id="6478" mid="VAR6478" datatype="ORD" page_number="2" page_title="Kriterier for &#229; bruke denne tiltaksplanen for omsorg til d&#248;ende:" question_text="Det tverrfaglige teamet er enige om at pasienten er d&#248;ende." optional="0" enumeration_uid="6478" />
<question item_id="6947" mid="VAR6947" datatype="ORD" page_number="2" page_title="Kriterier for &#229; bruke denne tiltaksplanen for omsorg til d&#248;ende:" question_text="Begge kriterier oppfylt" optional="1" visible="-1" expression="2-ISNULL(VAR6477-1)*ISNULL(VAR6478-1)" enumeration_uid="6947" />
<question item_id="5018" mid="VAR5018" datatype="ORD" page_number="3" page_title="Hjelpekriterier" page_introduction="To av f&#248;lgende kriterier vil vanligvis v&#230;re oppfylt." question_text="Pasienten er sengeliggende" optional="0" enumeration_uid="5018" />
<question item_id="5019" mid="VAR5019" datatype="ORD" page_number="3" page_title="Hjelpekriterier" page_introduction="To av f&#248;lgende kriterier vil vanligvis v&#230;re oppfylt." question_text="Pasienten er i lengre perioder ikke kontaktbar" optional="0" enumeration_uid="5019" />
<question item_id="6479" mid="VAR6479" datatype="ORD" page_number="3" page_title="Hjelpekriterier" page_introduction="To av f&#248;lgende kriterier vil vanligvis v&#230;re oppfylt." question_text="Pasienten klarer bare &#229; drikke sm&#229; slurker" optional="0" enumeration_uid="6479" />
<question item_id="6480" mid="VAR6480" datatype="ORD" page_number="3" page_title="Hjelpekriterier" page_introduction="To av f&#248;lgende kriterier vil vanligvis v&#230;re oppfylt." question_text="Pasienten kan ikke lenger svelge tabletter" optional="0" enumeration_uid="6480" />
<question item_id="5158" mid="VAR5158" datatype="ORD" page_number="3" page_title="Hjelpekriterier" page_introduction="To av f&#248;lgende kriterier vil vanligvis v&#230;re oppfylt." question_text="To eller flere kriterier oppfylt" optional="1" visible="-1" expression="2-ISPOS( ISNULL(VAR5018-1) + ISNULL(VAR5019-1) + ISNULL(VAR6479-1) + ISNULL(VAR6480-1) - 1 )" enumeration_uid="5158" />
<question item_id="6296" mid="VAR6296" datatype="NAR" page_number="4" page_title="Tverrfaglig team" question_text="Det tverrfaglige teamet best&#229;r av f&#248;lgende helsepersonell (minimum en lege og en sykepleier)" optional="0" multiline="0" />
<question item_id="6294" mid="VAR6294" datatype="ORD" page_number="4" page_title="Tverrfaglig team" question_text="Pasienten er unders&#248;kt av lege i forbindelse med den aktuelle vurdering" optional="0" enumeration_uid="6294" />
<question item_id="6295" mid="VAR6295" datatype="NAR" page_number="5" question_text="NB - skjema kan fylles ut i samr&#229;d med lege, men skjemaet b&#248;r st&#229; usignert inntil pasienten ved n&#230;rmeste anledning er tilsett av lege, som signerer skjemaet elektronisk." optional="0" multiline="0" />
<question item_id="4085" mid="GBD_INNDATO" datatype="DATE" page_number="6" page_title="DEL 1 - VURDERING VED INKLUSJON" header="Ankom" question_text="Innlagt dato" optional="0" carry_forward="1" min_value="DOB" max_value="FORMDATE-1" help_text="Gjelder aktuelt opphold." group_id="GBD_INNDATO" />
<question item_id="4255" mid="SEX" datatype="ORD" page_number="6" page_title="DEL 1 - VURDERING VED INKLUSJON" question_text="Kj&#248;nn" optional="0" visible="-1" read_only="1" expression="Patient.GenderId" enumeration_uid="4255" help_text="Skjult" group_id="SEX" />
<question item_id="6487" mid="VAR6487" datatype="ORD" page_number="6" page_title="DEL 1 - VURDERING VED INKLUSJON" question_text="Nasjonalitet" optional="0" enumeration_uid="6487" />
<question item_id="6488" mid="VAR6488" datatype="NAR" page_number="7" question_text="Spesisifiser utenlandsk nasjonalitet" optional="0" multiline="0" />
<question item_id="6490" mid="VAR6490" datatype="ORD" page_number="8" page_title="Symptomer og funn" question_text="Klarer ikke &#229; svelge" optional="0" enumeration_uid="6490" />
<question item_id="5031" mid="VAR5031" datatype="ORD" page_number="8" page_title="Symptomer og funn" question_text="Kvalme" optional="0" enumeration_uid="5031" />
<question item_id="6491" mid="VAR6491" datatype="ORD" page_number="8" page_title="Symptomer og funn" question_text="Brekninger, oppkast" optional="0" enumeration_uid="6491" />
<question item_id="6876" mid="VAR6876" datatype="ORD" page_number="8" page_title="Symptomer og funn" question_text="Obstipert" optional="0" enumeration_uid="6876" />
<question item_id="5026" mid="VAR5026" datatype="ORD" page_number="8" page_title="Symptomer og funn" question_text="Forvirret" optional="0" enumeration_uid="5026" />
<question item_id="6492" mid="VAR6492" datatype="ORD" page_number="8" page_title="Symptomer og funn" question_text="Urolig, agitert" optional="0" enumeration_uid="6492" />
<question item_id="6493" mid="VAR6493" datatype="ORD" page_number="8" page_title="Symptomer og funn" question_text="Rastl&#248;s" optional="0" enumeration_uid="6493" />
<question item_id="5028" mid="VAR5028" datatype="ORD" page_number="8" page_title="Symptomer og funn" question_text="Anspent / engstelig" optional="0" enumeration_uid="5028" />
<question item_id="5025" mid="VAR5025" datatype="ORD" page_number="8" page_title="Symptomer og funn" question_text="V&#229;ken" optional="0" enumeration_uid="5025" />
<question item_id="5024" mid="VAR5024" datatype="ORD" page_number="8" page_title="Symptomer og funn" question_text="Bevisst" optional="0" enumeration_uid="5024" />
<question item_id="6494" mid="VAR6494" datatype="ORD" page_number="8" page_title="Symptomer og funn" question_text="Vannlatingsbesv&#230;r, UVI" optional="0" enumeration_uid="6494" />
<question item_id="5023" mid="VAR5023" datatype="ORD" page_number="8" page_title="Symptomer og funn" question_text="Kateterisert" optional="0" enumeration_uid="5023" />
<question item_id="5034" mid="VAR5034" datatype="ORD" page_number="8" page_title="Symptomer og funn" question_text="Surkling i luftveiene" optional="0" enumeration_uid="5034" />
<question item_id="5035" mid="VAR5035" datatype="ORD" page_number="8" page_title="Symptomer og funn" question_text="Dyspne" optional="0" enumeration_uid="5035" />
<question item_id="5030" mid="VAR5030" datatype="ORD" page_number="8" page_title="Symptomer og funn" question_text="Smerte" optional="0" enumeration_uid="5030" />
<question item_id="6877" mid="VAR6877" datatype="NAR" page_number="8" page_title="Symptomer og funn" question_text="Annet (f.eks. &#248;demer, kl&#248;e)" optional="1" multiline="1" />
<question item_id="6571" mid="VAR6571" datatype="MSG" page_number="9" page_title="Delm&#229;l ved f&#248;rste vurdering" header="M&#229;l 1" question_text="Aktuell medikasjon er vurdert, og ikke-essensielle medikamenter seponert" optional="1" />
<question item_id="6495" mid="VAR6495" datatype="ORD" page_number="9" page_title="Delm&#229;l ved f&#248;rste vurdering" question_text="Aktuell medikasjon er vurdert, og ikke-essensielle medikamenter seponert" optional="0" enumeration_uid="6495" help_text="Hensiktsmessig peroral medikasjon er endret til subkutan, og subkutan pumpe er satt i gang hvis hensiktsmessig. Uhensiktsmessig medikasjon er seponert." />
<question item_id="5289" mid="VAR5289" datatype="NAR" page_number="10" question_text="Tiltak gjort for &#229; oppn&#229; m&#229;let" optional="0" multiline="0" />
<question item_id="5290" mid="VAR5290" datatype="ORD" page_number="10" question_text="Effekt av tiltaket" optional="0" enumeration_uid="5290" />
<question item_id="6496" mid="VAR6496" datatype="MSG" page_number="11" header="M&#229;l 2" question_text="Behovsmedikasjon til subkutan administrasjon er skrevet opp for f&#248;lgende symptomer etter avdelingens prosedyrer:" optional="1" />
<question item_id="6497" mid="VAR6497" datatype="ORD" page_number="12" question_text="Smerter - smertestillende" optional="0" enumeration_uid="6497" />
<question item_id="5285" mid="VAR5285" datatype="NAR" page_number="13" question_text="Tiltak gjort for &#229; oppn&#229; m&#229;let" optional="0" multiline="0" />
<question item_id="5286" mid="VAR5286" datatype="ORD" page_number="13" question_text="Effekt av tiltaket" optional="0" enumeration_uid="5286" />
<question item_id="6498" mid="VAR6498" datatype="ORD" page_number="14" question_text="Uro, agitasjon - beroligende" optional="0" enumeration_uid="6498" />
<question item_id="5110" mid="VAR5110" datatype="NAR" page_number="15" question_text="Tiltak gjort for &#229; oppn&#229; m&#229;let" optional="0" multiline="0" />
<question item_id="5111" mid="VAR5111" datatype="ORD" page_number="15" question_text="Effekt av tiltaket" optional="0" enumeration_uid="5111" />
<question item_id="6499" mid="VAR6499" datatype="ORD" page_number="16" question_text="Surkling i luftveiene - antikolinergikum" optional="0" enumeration_uid="6499" />
<question item_id="5307" mid="VAR5307" datatype="NAR" page_number="17" question_text="Tiltak gjort for &#229; oppn&#229; m&#229;let" optional="0" multiline="0" />
<question item_id="5308" mid="VAR5308" datatype="ORD" page_number="17" question_text="Effekt av tiltaket" optional="0" enumeration_uid="5308" />
<question item_id="6500" mid="VAR6500" datatype="ORD" page_number="18" question_text="Kvalme og brekninger - kvalmestillende" optional="0" enumeration_uid="6500" />
<question item_id="5305" mid="VAR5305" datatype="NAR" page_number="19" question_text="Tiltak gjort for &#229; oppn&#229; m&#229;let" optional="0" multiline="0" />
<question item_id="5306" mid="VAR5306" datatype="ORD" page_number="19" question_text="Effekt av tiltaket" optional="0" enumeration_uid="5306" />
<question item_id="6501" mid="VAR6501" datatype="ORD" page_number="20" question_text="Dyspne - angstdempende/muskelavslappende" optional="0" enumeration_uid="6501" />
<question item_id="5303" mid="VAR5303" datatype="NAR" page_number="21" question_text="Tiltak gjort for &#229; oppn&#229; m&#229;let" optional="0" multiline="0" />
<question item_id="5304" mid="VAR5304" datatype="ORD" page_number="21" question_text="Effekt av tiltaket" optional="0" enumeration_uid="5304" />
<question item_id="6506" mid="VAR6506" datatype="MSG" page_number="22" header="M&#229;l 3" question_text="Uhensiktsmessige tiltak seponeres" optional="1" />
<question item_id="5045" mid="VAR5045" datatype="ORD" page_number="22" question_text="Blodpr&#248;ver seponert" optional="0" enumeration_uid="5045" />
<question item_id="5301" mid="VAR5301" datatype="NAR" page_number="23" question_text="Tiltak gjort for &#229; oppn&#229; m&#229;let" optional="0" multiline="0" />
<question item_id="5302" mid="VAR5302" datatype="ORD" page_number="23" question_text="Effekt av tiltaket" optional="0" enumeration_uid="5302" />
<question item_id="5046" mid="VAR5046" datatype="ORD" page_number="24" question_text="Antibiotika seponert" optional="0" enumeration_uid="5046" />
<question item_id="5299" mid="VAR5299" datatype="NAR" page_number="25" question_text="Tiltak gjort for &#229; oppn&#229; m&#229;let" optional="0" multiline="0" />
<question item_id="5300" mid="VAR5300" datatype="ORD" page_number="25" question_text="Effekt av tiltaket" optional="0" enumeration_uid="5300" />
<question item_id="6502" mid="VAR6502" datatype="ORD" page_number="26" question_text="Iv. v&#230;ske seponert" optional="0" enumeration_uid="6502" />
<question item_id="5295" mid="VAR5295" datatype="NAR" page_number="27" question_text="Tiltak gjort for &#229; oppn&#229; m&#229;let" optional="0" multiline="0" />
<question item_id="5296" mid="VAR5296" datatype="ORD" page_number="27" question_text="Effekt av tiltaket" optional="0" enumeration_uid="5296" />
<question item_id="6503" mid="VAR6503" datatype="ORD" page_number="28" question_text="Journalf&#248;rt at resuscitering ikke er aktuelt (R-)" optional="0" enumeration_uid="6503" />
<question item_id="5297" mid="VAR5297" datatype="NAR" page_number="29" question_text="Tiltak gjort for &#229; oppn&#229; m&#229;let" optional="0" multiline="0" />
<question item_id="5298" mid="VAR5298" datatype="ORD" page_number="29" question_text="Effekt av tiltaket" optional="0" enumeration_uid="5298" />
<question item_id="6504" mid="VAR6504" datatype="ORD" page_number="30" question_text="Deaktivering av implantert defibrillator (ICD)" optional="0" enumeration_uid="6504" help_text="Kontakt pasientens kardiolog. Henvis til lokale retningslinjer og prosedyrer. Gi ev. informasjonsbrosjyre til pasient/p&#229;r&#248;rende." />
<question item_id="5291" mid="VAR5291" datatype="NAR" page_number="31" question_text="Tiltak gjort for &#229; oppn&#229; m&#229;let" optional="0" multiline="0" />
<question item_id="5292" mid="VAR5292" datatype="ORD" page_number="31" question_text="Effekt av tiltaket" optional="0" enumeration_uid="5292" />

<!-- Start: Form actions, generated XML -->

<question_action master_question_mid="VAR6947" detail_question_mid="VAR5018" enum_item_value="1" activate="1" />
<question_action master_question_mid="VAR6947" detail_question_mid="VAR5019" enum_item_value="1" activate="1" />
<question_action master_question_mid="VAR6947" detail_question_mid="VAR6479" enum_item_value="1" activate="1" />
<question_action master_question_mid="VAR6947" detail_question_mid="VAR6480" enum_item_value="1" activate="1" />
<question_action master_question_mid="VAR6947" detail_question_mid="VAR5158" enum_item_value="1" activate="1" />
<question_action master_question_mid="VAR6294" detail_question_mid="VAR6295" enum_item_value="2" activate="1" />
<question_action master_question_mid="VAR6947" detail_question_mid="GBD_INNDATO" enum_item_value="1" activate="1" />
<question_action master_question_mid="VAR6947" detail_question_mid="SEX" enum_item_value="1" activate="1" />
<question_action master_question_mid="VAR6947" detail_question_mid="VAR6487" enum_item_value="1" activate="1" />
<question_action master_question_mid="VAR6487" detail_question_mid="VAR6488" enum_item_value="2" activate="1" />
<question_action master_question_mid="VAR6947" detail_question_mid="VAR6490" enum_item_value="1" activate="1" />
<question_action master_question_mid="VAR6947" detail_question_mid="VAR5031" enum_item_value="1" activate="1" />
<question_action master_question_mid="VAR6947" detail_question_mid="VAR6491" enum_item_value="1" activate="1" />
<question_action master_question_mid="VAR6947" detail_question_mid="VAR6876" enum_item_value="1" activate="1" />
<question_action master_question_mid="VAR6947" detail_question_mid="VAR5026" enum_item_value="1" activate="1" />
<question_action master_question_mid="VAR6947" detail_question_mid="VAR6492" enum_item_value="1" activate="1" />
<question_action master_question_mid="VAR6947" detail_question_mid="VAR6493" enum_item_value="1" activate="1" />
<question_action master_question_mid="VAR6947" detail_question_mid="VAR5028" enum_item_value="1" activate="1" />
<question_action master_question_mid="VAR6947" detail_question_mid="VAR5025" enum_item_value="1" activate="1" />
<question_action master_question_mid="VAR6947" detail_question_mid="VAR5024" enum_item_value="1" activate="1" />
<question_action master_question_mid="VAR6947" detail_question_mid="VAR6494" enum_item_value="1" activate="1" />
<question_action master_question_mid="VAR6947" detail_question_mid="VAR5023" enum_item_value="1" activate="1" />
<question_action master_question_mid="VAR6947" detail_question_mid="VAR5034" enum_item_value="1" activate="1" />
<question_action master_question_mid="VAR6947" detail_question_mid="VAR5035" enum_item_value="1" activate="1" />
<question_action master_question_mid="VAR6947" detail_question_mid="VAR5030" enum_item_value="1" activate="1" />
<question_action master_question_mid="VAR6947" detail_question_mid="VAR6877" enum_item_value="1" activate="1" />
<question_action master_question_mid="VAR6947" detail_question_mid="VAR6571" enum_item_value="1" activate="1" />
<question_action master_question_mid="VAR6947" detail_question_mid="VAR6495" enum_item_value="1" activate="1" />
<question_action master_question_mid="VAR6495" detail_question_mid="VAR5289" enum_item_value="2" activate="1" />
<question_action master_question_mid="VAR6495" detail_question_mid="VAR5290" enum_item_value="2" activate="1" />
<question_action master_question_mid="VAR6947" detail_question_mid="VAR6496" enum_item_value="1" activate="1" />
<question_action master_question_mid="VAR6947" detail_question_mid="VAR6497" enum_item_value="1" activate="1" />
<question_action master_question_mid="VAR6497" detail_question_mid="VAR5285" enum_item_value="2" activate="1" />
<question_action master_question_mid="VAR6497" detail_question_mid="VAR5286" enum_item_value="2" activate="1" />
<question_action master_question_mid="VAR6947" detail_question_mid="VAR6498" enum_item_value="1" activate="1" />
<question_action master_question_mid="VAR6498" detail_question_mid="VAR5110" enum_item_value="2" activate="1" />
<question_action master_question_mid="VAR6498" detail_question_mid="VAR5111" enum_item_value="2" activate="1" />
<question_action master_question_mid="VAR6947" detail_question_mid="VAR6499" enum_item_value="1" activate="1" />
<question_action master_question_mid="VAR6499" detail_question_mid="VAR5307" enum_item_value="2" activate="1" />
<question_action master_question_mid="VAR6499" detail_question_mid="VAR5308" enum_item_value="2" activate="1" />
<question_action master_question_mid="VAR6947" detail_question_mid="VAR6500" enum_item_value="1" activate="1" />
<question_action master_question_mid="VAR6500" detail_question_mid="VAR5305" enum_item_value="2" activate="1" />
<question_action master_question_mid="VAR6500" detail_question_mid="VAR5306" enum_item_value="2" activate="1" />
<question_action master_question_mid="VAR6947" detail_question_mid="VAR6501" enum_item_value="1" activate="1" />
<question_action master_question_mid="VAR6501" detail_question_mid="VAR5303" enum_item_value="2" activate="1" />
<question_action master_question_mid="VAR6501" detail_question_mid="VAR5304" enum_item_value="2" activate="1" />
<question_action master_question_mid="VAR6947" detail_question_mid="VAR6506" enum_item_value="1" activate="1" />
<question_action master_question_mid="VAR6947" detail_question_mid="VAR5045" enum_item_value="1" activate="1" />
<question_action master_question_mid="VAR5045" detail_question_mid="VAR5301" enum_item_value="2" activate="1" />
<question_action master_question_mid="VAR5045" detail_question_mid="VAR5302" enum_item_value="2" activate="1" />
<question_action master_question_mid="VAR6947" detail_question_mid="VAR5046" enum_item_value="1" activate="1" />
<question_action master_question_mid="VAR5046" detail_question_mid="VAR5299" enum_item_value="2" activate="1" />
<question_action master_question_mid="VAR5046" detail_question_mid="VAR5300" enum_item_value="2" activate="1" />
<question_action master_question_mid="VAR6947" detail_question_mid="VAR6502" enum_item_value="1" activate="1" />
<question_action master_question_mid="VAR6502" detail_question_mid="VAR5295" enum_item_value="2" activate="1" />
<question_action master_question_mid="VAR6502" detail_question_mid="VAR5296" enum_item_value="2" activate="1" />
<question_action master_question_mid="VAR6947" detail_question_mid="VAR6503" enum_item_value="1" activate="1" />
<question_action master_question_mid="VAR6503" detail_question_mid="VAR5297" enum_item_value="2" activate="1" />
<question_action master_question_mid="VAR6503" detail_question_mid="VAR5298" enum_item_value="2" activate="1" />
<question_action master_question_mid="VAR6947" detail_question_mid="VAR6504" enum_item_value="1" activate="1" />
<question_action master_question_mid="VAR6504" detail_question_mid="VAR5291" enum_item_value="2" activate="1" />
<question_action master_question_mid="VAR6504" detail_question_mid="VAR5292" enum_item_value="2" activate="1" />
</form>
