<?xml version="1.0" encoding="ISO-8859-1"?>
<form form_id="455" form_uid="ALERT" title="P&#229;minnelse" calculate_invalid="False" rating_scale="False" status="Open" repeatable="1" >
<instructions></instructions>

<!-- Start: Form enums, generated XML -->

<enumeration enumeration_uid="5603">
  <enum_item value="1" text="Bl&#229;tt" answer_id="29929" />
  <enum_item value="2" text="Gult" answer_id="29930" />
  <enum_item value="3" text="R&#248;dt" answer_id="29931" />
</enumeration>

<!-- Start: Form items, generated XML -->

<question item_id="5603" mid="AlertLevel" datatype="ORD" page_number="1" page_title="P&#229;minnelse" header="Varslingsniv&#229;" question_text="R&#248;dt er h&#248;yeste varslingsniv&#229;, bl&#229;tt er det laveste." optional="0" enumeration_uid="5603" group_id="AlertLevel" />
<question item_id="5601" mid="AlertHeader" datatype="NAR" page_number="1" page_title="P&#229;minnelse" header="Overskrift" question_text="Overskrift p&#229; meldingen" optional="0" multiline="0" group_id="AlertHeader" />
<question item_id="5602" mid="AlertMessage" datatype="NAR" page_number="1" page_title="P&#229;minnelse" question_text="Tekst" optional="0" multiline="1" group_id="AlertMessage" />
<question item_id="5604" mid="HideUntil" datatype="DATE" page_number="2" page_title="Dato og kvittering" question_text="F&#248;rste visning" optional="0" help_text="Dato p&#229;minnelsen skal bli synlig" group_id="HideUntil" />
<question item_id="5605" mid="AlertButtons" datatype="NAR" page_number="2" page_title="Dato og kvittering" header="Kvitteringsmuligheter" question_text="Hvilke kvitteringsmuligheter skal meldingen ha?" optional="0" multiline="0" help_text="T = En dag, W = En uke, M = En m&#229;ned, Y = Ett &#229;r, F = For alltid,
f.eks. TWMF." group_id="AlertButtons" />

<!-- Start: Form actions, generated XML -->

</form>
