<?xml version="1.0" encoding="ISO-8859-1"?>
<form form_id="435" form_uid="MMSE_INPATIENT" title="MMSE-NR" copyright="Folstein" calculate_invalid="True" rating_scale="False" status="Open" repeatable="1" >
<instructions></instructions>

<!-- Start: Form enums, generated XML -->

<enumeration enumeration_uid="850">
  <enum_item value="1" score="0" text="Feil land." answer_id="1905" />
  <enum_item value="2" score="1" text="Riktig land.*" answer_id="1906" />
</enumeration>

<enumeration enumeration_uid="852">
  <enum_item value="1" score="0" text="Gjentar ingen ord f&#248;rste gang." answer_id="1907" />
  <enum_item value="2" score="1" text="Gjentar ett ord f&#248;rste gang." answer_id="1908" />
  <enum_item value="3" score="2" text="Gjentar to ord f&#248;rste gang." answer_id="1909" />
  <enum_item value="4" score="3" text="Gjentar tre ord p&#229; f&#248;rste fors&#248;k.*" answer_id="1910" />
</enumeration>

<enumeration enumeration_uid="857">
  <enum_item value="1" score="0" text="Husker ingen av ordene." answer_id="1941" />
  <enum_item value="2" score="1" text="Husker ett av tre ord." answer_id="1942" />
  <enum_item value="3" score="2" text="Husker to av tre ord." answer_id="1943" />
  <enum_item value="4" score="3" text="Husker alle tre ordene.*" answer_id="1944" />
</enumeration>

<enumeration enumeration_uid="860">
  <enum_item value="1" score="0" text="Kan ikke navngi hverken blyant eller armb&#229;ndsur." answer_id="1948" />
  <enum_item value="2" score="1" text="Navngi blyant, ikke ur." answer_id="1949" />
  <enum_item value="3" score="1" text="Navngir armb&#229;ndsuret, ikke blyant." answer_id="1950" />
  <enum_item value="4" score="2" text="Navngir b&#229;de blyant og armb&#229;ndsur.*" answer_id="15532" />
</enumeration>

<enumeration enumeration_uid="862">
  <enum_item value="1" score="0" text="Klarer ikke &#229; gjenta setning." answer_id="1951" />
  <enum_item value="2" score="1" text="Gjentar setningen korrekt.*" answer_id="1952" />
</enumeration>

<enumeration enumeration_uid="864">
  <enum_item value="1" score="0" text="Ingen delkommandoer utf&#248;rt." answer_id="1956" />
  <enum_item value="2" score="1" text="En av tre delkommandoer utf&#248;rt ." answer_id="1957" />
  <enum_item value="3" score="2" text="To av tre delkommandoer utf&#248;rt." answer_id="1958" />
  <enum_item value="4" score="3" text="Tretrinnskommando utf&#248;rt korrekt." answer_id="1959" />
</enumeration>

<enumeration enumeration_uid="866">
  <enum_item value="1" score="0" text="Lukker ikke &#248;ynene p&#229; kommando." answer_id="1960" />
  <enum_item value="2" score="1" text="Lukker &#248;ynene p&#229; skriftlig kommando.*" answer_id="1961" />
</enumeration>

<enumeration enumeration_uid="868">
  <enum_item value="1" score="0" text="Kan ikke skrive setning med mening." answer_id="1962" />
  <enum_item value="2" score="1" text="Skriver setning med mening." answer_id="1963" />
</enumeration>

<enumeration enumeration_uid="870">
  <enum_item value="1" score="0" text="Kunne ikke tegne femkantene." answer_id="1964" />
  <enum_item value="2" score="1" text="Tegnet femkantene riktig." answer_id="1965" />
</enumeration>

<enumeration enumeration_uid="1354">
  <enum_item value="1" score="0" text="Feil dato." answer_id="2993" />
  <enum_item value="2" score="1" text="Riktig dato.*" answer_id="2994" />
</enumeration>

<enumeration enumeration_uid="1355">
  <enum_item value="1" score="0" text="Feil &#229;rstall." answer_id="2995" />
  <enum_item value="2" score="1" text="Riktig &#229;rstall.*" answer_id="2996" />
</enumeration>

<enumeration enumeration_uid="1356">
  <enum_item value="1" score="0" text="Feil institusjon." answer_id="2997" />
  <enum_item value="2" score="1" text="Riktig institusjon.*" answer_id="2998" />
</enumeration>

<enumeration enumeration_uid="1357">
  <enum_item value="1" score="0" text="Feil &#229;rstid." answer_id="2999" />
  <enum_item value="2" score="1" text="Riktig &#229;rstid.*" answer_id="3000" />
</enumeration>

<enumeration enumeration_uid="1358">
  <enum_item value="1" score="0" text="Feil m&#229;ned." answer_id="3001" />
  <enum_item value="2" score="1" text="Riktig m&#229;ned.*" answer_id="3002" />
</enumeration>

<enumeration enumeration_uid="1359">
  <enum_item value="1" score="0" text="Feil ukedag." answer_id="3003" />
  <enum_item value="2" score="1" text="Riktig ukedag.*" answer_id="3004" />
</enumeration>

<enumeration enumeration_uid="1360">
  <enum_item value="1" score="0" text="Feil fylke/landsdel." answer_id="3019" />
  <enum_item value="2" score="1" text="Riktig fylke/landsdel.*" answer_id="3020" />
</enumeration>

<enumeration enumeration_uid="1361">
  <enum_item value="1" score="0" text="Feil by/kommune." answer_id="3021" />
  <enum_item value="2" score="1" text="Riktig by/kommune.*" answer_id="3022" />
</enumeration>

<enumeration enumeration_uid="1362">
  <enum_item value="1" score="0" text="Feil etasje." answer_id="3023" />
  <enum_item value="2" score="1" text="Riktig etasje.*" answer_id="3024" />
</enumeration>

<enumeration enumeration_uid="5358">
  <enum_item value="1" score="0" text="Kan ikke subtrahere." answer_id="29404" />
  <enum_item value="2" score="1" text="En riktig subtraksjon 100 - 93 - x." answer_id="29405" />
  <enum_item value="3" score="2" text="To riktige subtraksjoner 100 - 93 - 86 - x." answer_id="29406" />
  <enum_item value="4" score="3" text="Tre riktige subtraksjoner 100 - 93 - 86 - 79 - x." answer_id="29407" />
  <enum_item value="5" score="4" text="Fire riktige subtraksjoner 100 - 93 - 86 - 79 - 72 - x." answer_id="29408" />
  <enum_item value="6" score="5" text="Subtraherer korrekt 100 - 93 - 86 - 79 - 72 - 65.*" answer_id="29409" />
</enumeration>

<!-- Start: Form items, generated XML -->

<question item_id="1355" mid="MMS_YEAR" datatype="ORD" page_number="1" page_title="Orientert for tid" header="&#197;rstall" question_text="Hvilket &#229;rstall har vi n&#229;?" optional="0" enumeration_uid="1355" help_text="kun fullt &#229;rstall med 4 sifre gir poeng" group_id="MMS_YEAR" />
<question item_id="1357" mid="MMS_SEASON" datatype="ORD" page_number="1" page_title="Orientert for tid" header="&#197;rstid" question_text="Hvilken &#229;rstid har vi n&#229;?" optional="0" enumeration_uid="1357" help_text="ta hensyn til v&#230;r og geografiske forhold" group_id="MMS_SEASON" />
<question item_id="1358" mid="MMS_MONTH" datatype="ORD" page_number="1" page_title="Orientert for tid" header="M&#229;ned" question_text="Hvilken m&#229;ned har vi n&#229;?" optional="0" enumeration_uid="1358" help_text="kun riktig navn p&#229; m&#229;ned gir poeng" group_id="MMS_MONTH" />
<question item_id="1359" mid="MMS_WEEKDAY" datatype="ORD" page_number="1" page_title="Orientert for tid" header="Ukedag" question_text="Hvilken ukedag har vi i dag?" optional="0" enumeration_uid="1359" help_text="kun riktig navn p&#229; dag gir poeng" group_id="MMS_WEEKDAY" />
<question item_id="1354" mid="MMS_DATE" datatype="ORD" page_number="1" page_title="Orientert for tid" header="Dato" question_text="Hvilken dato har vi i dag?" optional="0" enumeration_uid="1354" help_text="kun dagsledd trenger &#229; v&#230;re riktig for &#229; f&#229; poeng" group_id="MMS_DATE" />
<question item_id="4408" mid="MMS_TIME_SUM" datatype="QN" page_number="1" page_title="Orientert for tid" question_text="Tidsorientering (av 5)" optional="1" units="av 5" expression="MMS_YEAR_SCORE + MMS_SEASON_SCORE + MMS_MONTH_SCORE + MMS_WEEKDAY_SCORE + MMS_DATE_SCORE" group_id="MMS_TIME_SUM" />
<question item_id="850" mid="MMS_COUNTRY" datatype="ORD" page_number="2" page_title="Orientert for sted" header="Land" question_text="I hvilket land er vi n&#229;?" optional="0" enumeration_uid="850" group_id="MMS_COUNTRY" />
<question item_id="1360" mid="MMS_COUNTY" datatype="ORD" page_number="2" page_title="Orientert for sted" header="Fylke/landsdel" question_text="I hvilket fylke/landsdel er vi n&#229;?" optional="0" enumeration_uid="1360" help_text="Bruk &quot;Landsdel&quot; ved testing i Oslo, &quot;Fylke&quot; utenfor Oslo.  &quot;S&#248;r-Norge&quot; gir ogs&#229; poeng for landsdel." group_id="MMS_COUNTY" />
<question item_id="1361" mid="MMS_CITY" datatype="ORD" page_number="2" page_title="Orientert for sted" header="By/kommune" question_text="I hvilken by/kommune er vi n&#229;?" optional="0" enumeration_uid="1361" group_id="MMS_CITY" />
<question item_id="1356" mid="MMS_INSTITUTION" datatype="ORD" page_number="2" page_title="Orientert for sted" header="Institusjon" question_text="Hva heter dette stedet/bygningen/sykehuset/legekontoret hvor vi er n&#229;?" optional="0" enumeration_uid="1356" group_id="MMS_INSTITUTION" />
<question item_id="1362" mid="MMS_FLOOR" datatype="ORD" page_number="2" page_title="Orientert for sted" header="Etasje" question_text="I hvilken etasje er vi n&#229;?" optional="0" enumeration_uid="1362" group_id="MMS_FLOOR" />
<question item_id="4409" mid="MMS_PLACE_SUM" datatype="QN" page_number="2" page_title="Orientert for sted" question_text="Stedsorientering (av 5)" optional="1" units="av 5" expression="MMS_COUNTRY_SCORE + MMS_COUNTY_SCORE + MMS_CITY_SCORE + MMS_INSTITUTION_SCORE + MMS_FLOOR_SCORE" group_id="MMS_PLACE_SUM" />
<question item_id="852" mid="MMS_WORD" datatype="ORD" page_number="3" page_title="Umiddelbar gjenkalling/registrering" header="Gjentagelse av ord" question_text="H&#248;r godt etter.  Jeg vil si tre ord som du skal gjenta etter at jeg har sagt dem, og som du skal pr&#248;ve &#229; huske, for jeg kommer ogs&#229; til &#229; sp&#248;rre deg om dem senere.  Klar?  N&#229; kommer ordene: HUS" optional="0" enumeration_uid="852" help_text="Dersom pasienten ikke gjentar alle 3 ord, repeteres alle ord inntil alle gjengis i samme fors&#248;k (maks 3 ganger).  Det gis kun poeng etter f&#248;rste fors&#248;k, rekkef&#248;lge pasienten sier ordene i er uten betydning.
Ved retest: STOL-BANAN-MYNT, SAFT-LAMPE-B&#197;T, KATT-AVIS-L&#216;K, FLY-EPLE-SKO" group_id="MMS_WORD" />
<question item_id="5358" mid="MMS_CALCv2" datatype="ORD" page_number="4" page_title="Oppmerksomhet og hoderegning" header="Hoderegning" question_text="Kan du trekke 7 fra 80" optional="0" enumeration_uid="5358" help_text="Bruk f&#248;lgende starttall ved retesting: [2.adm: 50], [3.adm: 90], [4.adm: 40], [5.adm: 60]." group_id="MMS_CALCv2" />
<question item_id="5359" mid="VAR5359" datatype="MSG" page_number="5" header="Distraksjonsbetingelse" question_text="Dersom pasienten ikke vil utf&#248;re eller kan besvare forrige oppgave med 5 avgitte tallsvar, skal distraksjonsbetingelsen brukes for &#229; sikre kartlegging av langtidshukommelse p&#229; neste oppgave.  Be da pasienten telle baklengs fra 100 i ca 30 sek med f&#248;lgende instruksjon: &quot;Tell baklengs fra 100 p&#229; denne m&#229;ten: 99,98,97... helt til jeg sier stopp.  V&#230;r s&#229; god!&quot;" optional="1" />
<question item_id="857" mid="MMS_RECALL" datatype="ORD" page_number="6" page_title="Utsatt gjenkalling" header="Huske gjenstander" question_text="Sp&#248;r pasienten om han kan huske navnene p&#229; de tre gjenstandene som han gjentok for litt siden." optional="0" enumeration_uid="857" group_id="MMS_RECALL" />
<question item_id="860" mid="MMS_NAMING" datatype="ORD" page_number="7" page_title="Benevning og repetisjon" header="Benevning" question_text="Sp&#248;r hva gjenstandene heter (ikke hva de brukes til)" optional="0" enumeration_uid="860" help_text="Vis frem en blyant og et armb&#229;ndsur, en om gangen.  Alternative poenggivende svar: Penn, gr&#229;blyant, klokke, ur etc." group_id="MMS_NAMING" />
<question item_id="862" mid="MMS_REPEAT" datatype="ORD" page_number="7" page_title="Benevning og repetisjon" header="Gjenta setning" question_text="Gjenta orddrett det jeg sier.  Er du klar?" optional="0" enumeration_uid="862" help_text="Testleder kan si frasen 3 ganger.  Poeng gis kun etter f&#248;rste presentasjon. Dialektvariasjoner godtas." group_id="MMS_REPEAT" />
<question item_id="864" mid="MMS_TASK" datatype="ORD" page_number="8" page_title="Forst&#229;else" header="Utf&#248;re tretrinns muntlig kommando" question_text="Si: &quot;H&#248;r n&#248;ye etter.  Jeg &#248;nsker at du skal gj&#248;re f&#248;lgende: Ta papiret med din h&#248;yre h&#229;nd, brett det sammen p&#229; midten en gang med begge hender, og legg det p&#229; gulvet/stolen&quot;." optional="0" enumeration_uid="864" group_id="MMS_TASK" />
<question item_id="866" mid="MMS_COMMAND" datatype="ORD" page_number="8" page_title="Forst&#229;else" header="Lukke &#248;ynene" question_text="N&#229; vil jeg at du gj&#248;r det som st&#229;r p&#229; arket" optional="0" enumeration_uid="866" help_text="Pasienten m&#229; lukke &#248;ynene for poeng" group_id="MMS_COMMAND" />
<question item_id="868" mid="MMS_WRITE" datatype="ORD" page_number="9" page_title="Skrive og tegne" header="Skrive en setning med mening" question_text="Skriv en meningsfull setning her" optional="0" enumeration_uid="868" help_text="Skriver ikke pasienten noe, si: &quot;Skriv om v&#230;ret&quot;.  Skrives imperativsetning med kun ett ord, f.eks. &quot;Spis&quot;, si: &quot;Skriv en lengre setning&quot;.  Skrives tidligere gitt setning/frase, f.eks. &quot;Lukk &#248;ynene dine&quot;, &quot;En meningsfull setning&quot;, si: &quot;Skriv en setning du lager selv&quot;.  Setningen m&#229; v&#230;re forst&#229;elig, men trenger ikke inneholde objekt.  Se eksempler i manual.  Det gis poeng ved riktig utf&#248;relse selv etter supplerende instruksjon.  Ignorer stave- og grammatikalske feil." group_id="MMS_WRITE" />
<question item_id="870" mid="MMS_DRAW" datatype="ORD" page_number="9" page_title="Skrive og tegne" header="Tegne femkanter" question_text="Kopier figuren s&#229; n&#248;yaktig som du kan her" optional="0" enumeration_uid="870" help_text="Det gis poeng n&#229;r tegningen best&#229;r av to 5-kantede figurer som former en 4-sidet figur der 5-kantene overlapper.  Tegnet figur trenger ikke v&#230;re identisk med modellen.  Se sk&#229;ringseksempler i manual." group_id="MMS_DRAW" />
<question item_id="4429" mid="MMS_SUM" datatype="QN" page_number="10" page_title="Oppsummering" question_text="MMS sk&#229;re (poeng)" optional="1" units="poeng" expression="MMS_TIME_SUM + MMS_PLACE_SUM + MMS_WORD_SCORE + MMS_CALCv2_SCORE + MMS_RECALL_SCORE + MMS_NAMING_SCORE + MMS_REPEAT_SCORE + MMS_TASK_SCORE + MMS_COMMAND_SCORE + MMS_WRITE_SCORE + MMS_DRAW_SCORE" help_text="Det er viktig &#229; v&#230;re klar over at en pasient godt kan sk&#229;re innenfor testens s&#229;kalte normalomr&#229;de (24-30), og likevel ha mental svikt/demenssykdom. Man b&#248;r legge stor vekt p&#229; opplysninger fra p&#229;r&#248;rende og v&#230;re liberal med henvisning til spesialisthelsetjenesten dersom man er i tvil. Alder og utdannelse influerer p&#229; resultatet; jo yngre og h&#248;yere utdannelse, jo h&#248;yere sk&#229;re." group_id="MMS_SUM" />

<!-- Start: Form actions, generated XML -->

<question_action master_question_mid="MMS_CALCv2" detail_question_mid="VAR5359" enum_item_value="6" activate="6" />
</form>
