<?xml version="1.0" encoding="ISO-8859-1"?>
<form form_id="450" form_uid="AKTIVITETSPLAN" title="Aktivitetsplan" calculate_invalid="False" rating_scale="False" status="Closed" repeatable="1" >
<instructions></instructions>

<!-- Start: Form enums, generated XML -->

<enumeration enumeration_uid="5471">
  <enum_item value="1" text="Ja" answer_id="29585" />
  <enum_item value="2" text="Nei" short_code="N" answer_id="29586" />
</enumeration>

<enumeration enumeration_uid="5479">
  <enum_item value="1" text="Ja" answer_id="29603" />
  <enum_item value="2" text="Nei" short_code="N" answer_id="29604" />
</enumeration>

<enumeration enumeration_uid="5480">
  <enum_item value="1" text="Ja" answer_id="29607" />
  <enum_item value="2" text="Nei" short_code="N" answer_id="29608" />
</enumeration>

<enumeration enumeration_uid="5481">
  <enum_item value="1" text="Ja" answer_id="29611" />
  <enum_item value="2" text="Nei" short_code="N" answer_id="29612" />
</enumeration>

<enumeration enumeration_uid="5482">
  <enum_item value="1" text="Ja" answer_id="29615" />
  <enum_item value="2" text="Nei" short_code="N" answer_id="29616" />
</enumeration>

<enumeration enumeration_uid="5483">
  <enum_item value="1" text="Ja" answer_id="29619" />
  <enum_item value="2" text="Nei" short_code="N" answer_id="29620" />
</enumeration>

<enumeration enumeration_uid="5484">
  <enum_item value="1" text="Ja" answer_id="29623" />
  <enum_item value="2" text="Nei" short_code="N" answer_id="29624" />
</enumeration>

<enumeration enumeration_uid="5485">
  <enum_item value="1" text="Ja" answer_id="29627" />
  <enum_item value="2" text="Nei" short_code="N" answer_id="29628" />
</enumeration>

<enumeration enumeration_uid="5486">
  <enum_item value="1" text="Ja" answer_id="29631" />
  <enum_item value="2" text="Nei" short_code="N" answer_id="29632" />
</enumeration>

<enumeration enumeration_uid="5487">
  <enum_item value="1" text="Ja" answer_id="29635" />
  <enum_item value="2" text="Nei" short_code="N" answer_id="29636" />
</enumeration>

<enumeration enumeration_uid="5488">
  <enum_item value="1" text="Ja" answer_id="29639" />
  <enum_item value="2" text="Nei" short_code="N" answer_id="29640" />
</enumeration>

<enumeration enumeration_uid="5489">
  <enum_item value="1" text="Ja" answer_id="29643" />
  <enum_item value="2" text="Nei" short_code="N" answer_id="29644" />
</enumeration>

<enumeration enumeration_uid="5490">
  <enum_item value="1" text="Ja" answer_id="29647" />
  <enum_item value="2" text="Nei" short_code="N" answer_id="29648" />
</enumeration>

<enumeration enumeration_uid="5491">
  <enum_item value="1" text="Ja" answer_id="29651" />
  <enum_item value="2" text="Nei" short_code="N" answer_id="29652" />
</enumeration>

<enumeration enumeration_uid="5492">
  <enum_item value="1" text="Ja" answer_id="29655" />
  <enum_item value="2" text="Nei" short_code="N" answer_id="29656" />
</enumeration>

<enumeration enumeration_uid="5493">
  <enum_item value="1" text="Ja" answer_id="29659" />
  <enum_item value="2" text="Nei" short_code="N" answer_id="29660" />
</enumeration>

<enumeration enumeration_uid="5494">
  <enum_item value="1" text="Sv&#230;rt interessert" answer_id="29663" />
  <enum_item value="2" text="Litt interessert" answer_id="29664" />
  <enum_item value="3" text="Ikke interessert" answer_id="29665" />
</enumeration>

<enumeration enumeration_uid="5495">
  <enum_item value="1" text="Ja" answer_id="29668" />
  <enum_item value="2" text="Nei" short_code="N" answer_id="29669" />
</enumeration>

<enumeration enumeration_uid="5497">
  <enum_item value="1" text="Det meste" answer_id="29672" />
  <enum_item value="2" text="klassisk" answer_id="29673" />
  <enum_item value="3" text="visesang" answer_id="29674" />
  <enum_item value="4" text="country" answer_id="29675" />
  <enum_item value="5" text="danseband" answer_id="29676" />
  <enum_item value="6" text="folkemusikk" answer_id="29677" />
  <enum_item value="7" text="rock" answer_id="29678" />
  <enum_item value="8" text="jazz" answer_id="29679" />
  <enum_item value="9" text="religi&#248;s musikk" answer_id="29680" />
  <enum_item value="10" text="pop" answer_id="29681" />
  <enum_item value="11" text="annet (kommentarfelt)" answer_id="29682" />
</enumeration>

<enumeration enumeration_uid="5499">
  <enum_item value="1" text="Ja" answer_id="29685" />
  <enum_item value="2" text="Nei" short_code="N" answer_id="29686" />
</enumeration>

<enumeration enumeration_uid="5500">
  <enum_item value="1" text="Ja" answer_id="29689" />
  <enum_item value="2" text="Nei" short_code="N" answer_id="29690" />
</enumeration>

<enumeration enumeration_uid="5502">
  <enum_item value="1" text="f&#248;r 7" answer_id="29693" />
  <enum_item value="2" text="7-9" answer_id="29694" />
  <enum_item value="3" text="9-11" answer_id="29695" />
  <enum_item value="4" text="etter 11" answer_id="29696" />
</enumeration>

<enumeration enumeration_uid="5503">
  <enum_item value="1" text="f&#248;r 19" answer_id="29699" />
  <enum_item value="2" text="19-21" answer_id="29700" />
  <enum_item value="3" text="21-23" answer_id="29701" />
  <enum_item value="4" text="etter 23" answer_id="29702" />
</enumeration>

<enumeration enumeration_uid="5505">
  <enum_item value="1" text="Ja" answer_id="29705" />
  <enum_item value="2" text="Nei" short_code="N" answer_id="29706" />
</enumeration>

<!-- Start: Form items, generated XML -->

<question item_id="5471" mid="VAR5471" datatype="ORD" page_number="1" page_title="Deltagelse i fellesaktiviteter" question_text="Beboer &#248;nsker &#229; delta i alle aktiviteter" optional="1" enumeration_uid="5471" />
<question item_id="5479" mid="VAR5479" datatype="ORD" page_number="2" question_text="Andakt" optional="1" enumeration_uid="5479" />
<question item_id="5480" mid="VAR5480" datatype="ORD" page_number="2" question_text="Avislesing" optional="1" enumeration_uid="5480" />
<question item_id="5481" mid="VAR5481" datatype="ORD" page_number="2" question_text="Utflukter" optional="1" enumeration_uid="5481" />
<question item_id="5482" mid="VAR5482" datatype="ORD" page_number="2" question_text="Bingo" optional="1" enumeration_uid="5482" />
<question item_id="5483" mid="VAR5483" datatype="ORD" page_number="2" question_text="Trim" optional="1" enumeration_uid="5483" />
<question item_id="5484" mid="VAR5484" datatype="ORD" page_number="2" question_text="Konserter" optional="1" enumeration_uid="5484" />
<question item_id="5485" mid="VAR5485" datatype="ORD" page_number="2" question_text="Sangkor" optional="1" enumeration_uid="5485" />
<question item_id="5486" mid="VAR5486" datatype="ORD" page_number="2" question_text="Felles-sang" optional="1" enumeration_uid="5486" />
<question item_id="5487" mid="VAR5487" datatype="ORD" page_number="2" question_text="Dans" optional="1" enumeration_uid="5487" />
<question item_id="5488" mid="VAR5488" datatype="ORD" page_number="2" question_text="Baking" optional="1" enumeration_uid="5488" />
<question item_id="5489" mid="VAR5489" datatype="ORD" page_number="2" question_text="Kino / film" optional="1" enumeration_uid="5489" />
<question item_id="5490" mid="VAR5490" datatype="ORD" page_number="2" question_text="Hagearbeid" optional="1" enumeration_uid="5490" />
<question item_id="5491" mid="VAR5491" datatype="ORD" page_number="2" question_text="Bord-dekking" optional="1" enumeration_uid="5491" />
<question item_id="5492" mid="VAR5492" datatype="ORD" page_number="2" question_text="Vanne blomster" optional="1" enumeration_uid="5492" />
<question item_id="5493" mid="VAR5493" datatype="ORD" page_number="2" question_text="Brette t&#248;y" optional="1" enumeration_uid="5493" />
<question item_id="5494" mid="VAR5494" datatype="ORD" page_number="3" page_title="Interesser" question_text="Hvor musikk-interessert er beboer?" optional="1" enumeration_uid="5494" />
<question item_id="5495" mid="VAR5495" datatype="ORD" page_number="3" page_title="Interesser" question_text="Spiller beboer, eller har beboer spilt, et instrument?" optional="1" enumeration_uid="5495" />
<question item_id="5496" mid="VAR5496" datatype="NAR" page_number="4" question_text="Hvilket instrument" optional="1" multiline="0" />
<question item_id="5497" mid="VAR5497" datatype="ORD" page_number="5" question_text="Hvilken musikksjanger liker beboer best?" optional="1" enumeration_uid="5497" />
<question item_id="5498" mid="VAR5498" datatype="NAR" page_number="5" question_text="Ev. andre musikk-typer" optional="1" multiline="0" />
<question item_id="5499" mid="VAR5499" datatype="ORD" page_number="6" question_text="Liker &#229; se p&#229; TV" optional="1" enumeration_uid="5499" />
<question item_id="5500" mid="VAR5500" datatype="ORD" page_number="6" question_text="H&#248;re p&#229; radio" optional="1" enumeration_uid="5500" />
<question item_id="5501" mid="VAR5501" datatype="NAR" page_number="6" question_text="Hvilke andre interesser har beboer?" optional="1" multiline="1" />
<question item_id="5502" mid="VAR5502" datatype="ORD" page_number="7" page_title="Vaner" question_text="Beboer liker &#229; st&#229; opp klokken..." optional="1" enumeration_uid="5502" />
<question item_id="5503" mid="VAR5503" datatype="ORD" page_number="7" page_title="Vaner" question_text="Beboer liker &#229; legge seg klokken..." optional="1" enumeration_uid="5503" />
<question item_id="5504" mid="VAR5504" datatype="NAR" page_number="7" page_title="Vaner" question_text="Andre vaner..." optional="1" multiline="1" />
<question item_id="5505" mid="GbdLivssynHensyn" datatype="ORD" page_number="8" page_title="Livssyn" header="Livssyn" question_text="Har beboeren et livssyn/religion som avdelingen trenger &#229; ta spesielt hensyn til?" optional="0" carry_forward="1" exclude_from_text="1" enumeration_uid="5505" help_text="F.eks. knyttet til kosthold, prestetilbud, h&#248;ytider, blodoverf&#248;ring, m.m." group_id="GbdLivssynHensyn" />
<question item_id="5506" mid="GbdLivvsynHensynTekst" datatype="NAR" page_number="9" header="Hvordan" question_text="P&#229; hvilken m&#229;te det &#248;nskes &#229; bli tatt hensyn til?" optional="1" multiline="1" group_id="GbdLivvsynHensynTekst" />

<!-- Start: Form actions, generated XML -->

<question_action master_question_mid="VAR5471" detail_question_mid="VAR5479" enum_item_value="2" activate="1" />
<question_action master_question_mid="VAR5471" detail_question_mid="VAR5480" enum_item_value="2" activate="1" />
<question_action master_question_mid="VAR5471" detail_question_mid="VAR5481" enum_item_value="2" activate="1" />
<question_action master_question_mid="VAR5471" detail_question_mid="VAR5482" enum_item_value="2" activate="1" />
<question_action master_question_mid="VAR5471" detail_question_mid="VAR5483" enum_item_value="2" activate="1" />
<question_action master_question_mid="VAR5471" detail_question_mid="VAR5484" enum_item_value="2" activate="1" />
<question_action master_question_mid="VAR5471" detail_question_mid="VAR5485" enum_item_value="2" activate="1" />
<question_action master_question_mid="VAR5471" detail_question_mid="VAR5486" enum_item_value="2" activate="1" />
<question_action master_question_mid="VAR5471" detail_question_mid="VAR5487" enum_item_value="2" activate="1" />
<question_action master_question_mid="VAR5471" detail_question_mid="VAR5488" enum_item_value="2" activate="1" />
<question_action master_question_mid="VAR5471" detail_question_mid="VAR5489" enum_item_value="2" activate="1" />
<question_action master_question_mid="VAR5471" detail_question_mid="VAR5490" enum_item_value="2" activate="1" />
<question_action master_question_mid="VAR5471" detail_question_mid="VAR5491" enum_item_value="2" activate="1" />
<question_action master_question_mid="VAR5471" detail_question_mid="VAR5492" enum_item_value="2" activate="1" />
<question_action master_question_mid="VAR5471" detail_question_mid="VAR5493" enum_item_value="2" activate="1" />
<question_action master_question_mid="VAR5495" detail_question_mid="VAR5496" enum_item_value="1" activate="1" />
<question_action master_question_mid="GbdLivssynHensyn" detail_question_mid="GbdLivvsynHensynTekst" enum_item_value="1" activate="1" />
</form>
