<?xml version="1.0" encoding="ISO-8859-1"?>
<form form_id="331" form_uid="GBD_ANAMNESE" title="Anamnese" calculate_invalid="False" rating_scale="False" status="Open" repeatable="1" >
<instructions></instructions>

<!-- Start: Form enums, generated XML -->

<enumeration enumeration_uid="125">
  <enum_item value="1" text="Ja | Tidligere yrkesaktiv." short_code="J" answer_id="191" />
  <enum_item value="2" text="Nei | Ikke yrkesaktiv." short_code="N" answer_id="192" />
</enumeration>

<enumeration enumeration_uid="126">
  <enum_item value="1" text="Kontorarbeid." answer_id="193" />
  <enum_item value="2" text="Kroppsarbeider." answer_id="194" />
  <enum_item value="3" text="Har hatt b&#229;de kontorarbeid og kroppsarbeid." answer_id="195" />
</enumeration>

<enumeration enumeration_uid="505">
  <enum_item value="1" text="Ja" short_code="J" answer_id="803" />
  <enum_item value="2" text="Nei" short_code="N" answer_id="804" />
</enumeration>

<enumeration enumeration_uid="506">
  <enum_item value="1" text="Hjerneslag" answer_id="805" />
  <enum_item value="2" text="Atresi" answer_id="806" />
  <enum_item value="3" text="Annet" answer_id="807" />
</enumeration>

<enumeration enumeration_uid="508">
  <enum_item value="1" text="Bruker ikke sonde." answer_id="810" />
  <enum_item value="2" text="Har naso-gastrisk sonde." answer_id="811" />
  <enum_item value="3" text="Har PEG." answer_id="812" />
</enumeration>

<enumeration enumeration_uid="724">
  <enum_item value="1" score="0" text="Normal avf&#248;ring." answer_id="1140" />
  <enum_item value="2" score="1" text="Diare (to eller flere ganger daglig, flere ganger i uken)." answer_id="1141" />
  <enum_item value="3" score="2" text="Periodisk diare (noen f&#229; dager i m&#229;neden)." answer_id="1142" />
  <enum_item value="4" score="3" text="Varierende fra diare til obstipasjon." answer_id="1143" />
  <enum_item value="5" score="4" text="Trenger avf&#248;ringsmidler (regelmessig)." answer_id="1144" />
  <enum_item value="6" score="5" text="Trenger klyster (flere ganger i m&#229;neden)." answer_id="17391" />
</enumeration>

<enumeration enumeration_uid="725">
  <enum_item value="1" score="0" text="Kontinent for avf&#248;ring." answer_id="1145" />
  <enum_item value="2" score="1" text="Inkontinent for avf&#248;ring." answer_id="1146" />
  <enum_item value="3" score="2" text="Periodevis inkontinent for avf&#248;ring." answer_id="1147" />
  <enum_item value="4" score="3" text="Har stomi/pose p&#229; magen." answer_id="17600" />
</enumeration>

<enumeration enumeration_uid="726">
  <enum_item value="1" score="0" text="Kontinent for urin." answer_id="1148" />
  <enum_item value="2" score="1" text="Er inkontinent for urin (bruker bleie)." answer_id="1149" />
  <enum_item value="3" score="2" text="Periodevis inkontinent for urin." answer_id="1150" />
  <enum_item value="4" score="3" text="Bruker uridom." answer_id="1151" />
  <enum_item value="5" score="4" text="Har inneliggende kateter." answer_id="17596" />
</enumeration>

<enumeration enumeration_uid="727">
  <enum_item value="1" score="0" text="Ingen behandlingskrevende UVI siste 2 mnd." answer_id="1152" />
  <enum_item value="2" score="1" text="en gang siste 2 mnd." answer_id="1153" />
  <enum_item value="3" score="2" text="flere ganger siste 2 mnd." answer_id="17590" />
  <enum_item value="4" score="2" text="Kronisk urinveisinfeksjon." answer_id="17591" />
</enumeration>

<enumeration enumeration_uid="732">
  <enum_item value="1" score="0" text="uten hjelp." answer_id="1179" />
  <enum_item value="2" score="1" text="med noe hjelp." answer_id="1180" />
  <enum_item value="3" score="2" text="med mye hjelp." answer_id="1181" />
  <enum_item value="4" score="3" text="Kan ikke spise selv (m&#229; mates)." answer_id="15959" />
</enumeration>

<enumeration enumeration_uid="885">
  <enum_item value="1" score="0" text="Normal eller &#248;ket appetitt" answer_id="2042" />
  <enum_item value="2" score="1" text="Lett redusert appetitt" answer_id="2043" />
  <enum_item value="3" score="2" text="Moderat redusert appetitt" answer_id="2044" />
  <enum_item value="4" score="3" text="Betydelig redusert appetitt" answer_id="2045" />
  <enum_item value="5" score="4" text="Nesten ingen appetitt, maten smaker ikke, m&#229; tvinge seg selv til &#229; spise." answer_id="2046" />
  <enum_item value="6" score="5" text="Ingen appetitt." answer_id="2047" />
  <enum_item value="7" score="6" text="N&#230;ringsvegrende. M&#229; overtales av andre til &#229; spise." answer_id="2048" />
</enumeration>

<enumeration enumeration_uid="1492">
  <enum_item value="1" text="Aldri r&#248;ykt daglig." answer_id="3495" />
  <enum_item value="2" text="R&#248;yker daglig." answer_id="3496" />
  <enum_item value="3" text="Tidligere dagligr&#248;yker." answer_id="3497" />
</enumeration>

<enumeration enumeration_uid="3434">
  <enum_item value="1" text="Enebolig/rekkehus." answer_id="17620" />
  <enum_item value="2" text="Egen leilighet." answer_id="17621" />
  <enum_item value="3" text="Leid leilighet." answer_id="17622" />
  <enum_item value="4" text="Offentlig boligtilbud." answer_id="17623" />
  <enum_item value="5" text="Uten eget boligtilbud." answer_id="17624" />
</enumeration>

<enumeration enumeration_uid="3459">
  <enum_item value="1" text="Ja" ICD10="Z81-" answer_id="17894" />
  <enum_item value="2" text="Nei" short_code="N" answer_id="17895" />
  <enum_item value="3" text="Ukjent" short_code="U" answer_id="17896" />
</enumeration>

<enumeration enumeration_uid="3460">
  <enum_item value="1" text="Ja" ICD10="Z80-" answer_id="17897" />
  <enum_item value="2" text="Nei" short_code="N" answer_id="17898" />
  <enum_item value="3" text="Ukjent" short_code="U" answer_id="17899" />
</enumeration>

<enumeration enumeration_uid="3461">
  <enum_item value="1" text="Ja" ICD10="Z833" answer_id="17906" />
  <enum_item value="2" text="Nei" short_code="N" answer_id="17907" />
  <enum_item value="3" text="Ukjent" short_code="U" answer_id="17908" />
</enumeration>

<enumeration enumeration_uid="3462">
  <enum_item value="1" text="Ja" ICD10="Z824" answer_id="17912" />
  <enum_item value="2" text="Nei" short_code="N" answer_id="17913" />
  <enum_item value="3" text="Ukjent" short_code="U" answer_id="17914" />
</enumeration>

<enumeration enumeration_uid="3463">
  <enum_item value="1" text="Ja" ICD10="Z820-" answer_id="17921" />
  <enum_item value="2" text="Nei" short_code="N" answer_id="17922" />
  <enum_item value="3" text="Ukjent" short_code="U" answer_id="17923" />
</enumeration>

<enumeration enumeration_uid="3464">
  <enum_item value="1" text="Ja" ICD10="Z823" answer_id="17930" />
  <enum_item value="2" text="Nei" short_code="N" answer_id="17931" />
  <enum_item value="3" text="Ukjent" short_code="U" answer_id="17932" />
</enumeration>

<!-- Start: Form items, generated XML -->

<question item_id="3460" mid="ICD10_Z80" datatype="ORD" page_number="1" page_title="Familie" question_text="Kreft i familieanamnese" optional="0" carry_forward="1" enumeration_uid="3460" help_text="Biologiske foreldre, s&#248;sken" group_id="ICD10_Z80" />
<question item_id="3459" mid="ICD10_Z81" datatype="ORD" page_number="1" page_title="Familie" question_text="Psykisk sykdom i familieanamnese" optional="0" carry_forward="1" enumeration_uid="3459" help_text="Biologiske foreldre, s&#248;sken" group_id="ICD10_Z81" />
<question item_id="3461" mid="ICD10_Z833" datatype="ORD" page_number="1" page_title="Familie" question_text="Diabetes i familieanamnesen" optional="0" carry_forward="1" enumeration_uid="3461" help_text="Biologiske foreldre, s&#248;sken" group_id="ICD10_Z833" />
<question item_id="3464" mid="ICD10_Z82_STROKE" datatype="ORD" page_number="1" page_title="Familie" question_text="Hjerneslag i familieanamnesen" optional="0" carry_forward="1" enumeration_uid="3464" help_text="Biologiske foreldre, s&#248;sken" group_id="ICD10_Z82_STROKE" />
<question item_id="3462" mid="ICD10_Z82_HEART" datatype="ORD" page_number="1" page_title="Familie" question_text="Hjertesykdom i familieanamnesen" optional="0" carry_forward="1" enumeration_uid="3462" help_text="Biologiske foreldre, s&#248;sken" group_id="ICD10_Z82_HEART" />
<question item_id="3463" mid="ICD10_Z82_DEMENTIA" datatype="ORD" page_number="1" page_title="Familie" question_text="Tidlig demens i familieanamnesen" optional="0" carry_forward="1" enumeration_uid="3463" help_text="Biologiske besteforeldre, foreldre, s&#248;sken.  Demens f&#248;r 70 &#229;r." group_id="ICD10_Z82_DEMENTIA" />
<question item_id="3465" mid="FAMHX_COMMENTS" datatype="NAR" page_number="1" page_title="Familie" question_text="Eventuelle kommentarer" optional="1" carry_forward="1" multiline="1" group_id="FAMHX_COMMENTS" />
<question item_id="3434" mid="BOLIGTYPE" datatype="ORD" page_number="2" page_title="Sosialt" question_text="Egen bolig utenfor institusjonen" optional="0" carry_forward="1" enumeration_uid="3434" group_id="BOLIGTYPE" />
<question item_id="125" mid="YRKESAKTIV_5Y" datatype="ORD" page_number="2" page_title="Sosialt" header="Yrkesaktivitet" question_text="Har v&#230;rt yrkesaktiv utenfor hjemmet" optional="0" carry_forward="1" enumeration_uid="125" help_text="Minst 5 &#229;r" group_id="YRKESAKTIV_5Y" />
<question item_id="126" mid="ARBEID_TYPE" datatype="ORD" page_number="2" page_title="Sosialt" question_text="Type tidligere arbeid" optional="0" carry_forward="1" enumeration_uid="126" group_id="ARBEID_TYPE" />
<question item_id="3435" mid="ARBEID_KOMMENTAR" datatype="NAR" page_number="2" page_title="Sosialt" question_text="Eventuelle kommentarer" optional="1" carry_forward="1" multiline="1" group_id="ARBEID_KOMMENTAR" />
<question item_id="732" mid="HULTEN_FOEDEINNTAK" datatype="ORD" page_number="3" page_title="Naturlige funksjoner (etter Hult&#233;n)" header="Spiser selv" question_text="Spiser..." optional="0" carry_forward="1" enumeration_uid="732" help_text="Noe hjelp: Trenger hjelp til &#229; dele opp maten, men kan bruke kniv og gaffel, og kan spise og drikke uten ytterligere hjelp." group_id="HULTEN_FOEDEINNTAK" />
<question item_id="885" mid="MADRS_MATLYST" datatype="ORD" page_number="3" page_title="Naturlige funksjoner (etter Hult&#233;n)" question_text="Hvordan har det v&#230;rt med matlysten den siste uken?" optional="0" enumeration_uid="885" group_id="MADRS_MATLYST" />
<question item_id="505" mid="SVELGPROBLEMER" datatype="ORD" page_number="4" question_text="Har denne pasienten svelgproblemer?" optional="0" enumeration_uid="505" group_id="SVELGPROBLEMER" />
<question item_id="506" mid="SVELG_ETIOLOGI" datatype="ORD" page_number="5" question_text="&#197;rsak til svelgproblem?" optional="0" carry_forward="1" enumeration_uid="506" group_id="SVELG_ETIOLOGI" />
<question item_id="508" mid="SVELG_SONDE" datatype="ORD" page_number="5" question_text="Sonde" optional="0" carry_forward="1" enumeration_uid="508" group_id="SVELG_SONDE" />
<question item_id="3470" mid="SVELG_KOMMENTAR" datatype="NAR" page_number="5" question_text="Evt. kommentar til svelgfunksjon" optional="1" multiline="1" group_id="SVELG_KOMMENTAR" />
<question item_id="724" mid="HULTEN_AVFOERING" datatype="ORD" page_number="6" question_text="Avf&#248;ring" optional="0" carry_forward="1" enumeration_uid="724" group_id="HULTEN_AVFOERING" />
<question item_id="725" mid="HULTEN_INKONTAVFOERING" datatype="ORD" page_number="6" question_text="Inkontinent avf&#248;ring" optional="0" carry_forward="1" enumeration_uid="725" group_id="HULTEN_INKONTAVFOERING" />
<question item_id="726" mid="HULTEN_URININKONTINENS" datatype="ORD" page_number="6" question_text="Urininkontinens" optional="0" carry_forward="1" enumeration_uid="726" group_id="HULTEN_URININKONTINENS" />
<question item_id="727" mid="HULTEN_UVI" datatype="ORD" page_number="6" header="Urinveisinfeksjon" question_text="Har hatt UVI..." optional="0" carry_forward="1" enumeration_uid="727" help_text="Kun behandlingskrevende med kliniske symptomer siste 2 mnd.  
Gjentatte:" group_id="HULTEN_UVI" />
<question item_id="3469" mid="NATFUNC_COMMENT" datatype="NAR" page_number="6" question_text="Evt. kommentar til naturlige funksjon" optional="1" multiline="1" group_id="NATFUNC_COMMENT" />
<question item_id="1492" mid="SMKCLAS" datatype="ORD" page_number="7" page_title="Stimulantia" question_text="R&#248;ykestatus" optional="0" enumeration_uid="1492" group_id="SMKCLAS" />
<question item_id="4314" mid="STIMULANTIA" datatype="NAR" page_number="7" page_title="Stimulantia" question_text="Andre stimulantia" optional="1" multiline="1" group_id="STIMULANTIA" />
<question item_id="3474" mid="ICD10_T784" datatype="NAR" page_number="8" page_title="Ikke-medikamentelle allergier" question_text="Allergier" optional="0" multiline="1" help_text="Skriv evt. &quot;Ingen kjente&quot;. Husk: Medikamentelle allergier SKAL registreres under CAVE." group_id="ICD10_T784" />

<!-- Start: Form actions, generated XML -->

<question_action master_question_mid="SVELGPROBLEMER" detail_question_mid="SVELG_ETIOLOGI" enum_item_value="1" activate="1" />
<question_action master_question_mid="SVELGPROBLEMER" detail_question_mid="SVELG_SONDE" enum_item_value="1" activate="1" />
<question_action master_question_mid="SVELGPROBLEMER" detail_question_mid="SVELG_KOMMENTAR" enum_item_value="1" activate="1" />
</form>
