<?xml version="1.0" encoding="ISO-8859-1"?>
<form form_id="261" form_uid="GBD_NOTE" title="Journalnotat" calculate_invalid="False" rating_scale="False" status="Closed" repeatable="1" >
<instructions>Vanlige, fortl�pende notater ved lege i fritekst. Type hendelse kategoriseres for statistikkform�l. Notat i fritekstfeltet.</instructions>

<!-- Start: Form enums, generated XML -->

<enumeration enumeration_uid="193">
  <enum_item value="1" text="v&#229;ken." answer_id="302" />
  <enum_item value="2" text="vekkbar." answer_id="303" />
  <enum_item value="3" text="vekkbar med smertestimuli." answer_id="304" />
  <enum_item value="4" text="komat&#248;s." answer_id="305" />
</enumeration>

<enumeration enumeration_uid="196">
  <enum_item value="1" text="er god." answer_id="311" />
  <enum_item value="2" text="er lett redusert." answer_id="312" />
  <enum_item value="3" text="er sv&#230;rt redusert." answer_id="313" />
  <enum_item value="4" text="Pasienten er moribund." answer_id="314" />
</enumeration>

<enumeration enumeration_uid="226">
  <enum_item value="1" text="Ja | Sinusrytme." short_code="J" answer_id="380" />
  <enum_item value="2" text="Nei | Ikke sinusrytme." short_code="N" answer_id="381" />
</enumeration>

<enumeration enumeration_uid="227">
  <enum_item value="1" text="AF" answer_id="382" />
  <enum_item value="2" text="VES" answer_id="383" />
  <enum_item value="3" text="SVES" answer_id="384" />
  <enum_item value="4" text="Blokk1" answer_id="385" />
  <enum_item value="5" text="Blokk2" answer_id="386" />
  <enum_item value="6" text="Blokk3" answer_id="387" />
</enumeration>

<enumeration enumeration_uid="228">
  <enum_item value="1" text="Normal | Normal akse." answer_id="388" />
  <enum_item value="2" text="H.akse (1+2 er positive) | H&#248;yre akse." answer_id="389" />
  <enum_item value="3" text="V.akse (2+3 er negative) | Venstre akse." answer_id="390" />
</enumeration>

<enumeration enumeration_uid="229">
  <enum_item value="1" text="Nei*" short_code="N" answer_id="391" />
  <enum_item value="2" text="H&#248;yre grenblokk (Stor M i v1)" answer_id="392" />
  <enum_item value="3" text="Venstre Grenblokk (Stor V i v1)" answer_id="393" />
</enumeration>

<enumeration enumeration_uid="230">
  <enum_item value="1" text="Ja | Kjent fra tidligere." short_code="J" answer_id="394" />
  <enum_item value="2" text="Nei | Ikke kjent fra tidligere." short_code="N" answer_id="395" />
  <enum_item value="3" text="Ukjent | Usikkert om dette er nytt." short_code="U" answer_id="396" />
</enumeration>

<enumeration enumeration_uid="231">
  <enum_item value="1" text="Nei*" short_code="N" answer_id="397" />
  <enum_item value="2" text="Ja, nedre vegg (2.3. og aVF) | ST-hevning nedre vegg." answer_id="398" />
  <enum_item value="3" text="Ja, fremre vegg (v1-v6) | ST-hevning fremre vegg." answer_id="399" />
  <enum_item value="4" text="Ja, nedre- og fremre vegg | ST-hevning b&#229;de nedre og fremre vegg." answer_id="400" />
</enumeration>

<enumeration enumeration_uid="232">
  <enum_item value="1" text="Nei*" short_code="N" answer_id="401" />
  <enum_item value="2" text="Ja, NV (II, III,aVF) | T-inversjon nedre vegg." answer_id="402" />
  <enum_item value="3" text="Ja, FV (flere  av v1-v6) | T-inversjon fremre vegg." answer_id="403" />
</enumeration>

<enumeration enumeration_uid="233">
  <enum_item value="1" text="Nei*" short_code="N" answer_id="404" />
  <enum_item value="2" text="Ja, nedre vegg (2.3. og aVF) | ST-depresjon nedre vegg." answer_id="405" />
  <enum_item value="3" text="Ja, fremre vegg (v1-v6) | ST-depresjon fremre vegg." answer_id="406" />
  <enum_item value="4" text="Ja, nedre- og fremre vegg | ST-depresjon nedre og fremre vegg." answer_id="407" />
</enumeration>

<enumeration enumeration_uid="3475">
  <enum_item value="1" text="Uklassifisert notat." answer_id="17978" />
  <enum_item value="2" text="Utsendelse av epikrise." answer_id="17979" />
  <enum_item value="3" text="Innkommende epikrise m/vurdering." answer_id="17980" />
  <enum_item value="4" text="Bildediagnostikk." answer_id="17981" />
  <enum_item value="5" text="Telefonhenvendelse." answer_id="17982" />
  <enum_item value="6" text="Journalnotat med pasientunders&#248;kelse." answer_id="17983" />
</enumeration>

<enumeration enumeration_uid="3483">
  <enum_item value="1" text="Ja" answer_id="17992" />
  <enum_item value="2" text="Nei" short_code="N" answer_id="17993" />
</enumeration>

<!-- Start: Form items, generated XML -->

<question item_id="3475" mid="NOTE_CLASS" datatype="ORD" page_number="1" page_title="Journalnotater" question_text="Klassifikasjon av notat" optional="1" enumeration_uid="3475" group_id="NOTE_CLASS" />
<question item_id="3490" mid="REFERRAL_INSTITUTION" datatype="NAR" page_number="2" question_text="Innlegges til" optional="0" carry_forward="1" multiline="1" group_id="REFERRAL_INSTITUTION" />
<question item_id="3492" mid="REFERRAL_DEPT" datatype="NAR" page_number="2" question_text="Avdeling" optional="1" multiline="1" group_id="REFERRAL_DEPT" />
<question item_id="3491" mid="REFERRAL_ADDRESS" datatype="NAR" page_number="2" question_text="Adresse" optional="1" multiline="1" group_id="REFERRAL_ADDRESS" />
<question item_id="3476" mid="NOTE_SUBJECTIVE" datatype="NAR" page_number="3" question_text="Aktuelt" optional="1" multiline="1" group_id="NOTE_SUBJECTIVE" />
<question item_id="193" mid="GENERAL_SENSORY" datatype="ORD" page_number="4" page_title="Funn ved unders&#248;kelse" header="Sensorium" question_text="Pasienten er" optional="0" enumeration_uid="193" group_id="GENERAL_SENSORY" />
<question item_id="196" mid="GENERAL_CONDITION" datatype="ORD" page_number="4" page_title="Funn ved unders&#248;kelse" question_text="Allmenntilstanden" optional="0" enumeration_uid="196" group_id="GENERAL_CONDITION" />
<question item_id="3477" mid="NOTE_OBJECTIVE" datatype="NAR" page_number="4" page_title="Funn ved unders&#248;kelse" question_text="Funn ved unders&#248;kelse" optional="1" multiline="1" group_id="NOTE_OBJECTIVE" />
<question item_id="3480" mid="NOTE_GRAPHICAL" datatype="NAR" page_number="5" question_text="Supplerende unders&#248;kelser" optional="1" multiline="1" help_text="F.eks. bildediagnostikk" group_id="NOTE_GRAPHICAL" />
<question item_id="3478" mid="NOTE_EVALUATION" datatype="NAR" page_number="6" question_text="Evaluering" optional="1" multiline="1" group_id="NOTE_EVALUATION" />
<question item_id="3479" mid="NOTE_PLAN" datatype="NAR" page_number="7" question_text="Plan" optional="1" multiline="1" group_id="NOTE_PLAN" />
<question item_id="3483" mid="ECG_TODAY" datatype="ORD" page_number="8" question_text="Inkluder EKG-beskrivelse" optional="1" enumeration_uid="3483" group_id="ECG_TODAY" />
<question item_id="3484" mid="HECG" datatype="H1" page_number="9" question_text="EKG-beskrivelse" optional="0" group_id="HECG" />
<question item_id="226" mid="EKG_SINUS" datatype="ORD" page_number="9" question_text="Sinusrytme?" optional="0" enumeration_uid="226" group_id="EKG_SINUS" />
<question item_id="227" mid="EKG_RYTME" datatype="ORD" page_number="10" question_text="Rytme om ikke sinus" optional="0" enumeration_uid="227" group_id="EKG_RYTME" />
<question item_id="228" mid="EKG_AKSE123" datatype="ORD" page_number="10" question_text="Akse bed&#248;mt ut fra 1.2.3. standard" optional="0" enumeration_uid="228" group_id="EKG_AKSE123" />
<question item_id="3482" mid="HECG_MI" datatype="H1" page_number="11" question_text="Infarkttegn" optional="0" group_id="HECG_MI" />
<question item_id="229" mid="EKG_GRENBLOKK" datatype="ORD" page_number="11" header="Grenblokk" question_text="Har pasient h&#248;yre eller venstre grenblokk?" optional="0" enumeration_uid="229" group_id="EKG_GRENBLOKK" />
<question item_id="230" mid="EKG_KJENT" datatype="ORD" page_number="12" header="Er grenblokket kjent fra tidligere" question_text="Er grenblokket kjent fra tidligere (om ikke, mulig ferskt infarkt)" optional="0" enumeration_uid="230" group_id="EKG_KJENT" />
<question item_id="231" mid="EKG_ST" datatype="ORD" page_number="13" header="ST-hevning &gt; 2 mm i flere avledninger?" question_text="ST-hevning &gt; 2 mm i flere avledninger? (Obs. Infarkt)" optional="0" enumeration_uid="231" group_id="EKG_ST" />
<question item_id="232" mid="EKG_TINVERS" datatype="ORD" page_number="13" question_text="T-inversjoner?" optional="0" enumeration_uid="232" group_id="EKG_TINVERS" />
<question item_id="233" mid="EKG_BELASTNING" datatype="ORD" page_number="14" question_text="ST-depresjon" optional="0" enumeration_uid="233" help_text="ST-depresjon er et belastningstegn, obs. angina pectoris." group_id="EKG_BELASTNING" />

<!-- Start: Form actions, generated XML -->

<question_action master_question_mid="NOTE_CLASS" detail_question_mid="REFERRAL_INSTITUTION" enum_item_value="2" activate="1" />
<question_action master_question_mid="NOTE_CLASS" detail_question_mid="REFERRAL_DEPT" enum_item_value="2" activate="1" />
<question_action master_question_mid="NOTE_CLASS" detail_question_mid="REFERRAL_ADDRESS" enum_item_value="2" activate="1" />
<question_action master_question_mid="NOTE_CLASS" detail_question_mid="NOTE_SUBJECTIVE" enum_item_value="1" activate="1" />
<question_action master_question_mid="NOTE_CLASS" detail_question_mid="NOTE_SUBJECTIVE" enum_item_value="2" activate="1" />
<question_action master_question_mid="NOTE_CLASS" detail_question_mid="NOTE_SUBJECTIVE" enum_item_value="6" activate="1" />
<question_action master_question_mid="NOTE_CLASS" detail_question_mid="GENERAL_SENSORY" enum_item_value="1" activate="1" />
<question_action master_question_mid="NOTE_CLASS" detail_question_mid="GENERAL_SENSORY" enum_item_value="2" activate="1" />
<question_action master_question_mid="NOTE_CLASS" detail_question_mid="GENERAL_CONDITION" enum_item_value="1" activate="1" />
<question_action master_question_mid="NOTE_CLASS" detail_question_mid="GENERAL_CONDITION" enum_item_value="2" activate="1" />
<question_action master_question_mid="NOTE_CLASS" detail_question_mid="NOTE_OBJECTIVE" enum_item_value="1" activate="1" />
<question_action master_question_mid="NOTE_CLASS" detail_question_mid="NOTE_OBJECTIVE" enum_item_value="2" activate="1" />
<question_action master_question_mid="NOTE_CLASS" detail_question_mid="NOTE_GRAPHICAL" enum_item_value="1" activate="1" />
<question_action master_question_mid="NOTE_CLASS" detail_question_mid="NOTE_GRAPHICAL" enum_item_value="5" activate="1" />
<question_action master_question_mid="NOTE_CLASS" detail_question_mid="NOTE_PLAN" enum_item_value="1" activate="1" />
<question_action master_question_mid="NOTE_CLASS" detail_question_mid="NOTE_PLAN" enum_item_value="3" activate="1" />
<question_action master_question_mid="ECG_TODAY" detail_question_mid="HECG" enum_item_value="1" activate="1" />
<question_action master_question_mid="ECG_TODAY" detail_question_mid="EKG_SINUS" enum_item_value="1" activate="1" />
<question_action master_question_mid="EKG_SINUS" detail_question_mid="EKG_RYTME" enum_item_value="2" activate="1" />
<question_action master_question_mid="EKG_SINUS" detail_question_mid="EKG_AKSE123" enum_item_value="2" activate="1" />
<question_action master_question_mid="ECG_TODAY" detail_question_mid="HECG_MI" enum_item_value="1" activate="1" />
<question_action master_question_mid="ECG_TODAY" detail_question_mid="EKG_GRENBLOKK" enum_item_value="1" activate="1" />
<question_action master_question_mid="EKG_GRENBLOKK" detail_question_mid="EKG_KJENT" enum_item_value="1" activate="6" />
<question_action master_question_mid="ECG_TODAY" detail_question_mid="EKG_ST" enum_item_value="1" activate="1" />
<question_action master_question_mid="ECG_TODAY" detail_question_mid="EKG_TINVERS" enum_item_value="1" activate="1" />
<question_action master_question_mid="ECG_TODAY" detail_question_mid="EKG_BELASTNING" enum_item_value="1" activate="1" />
</form>
