<?xml version="1.0" encoding="ISO-8859-1"?>
<form form_id="328" form_uid="GBD_LABDATA" title="Lokale labdata" calculate_invalid="False" rating_scale="False" status="Closed" repeatable="1" >
<instructions></instructions>

<!-- Start: Form enums, generated XML -->

<enumeration enumeration_uid="4327">
  <enum_item value="1" text="Pos" answer_id="23143" />
  <enum_item value="2" text="Neg" answer_id="23144" />
  <enum_item value="3" text="ikke tatt." answer_id="23145" />
</enumeration>

<!-- Start: Form items, generated XML -->

<question item_id="3134" mid="B_HB" datatype="QN" page_number="1" page_title="Blodpr&#248;ver" question_text="B-Hb (g/100mL)" optional="1" min_value="5" max_value="20" units="g/100mL" decimals="1" help_text="H&#248;ye verdier ved polycytemi. Lave ved anemi. Nedsatt hemoglobin i fullblod med normalt hemoglobininnhold i en normal erytrocyttmasse kan ses i svangerskapet, etter splenektomi og undertiden ved makroglobulinemi. &#197;rsaken er &#248;kt plasmavolum." group_id="B_HB" />
<question item_id="4519" mid="LPK" datatype="QN" page_number="1" page_title="Blodpr&#248;ver" question_text="B-Leukocytter (10^9/L)" optional="1" min_value="1" max_value="100" units="10^9/L" decimals="1" help_text="H&#248;ye verdier ved infeksjoner, aseptiske nekroser, maligne svulster, splenektomi, leukemi. V&#230;r ogs&#229; oppmerksom p&#229; at kraftig uro i forbindelse med pr&#248;vetaking (f eks barn som skriker) kan gi markert &#248;kning av verdiene. Lave verdier ved benmargshemning: medikamenter, cytostatika, toksiske kjemikalier, maligne svulster med benmargmetastaser." group_id="LPK" />
<question item_id="4329" mid="SR" datatype="QN" page_number="1" page_title="Blodpr&#248;ver" question_text="B-SR (mm/t)" optional="1" min_value="0" max_value="150" units="mm/t" help_text="SR &gt; 30 mm betyr oftest organisk sykdom. SR &gt; 70 mm betyr oftest alvorlig organisk sykdom. Normal SR utelukker ikke organisk sykdom, ikke engang alvorlig organisk sykdom. Ved s&#230;rlig lave verdier (0 - 1 mm) b&#248;r polycytemi overveies." group_id="SR" />
<question item_id="273" mid="CRP" datatype="QN" page_number="1" page_title="Blodpr&#248;ver" question_text="S-CRP (mg/L)" optional="1" min_value="0" max_value="500" units="mg/L" decimals="1" help_text="H&#248;ye verdier ved aktive inflammatoriske prosesser. Bakterielle prosesser gir gjerne h&#248;yere verdier enn virusinfeksjoner. CRP er det mest f&#248;lsomme av akutt fase proteinene. Det kan stige til 2000 ganger utgangsverdien i l&#248;pet av 24 timer ved en akutt aktiv prosess. Ved tilbakegang av prosessen synker CRP fortere enn de &#248;vrige akutt fase proteinene." group_id="CRP" />
<question item_id="4330" mid="B_GLUCOSE" datatype="QN" page_number="1" page_title="Blodpr&#248;ver" question_text="B-Glukose (mmol/l)" optional="1" min_value="2" max_value="50" units="mmol/l" decimals="1" group_id="B_GLUCOSE" />
<question item_id="3304" mid="CREAT" datatype="QN" page_number="1" page_title="Blodpr&#248;ver" question_text="S-Kreatinin (&#181;mol/L)" optional="1" min_value="10" max_value="2000" units="&#181;mol/L" help_text="H&#248;ye verdier ved nedsatt glomerulusfiltrasjon: prerenalt ved sirkulasjonssvikt, renalt ved glomerulusskade, postrenalt ved avl&#248;pshinder. Lave verdier har liten klinisk interesse. Forekommer ved atrofisk muskulatur og i svangerskapet." group_id="CREAT" />
<question item_id="277" mid="S_K" datatype="QN" page_number="1" page_title="Blodpr&#248;ver" question_text="S-Kalium (mmol/L)" optional="1" min_value="1" max_value="10" units="mmol/L" decimals="2" help_text="H&#248;ye verdier ved insulinmangel, acidose, hypoksi, hemolyse, digitalisforgiftning, forbrenning, vevsknusninger, resorpsjon av hematomer og av blod fra tarmtractus, oligurisk nyreinsuffisiens, ukompensert Addisons sykdom.
Lave verdier ved thiazidbehandling, brekninger, diar&#233;, alkoholisme, laksantia, overdreven lakrisspising, metabolsk alkalose, insulinbehandlet diabetisk ketoacidose, Cushings syndrom.
Den vanligste &#229;rsaken til hyperkalemi er uheldig pr&#248;vebehandling (taking/oppbevaring/transport), og det er viktig &#229; vurdere dette opp mot en mulig reell hyperkalemi." group_id="S_K" />
<question item_id="4322" mid="USTIX_GLU" datatype="NAR" page_number="2" page_title="Urinpr&#248;ver" question_text="U-Glukose" optional="1" multiline="0" group_id="USTIX_GLU" />
<question item_id="4323" mid="USTIX_LEU" datatype="NAR" page_number="2" page_title="Urinpr&#248;ver" question_text="U-Leukcocytter" optional="1" multiline="0" group_id="USTIX_LEU" />
<question item_id="4324" mid="USTIX_NIT" datatype="NAR" page_number="2" page_title="Urinpr&#248;ver" question_text="U-Nitritt" optional="1" multiline="0" group_id="USTIX_NIT" />
<question item_id="4325" mid="USTIX_PRO" datatype="NAR" page_number="2" page_title="Urinpr&#248;ver" question_text="U-Protein" optional="1" multiline="0" group_id="USTIX_PRO" />
<question item_id="4326" mid="USTIX_ERY" datatype="NAR" page_number="2" page_title="Urinpr&#248;ver" question_text="U-Erytrocytter" optional="1" multiline="0" group_id="USTIX_ERY" />
<question item_id="4327" mid="URICULT" datatype="ORD" page_number="2" page_title="Urinpr&#248;ver" question_text="Uricult" optional="1" enumeration_uid="4327" group_id="URICULT" />

<!-- Start: Form actions, generated XML -->

</form>
