<?xml version="1.0" encoding="ISO-8859-1"?>
<form form_id="473" form_uid="QUALIS" title="QUALID - Livskvalitet ved langtkommen demens" subtitle="Livskvalitet ved langtkommen demens" calculate_invalid="False" rating_scale="True" status="Open" repeatable="1" >
<instructions></instructions>

<!-- Start: Form enums, generated XML -->

<enumeration enumeration_uid="5815">
  <enum_item value="1" score="1" text="spontant en eller flere ganger daglig." answer_id="30931" />
  <enum_item value="2" score="2" text="spontant, men sjeldnere enn en gang daglig." answer_id="30932" />
  <enum_item value="3" score="3" text="bare som respons p&#229; ytre stimuli, minst en gang daglig." answer_id="30933" />
  <enum_item value="4" score="4" text="bare som respons p&#229; ytre stimuli, sjeldnere enn en gang daglig." answer_id="30934" />
  <enum_item value="5" score="5" text="sjelden eller aldri." answer_id="30935" />
</enumeration>

<enumeration enumeration_uid="5816">
  <enum_item value="1" score="1" text="sjelden eller aldri." answer_id="30943" />
  <enum_item value="2" score="2" text="bare som respons p&#229; ytre stimuli, sjeldnere enn en gang daglig." answer_id="30944" />
  <enum_item value="3" score="3" text="bare som respons p&#229; ytre stimuli, minst en gang daglig." answer_id="30945" />
  <enum_item value="4" score="4" text="uten &#229;penbar grunn, sjeldnere enn en gang daglig." answer_id="30946" />
  <enum_item value="5" score="5" text="uten &#229;penbar grunn, en eller flere ganger daglig." answer_id="30947" />
</enumeration>

<enumeration enumeration_uid="5817">
  <enum_item value="1" score="1" text="mesteparten av dagen." answer_id="30955" />
  <enum_item value="2" score="2" text="mer enn halvparten av dagen." answer_id="30956" />
  <enum_item value="3" score="3" text="halvparten av dagen." answer_id="30957" />
  <enum_item value="4" score="4" text="mindre enn halvparten av dagen." answer_id="30958" />
  <enum_item value="5" score="5" text="sjelden eller aldri." answer_id="30959" />
</enumeration>

<enumeration enumeration_uid="5818">
  <enum_item value="1" score="1" text="sjelden eller aldri." answer_id="30967" />
  <enum_item value="2" score="2" text="sjeldnere enn en gang daglig." answer_id="30968" />
  <enum_item value="3" score="3" text="minst en gang daglig." answer_id="30969" />
  <enum_item value="4" score="4" text="nesten halvparten av dagen." answer_id="30970" />
  <enum_item value="5" score="5" text="mesteparten av dagen." answer_id="30971" />
</enumeration>

<enumeration enumeration_uid="5819">
  <enum_item value="1" score="1" text="sjelden eller aldri." answer_id="30979" />
  <enum_item value="2" score="2" text="sjeldnere enn en gang daglig." answer_id="30980" />
  <enum_item value="3" score="3" text="minst en gang daglig." answer_id="30981" />
  <enum_item value="4" score="4" text="nesten halvparten av dagen." answer_id="30982" />
  <enum_item value="5" score="5" text="mesteparten av dagen." answer_id="30983" />
</enumeration>

<enumeration enumeration_uid="5820">
  <enum_item value="1" score="1" text="sjelden eller aldri" answer_id="30986" />
  <enum_item value="2" score="2" text="bare som respons p&#229; ytre stimuli, sjeldnere enn en gang daglig" answer_id="30987" />
  <enum_item value="3" score="3" text="bare som respons p&#229; ytre stimuli, minst en gang daglig" answer_id="30988" />
  <enum_item value="4" score="4" text="uten &#229;penbar grunn, sjeldnere enn en gang daglig" answer_id="30989" />
  <enum_item value="5" score="5" text="uten &#229;penbar grunn, en eller flere ganger daglig" answer_id="30990" />
</enumeration>

<enumeration enumeration_uid="5821">
  <enum_item value="1" score="1" text="sjelden eller aldri." answer_id="30998" />
  <enum_item value="2" score="2" text="bare som respons p&#229; ytre stimuli, sjeldnere enn en gang daglig." answer_id="30999" />
  <enum_item value="3" score="3" text="bare som respons p&#229; ytre stimuli, minst en gang daglig." answer_id="31000" />
  <enum_item value="4" score="4" text="uten &#229;penbar grunn, sjeldnere enn en gang daglig." answer_id="31001" />
  <enum_item value="5" score="5" text="uten &#229;penbar grunn, en eller flere ganger daglig." answer_id="31002" />
</enumeration>

<enumeration enumeration_uid="5822">
  <enum_item value="1" score="1" text="sjelden eller aldri." answer_id="31010" />
  <enum_item value="2" score="2" text="bare som respons p&#229; ytre stimuli, sjeldnere enn en gang daglig." answer_id="31011" />
  <enum_item value="3" score="3" text="bare som respons p&#229; ytre stimuli, minst en gang daglig." answer_id="31012" />
  <enum_item value="4" score="4" text="uten &#229;penbar grunn, sjeldnere enn en gang daglig." answer_id="31013" />
  <enum_item value="5" score="5" text="uten &#229;penbar grunn, en eller flere ganger daglig." answer_id="31014" />
</enumeration>

<enumeration enumeration_uid="5823">
  <enum_item value="1" score="1" text="ved de fleste m&#229;ltidene, og mellom m&#229;ltider." answer_id="31022" />
  <enum_item value="2" score="2" text="ved minst to m&#229;ltider daglig." answer_id="31023" />
  <enum_item value="3" score="3" text="ved minst ett m&#229;ltid daglig." answer_id="31024" />
  <enum_item value="4" score="4" text="sjeldnere enn daglig." answer_id="31025" />
  <enum_item value="5" score="5" text="sjelden eller aldri." answer_id="31026" />
</enumeration>

<enumeration enumeration_uid="5825">
  <enum_item value="1" score="1" text="nesten alltid, tar nesten alltid initiativ til ber&#248;ring." answer_id="31041" />
  <enum_item value="2" score="2" text="mer enn halvparten av tiden, tar av og til initiativ til ber&#248;ring." answer_id="31042" />
  <enum_item value="3" score="3" text="halvparten av tiden, tar aldri initiativ til ber&#248;ring, men motsetter seg ikke &#229; bli ber&#248;rt." answer_id="31043" />
  <enum_item value="4" score="4" text="mindre enn halvparten av tiden, motsetter seg ofte &#229; bli ber&#248;rt/bli tatt p&#229;." answer_id="31044" />
  <enum_item value="5" score="5" text="sjelden eller aldri, motsetter seg nesten alltid ber&#248;ring/bli tatt p&#229;." answer_id="31045" />
</enumeration>

<enumeration enumeration_uid="5826">
  <enum_item value="1" score="1" text="nesten alltid, tar nesten alltid initiativ til samv&#230;r med andre." answer_id="31053" />
  <enum_item value="2" score="2" text="mer enn halvparten av tiden, tar av og til initiativ til samv&#230;r med andre." answer_id="31054" />
  <enum_item value="3" score="3" text="halvparten av tiden, tar aldri initiativ til samv&#230;r med andre, men motsetter seg ikke." answer_id="31055" />
  <enum_item value="4" score="4" text="mindre enn halvparten av tiden, motsetter seg ofte samv&#230;r med andre." answer_id="31056" />
  <enum_item value="5" score="5" text="sjelden eller aldri, motsetter seg nesten alltid samv&#230;r med andre." answer_id="31057" />
</enumeration>

<enumeration enumeration_uid="5828">
  <enum_item value="1" text="God kjennskap, gir daglig omsorg" answer_id="31063" />
  <enum_item value="2" text="Noe kjennskap, gir ofte omsorg" answer_id="31064" />
  <enum_item value="3" text="Ikke s&#230;rlig god kjennskap, gir bare medisiner, har lite kontakt" answer_id="31065" />
</enumeration>

<enumeration enumeration_uid="5829">
  <enum_item value="1" text="Intervjuet virket gyldig" answer_id="31068" />
  <enum_item value="2" text="Noen betenkeligheter, men sannsynligvis akseptabelt" answer_id="31069" />
  <enum_item value="3" text="Informasjonen fra intervjuet har tvilsom gyldighet" answer_id="31070" />
</enumeration>

<!-- Start: Form items, generated XML -->

<question item_id="5813" mid="QUALID_I" datatype="MSG" page_number="1" page_title="QUALID skala" header="Vurder siste uke" question_text="Hvilket svaralternativ beskriver pasienten best gjennom den siste uken?" optional="1" group_id="QUALID_I" />
<question item_id="5815" mid="QUALID_01" datatype="ORD" page_number="1" page_title="QUALID skala" question_text="Personen smiler" optional="0" enumeration_uid="5815" group_id="QUALID_01" />
<question item_id="5816" mid="QUALID_02" datatype="ORD" page_number="1" page_title="QUALID skala" question_text="Personen virker trist" optional="0" enumeration_uid="5816" group_id="QUALID_02" />
<question item_id="5820" mid="QUALID_03" datatype="ORD" page_number="1" page_title="QUALID skala" question_text="Personen gr&#229;ter" optional="0" enumeration_uid="5820" group_id="QUALID_03" />
<question item_id="5818" mid="QUALID_04" datatype="ORD" page_number="1" page_title="QUALID skala" question_text="Personen har et ansiktsuttrykk som uttrykker ubehag &#8211; virker ulykkelig eller smertep&#229;virket" optional="0" enumeration_uid="5818" help_text="ser bekymret ut, skj&#230;rer grimaser, rynker pannen eller sl&#229;r ned blikket" group_id="QUALID_04" />
<question item_id="5819" mid="QUALID_05" datatype="ORD" page_number="1" page_title="QUALID skala" question_text="Personen viser kroppslig ubehag" optional="0" enumeration_uid="5819" help_text="vrir p&#229; seg, virker utilpass, skifter stadig stilling" group_id="QUALID_05" />
<question item_id="5821" mid="QUALID_06" datatype="ORD" page_number="1" page_title="QUALID skala" question_text="Personen kommer med ytringer eller lager lyder som tyder p&#229; misn&#248;ye, tristhet eller ubehag" optional="0" enumeration_uid="5821" help_text="klager, st&#248;nner, roper/skriker" group_id="QUALID_06" />
<question item_id="5822" mid="QUALID_07" datatype="ORD" page_number="1" page_title="QUALID skala" question_text="Personen er irritabel og aggressiv" optional="0" enumeration_uid="5822" help_text="blir sint, banner, dytter eller fors&#248;ker &#229; skade andre" group_id="QUALID_07" />
<question item_id="5823" mid="QUALID_08" datatype="ORD" page_number="1" page_title="QUALID skala" question_text="Personen nyter &#229; spise" optional="0" enumeration_uid="5823" group_id="QUALID_08" />
<question item_id="5825" mid="QUALID_09" datatype="ORD" page_number="1" page_title="QUALID skala" question_text="Personen liker ber&#248;ring / kroppskontakt" optional="0" enumeration_uid="5825" group_id="QUALID_09" />
<question item_id="5826" mid="QUALID_10" datatype="ORD" page_number="1" page_title="QUALID skala" question_text="Personen liker samv&#230;r med andre" optional="0" enumeration_uid="5826" group_id="QUALID_10" />
<question item_id="5817" mid="QUALID_11" datatype="ORD" page_number="1" page_title="QUALID skala" question_text="Personen virker f&#248;lelsesmessig rolig og avslappet" optional="0" enumeration_uid="5817" group_id="QUALID_11" />
<question item_id="5827" mid="QUALID_SUM" datatype="QN" page_number="1" page_title="QUALID skala" question_text="Totalsk&#229;r (poeng)" optional="1" min_value="11" max_value="55" units="poeng" expression="QUALID_01 + QUALID_02 + QUALID_03 + QUALID_04 + QUALID_05 + QUALID_06 + QUALID_07 + QUALID_08 + QUALID_09 + QUALID_10 + QUALID_11" help_text="Summen av sk&#229;ringene p&#229; alle sp&#248;rsm&#229;lene. Sk&#229;ringen varierer mellom 11 til 55 hvor laveste sum representerer h&#248;yest livskvalitet" group_id="QUALID_SUM" />
<question item_id="5829" mid="QUALID_Q" datatype="ORD" page_number="2" page_title="Vurdering av intervjuet" question_text="Intervjuets kvalitet" optional="1" enumeration_uid="5829" help_text="intervjuerens vurdering" group_id="QUALID_Q" />
<question item_id="5828" mid="QUALID_K" datatype="ORD" page_number="2" page_title="Vurdering av intervjuet" question_text="Kunnskap/kjennskap informanten har til pasienten" optional="1" enumeration_uid="5828" group_id="QUALID_K" />

<!-- Start: Form actions, generated XML -->

</form>
