<?xml version="1.0" encoding="ISO-8859-1"?>
<form form_id="449" form_uid="SAMTALE_KOST" title="Kostsamtale ved innkomst" calculate_invalid="False" rating_scale="False" status="Closed" repeatable="1" >
<instructions></instructions>

<!-- Start: Form enums, generated XML -->

<enumeration enumeration_uid="4353">
  <enum_item value="1" text="Ja*" short_code="J" answer_id="23333" />
  <enum_item value="2" text="Nei | Vanlig kost." short_code="N" answer_id="23334" />
</enumeration>

<enumeration enumeration_uid="4354">
  <enum_item value="1" text="Ja | Diabeteskost." short_code="J" answer_id="23335" />
  <enum_item value="2" text="Nei*" short_code="N" answer_id="23336" />
</enumeration>

<enumeration enumeration_uid="4355">
  <enum_item value="1" text="Ja | Melkefri." short_code="J" answer_id="23339" />
  <enum_item value="2" text="Nei*" short_code="N" answer_id="23340" />
</enumeration>

<enumeration enumeration_uid="4356">
  <enum_item value="1" text="Ja | Fettfattig." short_code="J" answer_id="23343" />
  <enum_item value="2" text="Nei*" short_code="N" answer_id="23344" />
</enumeration>

<enumeration enumeration_uid="4357">
  <enum_item value="1" text="Ja | Moset." short_code="J" answer_id="23347" />
  <enum_item value="2" text="Nei*" short_code="N" answer_id="23348" />
  <enum_item value="3" text="Kun flytende kost." answer_id="23349" />
</enumeration>

<enumeration enumeration_uid="4529">
  <enum_item value="1" text="Ja | Glutenfri." short_code="J" answer_id="24032" />
  <enum_item value="2" text="Nei*" short_code="N" answer_id="24033" />
</enumeration>

<enumeration enumeration_uid="4765">
  <enum_item value="1" score="0" text="Betydelig redusert matinntak." short_code="0p" answer_id="26653" />
  <enum_item value="2" score="1" text="Noe redusert matinntak." short_code="1p" answer_id="26654" />
  <enum_item value="3" score="2" text="Ingen endring i matinntaket." short_code="2p" answer_id="26655" />
</enumeration>

<enumeration enumeration_uid="4766">
  <enum_item value="1" score="0" text="Vekttap over 3 kg." short_code="0p" answer_id="26659" />
  <enum_item value="2" score="1" text="Vet ikke*" short_code="1p" answer_id="26660" />
  <enum_item value="3" score="2" text="Vekttap mellom 1 og 3 kg." short_code="2p" answer_id="26661" />
  <enum_item value="4" score="3" text="Ikke vekttap." short_code="3p" answer_id="26662" />
</enumeration>

<enumeration enumeration_uid="4767">
  <enum_item value="1" score="0" text="Sengeliggende / sitter i stol." short_code="0p" answer_id="26663" />
  <enum_item value="2" score="1" text="I stand til &#229; g&#229; ut av seng/stol men g&#229;r ikke ute." short_code="1p" answer_id="26664" />
  <enum_item value="3" score="2" text="G&#229;r ute." short_code="2p" answer_id="26665" />
</enumeration>

<enumeration enumeration_uid="4768">
  <enum_item value="1" score="0" text="Ja | Sykdom/stress." short_code="0p" answer_id="26666" />
  <enum_item value="2" score="2" text="Nei | Ikke sykdom/stress." short_code="2p" answer_id="26667" />
</enumeration>

<enumeration enumeration_uid="4769">
  <enum_item value="1" score="0" text="Alvorlig demens eller depresjon." short_code="0p" answer_id="26668" />
  <enum_item value="2" score="1" text="Mild demens." short_code="1p" answer_id="26669" />
  <enum_item value="3" score="2" text="Ingen psykologiske problemer." short_code="2p" answer_id="26670" />
</enumeration>

<enumeration enumeration_uid="4770">
  <enum_item value="1" score="0" text="BMI mindre enn 19." short_code="0p" answer_id="26671" />
  <enum_item value="2" score="1" text="BMI 19 til mindre enn 21." short_code="1p" answer_id="26672" />
  <enum_item value="3" score="2" text="BMI 21 til mindre enn 23." short_code="2p" answer_id="26673" />
  <enum_item value="4" score="3" text="BMI 23 eller mer." short_code="3p" answer_id="26674" />
</enumeration>

<enumeration enumeration_uid="5460">
  <enum_item value="1" text="Ja | Beriket kost." short_code="J" answer_id="29543" />
  <enum_item value="2" text="Nei*" short_code="N" answer_id="29544" />
</enumeration>

<enumeration enumeration_uid="5462">
  <enum_item value="1" text="Ja*" short_code="J" answer_id="29547" />
  <enum_item value="2" text="Nei*" short_code="N" answer_id="29548" />
</enumeration>

<enumeration enumeration_uid="5464">
  <enum_item value="1" text="Ja | Skal ha fortykket drikke." short_code="J" answer_id="29555" />
  <enum_item value="2" text="Nei*" short_code="N" answer_id="29556" />
</enumeration>

<enumeration enumeration_uid="5466">
  <enum_item value="1" text="Ja | Sonde-ern&#230;ring." short_code="J" answer_id="29559" />
  <enum_item value="2" text="Nei*" short_code="N" answer_id="29560" />
</enumeration>

<enumeration enumeration_uid="5468">
  <enum_item value="1" text="Ja | Parenteral ern&#230;ring." short_code="J" answer_id="29563" />
  <enum_item value="2" text="Nei*" short_code="N" answer_id="29564" />
</enumeration>

<enumeration enumeration_uid="5473">
  <enum_item value="1" text="morgen." answer_id="29589" />
  <enum_item value="2" text="formiddag." answer_id="29590" />
  <enum_item value="3" text="ettermiddag." answer_id="29591" />
  <enum_item value="4" text="kveld." answer_id="29592" />
</enumeration>

<enumeration enumeration_uid="5474">
  <enum_item value="1" text="Ja | Har tyggeproblemer." short_code="J" answer_id="29595" />
  <enum_item value="2" text="Nei | Ingen tyggeproblemer." short_code="N" answer_id="29596" />
</enumeration>

<enumeration enumeration_uid="5475">
  <enum_item value="1" text="Ja | Har svelgproblemer." ICD10="R13" short_code="J" answer_id="29599" />
  <enum_item value="2" text="Nei | Ingen svelgproblemer." short_code="N" answer_id="29600" />
</enumeration>

<enumeration enumeration_uid="5507">
  <enum_item value="1" text="Ja*" short_code="J" answer_id="29711" />
  <enum_item value="2" text="Nei | Ingen spesielle bekymringer." short_code="N" answer_id="29712" />
</enumeration>

<enumeration enumeration_uid="5520">
  <enum_item value="1" text="Ja" answer_id="29756" />
  <enum_item value="2" text="Nei" short_code="N" answer_id="29757" />
</enumeration>

<enumeration enumeration_uid="5521">
  <enum_item value="1" score="0" text="Nei | Normal appetitt." answer_id="29758" />
  <enum_item value="2" score="1" text="Nedsatt appetitt" answer_id="29759" />
  <enum_item value="3" score="1" text="&#216;kt appetitt/overspising." answer_id="29760" />
  <enum_item value="4" score="9" text="Svarer ikke" answer_id="30123" />
</enumeration>

<enumeration enumeration_uid="5587">
  <enum_item value="1" text="Ja" answer_id="29899" />
  <enum_item value="2" text="Nei" short_code="N" answer_id="29900" />
</enumeration>

<enumeration enumeration_uid="5623">
  <enum_item value="1" text="Lite (0-1)" answer_id="30116" />
  <enum_item value="2" text="Flere dager (2-6 dager)" answer_id="30117" />
  <enum_item value="3" text="Mer enn halvparten av dagene (7-11 dager)" answer_id="30118" />
  <enum_item value="4" text="Nesten hver dag (12-14 dager)" answer_id="30119" />
</enumeration>

<enumeration enumeration_uid="5624">
  <enum_item value="1" text="Nei" answer_id="30124" />
  <enum_item value="2" text="Ja" answer_id="30125" />
  <enum_item value="3" text="Svarer ikke" answer_id="30130" />
</enumeration>

<enumeration enumeration_uid="5637">
  <enum_item value="1" text="Ja | Saltredusert." short_code="J" answer_id="30203" />
  <enum_item value="2" text="Nei*" short_code="N" answer_id="30204" />
</enumeration>

<enumeration enumeration_uid="5640">
  <enum_item value="1" text="Ja | Laktoseredusert." short_code="J" answer_id="30243" />
  <enum_item value="2" text="Nei*" short_code="N" answer_id="30244" />
</enumeration>

<!-- Start: Form items, generated XML -->

<question item_id="3225" mid="HEIGHT" datatype="QN" page_number="1" page_title="H&#248;yde og vekt" question_text="H&#248;yde (cm)" optional="0" carry_forward="1" min_value="50" max_value="220" units="cm" help_text="Uten sko." group_id="HEIGHT" />
<question item_id="3224" mid="WEIGHT" datatype="QN" page_number="1" page_title="H&#248;yde og vekt" question_text="Vekt (kg)" optional="0" min_value="10" max_value="400" units="kg" decimals="1" help_text="Uten sko og yttert&#248;y." group_id="WEIGHT" />
<question item_id="3310" mid="BMI" datatype="QN" page_number="1" page_title="H&#248;yde og vekt" question_text="BMI (kg/m2)" optional="1" min_value="5" max_value="150" units="kg/m2" decimals="1" expression="WEIGHT/((HEIGHT/100)*(HEIGHT/100)) * ISPOS(WEIGHT)*ISPOS(HEIGHT)" help_text="Beregnes automatisk" group_id="BMI" />
<question item_id="4765" mid="MNA_A" datatype="ORD" page_number="2" page_title="MNA Screening" header="Matinntak/appetitt" question_text="Har matinntaket g&#229;tt ned i l&#248;pet av de 3 siste m&#229;nedene pga nedsatt appetitt, ford&#248;yelsesproblemer, vanskeligheter med &#229; tygge og svelge?" optional="0" enumeration_uid="4765" group_id="MNA_A" />
<question item_id="4766" mid="MNA_B" datatype="ORD" page_number="2" page_title="MNA Screening" header="Vekttap" question_text="Vekttap i l&#248;pet av de siste 3 m&#229;nedene" optional="0" enumeration_uid="4766" group_id="MNA_B" />
<question item_id="4767" mid="MNA_C" datatype="ORD" page_number="2" page_title="MNA Screening" question_text="Mobilitet" optional="0" enumeration_uid="4767" group_id="MNA_C" />
<question item_id="4768" mid="MNA_D" datatype="ORD" page_number="2" page_title="MNA Screening" header="Sykdom/stress" question_text="Har opplevd psykologisk stress eller akutt sykdom i l&#248;pet av de siste 3 m&#229;nedene" optional="0" enumeration_uid="4768" group_id="MNA_D" />
<question item_id="4769" mid="MNA_E" datatype="ORD" page_number="2" page_title="MNA Screening" question_text="Neuropsykologiske problemer" optional="0" enumeration_uid="4769" group_id="MNA_E" />
<question item_id="4770" mid="MNA_F" datatype="ORD" page_number="2" page_title="MNA Screening" question_text="Kroppsmasseindeks" optional="0" visible="0" expression="1 + ISPOS(BMI-18.99) + ISPOS(BMI-20.99) + ISPOS(BMI-22.99)" enumeration_uid="4770" group_id="MNA_F" />
<question item_id="4771" mid="MNA_PART1" datatype="QN" page_number="2" page_title="MNA Screening" question_text="Sum MNA del 1: (poeng)" optional="1" visible="0" min_value="0" max_value="14" units="poeng" expression="MNA_A_SCORE + MNA_B_SCORE + MNA_C_SCORE + MNA_D_SCORE + MNA_E_SCORE + MNA_F_SCORE" help_text="Maksimalt 14 poeng" group_id="MNA_PART1" />
<question item_id="5507" mid="KOST_Bekymring" datatype="ORD" page_number="3" page_title="Tilleggssp&#248;rsm&#229;l" header="Bekymring" question_text="Bekymring vedr&#248;rende ern&#230;rings-status?" optional="0" enumeration_uid="5507" help_text="Bekymring hos beboer selv, p&#229;r&#248;rende eller andre som kjenner beboer." group_id="KOST_Bekymring" />
<question item_id="5472" mid="MAT_Egenvurdering" datatype="NAR" page_number="4" header="Egenvurdering" question_text="Beboers egen vurdering (ev. p&#229;r&#248;rendes inntrykk) av hva som skal til for &#229; bedre/opprettholde ern&#230;ringstilstanden." optional="0" carry_forward="1" multiline="1" help_text="F.eks. Bedre matlyst? Endret m&#229;ltidssituasjon?" group_id="MAT_Egenvurdering" />
<question item_id="5521" mid="MAT_Appetitt" datatype="ORD" page_number="5" header="Problemer med appetitt siste 2 uker" question_text="Har du v&#230;rt plaget med d&#229;rlig appetitt eller overspising siste 2 uker?" optional="0" enumeration_uid="5521" group_id="MAT_Appetitt" />
<question item_id="5624" mid="MDS_D6e" datatype="ORD" page_number="5" question_text="Nedsatt appetitt eller overspising" optional="1" visible="0" expression="MAT_Appetitt_SCORE" enumeration_uid="5624" help_text="Fra MDS 3.0 D2e.  Avledes fra appetitt." group_id="MDS_D6e" />
<question item_id="5623" mid="MDS_D6e_Freq" datatype="ORD" page_number="6" question_text="Hvor ofte har det v&#230;rt slik" optional="0" enumeration_uid="5623" group_id="MDS_D6e_Freq" />
<question item_id="5473" mid="MAT_MestSulten" datatype="ORD" page_number="7" header="Mest sulten" question_text="Tidspunkt beboer er mest sulten" optional="0" carry_forward="1" enumeration_uid="5473" group_id="MAT_MestSulten" />
<question item_id="5474" mid="MAT_Tyggeproblemer" datatype="ORD" page_number="7" header="Tyggeproblemer" question_text="Har beboer tyggeproblemer?" optional="0" carry_forward="1" enumeration_uid="5474" group_id="MAT_Tyggeproblemer" />
<question item_id="5475" mid="MDS_K1" datatype="ORD" page_number="7" header="Svelgproblemer" question_text="Har beboer tegn til svelgproblemer?" optional="0" carry_forward="1" enumeration_uid="5475" help_text="(Mister mat fra munnen, hoster eller klager over smerter ved svelging. Restmat i munnen.)" group_id="MDS_K1" />
<question item_id="5520" mid="KOST_EksisterendeTiltak" datatype="ORD" page_number="8" page_title="Ern&#230;ringstiltak fra f&#248;r" question_text="Er det fra f&#248;r igangsatt spesifikke ern&#230;ringstiltak eller tilpasninger av kosten?" optional="0" carry_forward="1" enumeration_uid="5520" group_id="KOST_EksisterendeTiltak" />
<question item_id="5459" mid="MAT_Hensyn" datatype="NAR" page_number="9" question_text="Milj&#248;- og m&#229;ltids- hensyn" optional="0" carry_forward="1" multiline="1" help_text="Eventuelle tilpasninger i spisesituasjonen, f.eks assistanse, medspising (helsepersonell/p&#229;r&#248;rende), har skjermingsbehov, liker sm&#229; porsjoner, eller &#229; spise sent p&#229; rommet." group_id="MAT_Hensyn" />
<question item_id="5460" mid="KOST_Beriket" datatype="ORD" page_number="9" header="Beriket kost" question_text="Beriket kost, ern&#230;ringsdrikker eller mellom-m&#229;ltider" optional="0" carry_forward="1" enumeration_uid="5460" help_text="Pasienten f&#229;r tillegg av fl&#248;te e.l. i vanlig mat, eller tilbys jevnlig n&#230;ringsdrikk eller andre mellom-m&#229;ltid" group_id="KOST_Beriket" />
<question item_id="5461" mid="KOST_BeriketTekst" datatype="NAR" page_number="10" header="Beskrivelse" question_text="Beskrivelse av type og mengde ovenfornevnte kalori-tilskudd som tilbys eller tillages daglig" optional="0" carry_forward="1" multiline="1" group_id="KOST_BeriketTekst" />
<question item_id="5462" mid="MDS_K4c" datatype="ORD" page_number="11" header="Konsistenstilpasning" question_text="Trenger konsistens-tilpasset mat" optional="0" carry_forward="1" exclude_from_text="1" enumeration_uid="5462" help_text="Moset eller flytende mat, fortykket drikke." group_id="MDS_K4c" />
<question item_id="4357" mid="KOST_Moset" datatype="ORD" page_number="12" question_text="Moset mat" optional="0" carry_forward="1" enumeration_uid="4357" group_id="KOST_Moset" />
<question item_id="5464" mid="KOST_FortykketDrikke" datatype="ORD" page_number="12" question_text="Fortykningsmiddel i drikke" optional="0" carry_forward="1" enumeration_uid="5464" group_id="KOST_FortykketDrikke" />
<question item_id="5466" mid="MDS_K4b" datatype="ORD" page_number="13" question_text="Sonde-ern&#230;ring" optional="0" carry_forward="1" enumeration_uid="5466" help_text="Ern&#230;ring via enteral sonde, for eksempel nasogastrisk eller PEG." group_id="MDS_K4b" />
<question item_id="5467" mid="MAT_SondeTekst" datatype="NAR" page_number="14" header="Type og mengde" question_text="Type og mengde sonde-ern&#230;ring" optional="0" carry_forward="1" multiline="1" group_id="MAT_SondeTekst" />
<question item_id="5468" mid="MDS_K4a" datatype="ORD" page_number="15" question_text="Intraven&#248;s ern&#230;ring" optional="0" carry_forward="1" enumeration_uid="5468" help_text="Parenteral ern&#230;ring i perifer eller sentral vene." group_id="MDS_K4a" />
<question item_id="5469" mid="MAT_ParenteralTekst" datatype="NAR" page_number="16" header="Type og mengde" question_text="Type og mengde intraven&#248;s ern&#230;ring" optional="0" carry_forward="1" multiline="1" group_id="MAT_ParenteralTekst" />
<question item_id="5249" mid="MAT_Frokost" datatype="NAR" page_number="17" page_title="Matkort" question_text="Frokost" optional="0" carry_forward="1" multiline="1" help_text="Eksempler fast f&#248;de: fine eller grove skiver, havre- eller semule-gr&#248;t, frokostblanding, egg. Eksempler drikke: melk, juice, vann, kaffe, te." group_id="MAT_Frokost" />
<question item_id="5250" mid="MAT_Lunsj" datatype="NAR" page_number="17" page_title="Matkort" question_text="Lunsj" optional="0" carry_forward="1" multiline="1" help_text="Eksempler fast f&#248;de: Fine eller grove skiver, havre- eller semulegr&#248;t, suppe, frukt, egg. Eksempler drikke: melk, juice, vann, kaffe, eller te." group_id="MAT_Lunsj" />
<question item_id="5251" mid="MAT_Middag" datatype="NAR" page_number="17" page_title="Matkort" question_text="Middag" optional="0" carry_forward="1" multiline="1" help_text="Eksempler fast f&#248;de: kj&#248;tt, fisk, gr&#248;nnsaker, supper, dessert. Eksempler drikke: melk, juice, vann, kaffe, eller te." group_id="MAT_Middag" />
<question item_id="5252" mid="MAT_Kvelds" datatype="NAR" page_number="17" page_title="Matkort" question_text="Kvelds" optional="0" carry_forward="1" multiline="1" help_text="Eksempler fast f&#248;de: fine eller grove skiver, havre- eller semule-gr&#248;t, frokostblanding. Eksempler drikke: melk, juice, kaffe, te, vann." group_id="MAT_Kvelds" />
<question item_id="4353" mid="KOST_SPESIAL" datatype="ORD" page_number="18" question_text="Spesialkost" optional="0" carry_forward="1" enumeration_uid="4353" help_text="Diabeteskost, fettfattig, saltredusert, laktoseredusert, melkefri, glutenfri, moset el.l." group_id="KOST_SPESIAL" />
<question item_id="5637" mid="KOST_Saltredusert" datatype="ORD" page_number="19" question_text="Saltredusert kost" optional="1" carry_forward="1" enumeration_uid="5637" group_id="KOST_Saltredusert" />
<question item_id="4356" mid="KOST_Fettfattig" datatype="ORD" page_number="19" question_text="Fettfattig kost" optional="0" carry_forward="1" enumeration_uid="4356" group_id="KOST_Fettfattig" />
<question item_id="5640" mid="KOST_Laktoseredusert" datatype="ORD" page_number="19" question_text="Laktoseredusert kost" optional="0" carry_forward="1" enumeration_uid="5640" group_id="KOST_Laktoseredusert" />
<question item_id="4355" mid="KOST_Melkefri" datatype="ORD" page_number="19" question_text="Melkefri kost" optional="0" carry_forward="1" enumeration_uid="4355" group_id="KOST_Melkefri" />
<question item_id="4354" mid="KOST_Diabetes" datatype="ORD" page_number="19" question_text="Diabeteskost" optional="0" carry_forward="1" enumeration_uid="4354" group_id="KOST_Diabetes" />
<question item_id="4529" mid="KOST_Glutenfri" datatype="ORD" page_number="19" question_text="Glutenfri kost" optional="0" carry_forward="1" enumeration_uid="4529" group_id="KOST_Glutenfri" />
<question item_id="5587" mid="KOST_Lege" datatype="ORD" page_number="20" page_title="Behov for legevurdering" question_text="Skal lege vurdere ern&#230;ringssituasjonen til beboer?" optional="1" visible="-1" expression="2 - ISPOS( ISNEG( MNA_PART1 - 10) + ISNULL (KOST_Bekymring - 1))" enumeration_uid="5587" group_id="KOST_Lege" />
<question item_id="5588" mid="KOST_Lege_Melding" datatype="MSG" page_number="21" header="Vurdering av lege" question_text="Lege b&#248;r vurdere ern&#230;ringstilstanden til beboeren. Det skal fylles ut ern&#230;ringstiltak-skjema." optional="1" visible="0" group_id="KOST_Lege_Melding" />

<!-- Start: Form actions, generated XML -->

<question_action master_question_mid="KOST_Bekymring" detail_question_mid="MAT_Egenvurdering" enum_item_value="1" activate="1" />
<question_action master_question_mid="MAT_Appetitt" detail_question_mid="MDS_D6e_Freq" enum_item_value="2" activate="1" />
<question_action master_question_mid="KOST_EksisterendeTiltak" detail_question_mid="MAT_Hensyn" enum_item_value="1" activate="1" />
<question_action master_question_mid="KOST_EksisterendeTiltak" detail_question_mid="KOST_Beriket" enum_item_value="1" activate="1" />
<question_action master_question_mid="KOST_Beriket" detail_question_mid="KOST_BeriketTekst" enum_item_value="1" activate="1" />
<question_action master_question_mid="KOST_EksisterendeTiltak" detail_question_mid="MDS_K4c" enum_item_value="1" activate="1" />
<question_action master_question_mid="MDS_K4c" detail_question_mid="KOST_Moset" enum_item_value="1" activate="1" />
<question_action master_question_mid="MDS_K4c" detail_question_mid="KOST_FortykketDrikke" enum_item_value="1" activate="1" />
<question_action master_question_mid="KOST_EksisterendeTiltak" detail_question_mid="MDS_K4b" enum_item_value="1" activate="1" />
<question_action master_question_mid="MDS_K4b" detail_question_mid="MAT_SondeTekst" enum_item_value="1" activate="1" />
<question_action master_question_mid="KOST_EksisterendeTiltak" detail_question_mid="MDS_K4a" enum_item_value="1" activate="1" />
<question_action master_question_mid="MDS_K4a" detail_question_mid="MAT_ParenteralTekst" enum_item_value="1" activate="1" />
<question_action master_question_mid="KOST_SPESIAL" detail_question_mid="KOST_Saltredusert" enum_item_value="1" activate="1" />
<question_action master_question_mid="KOST_SPESIAL" detail_question_mid="KOST_Fettfattig" enum_item_value="1" activate="1" />
<question_action master_question_mid="KOST_SPESIAL" detail_question_mid="KOST_Laktoseredusert" enum_item_value="1" activate="1" />
<question_action master_question_mid="KOST_SPESIAL" detail_question_mid="KOST_Melkefri" enum_item_value="1" activate="1" />
<question_action master_question_mid="KOST_SPESIAL" detail_question_mid="KOST_Diabetes" enum_item_value="1" activate="1" />
<question_action master_question_mid="KOST_SPESIAL" detail_question_mid="KOST_Glutenfri" enum_item_value="1" activate="1" />
<question_action master_question_mid="KOST_Lege" detail_question_mid="KOST_Lege_Melding" enum_item_value="1" activate="1" />
</form>
