<?xml version="1.0" encoding="ISO-8859-1"?>
<form form_id="460" form_uid="GbdSjekklisteInnKorttid" title="Sjekkliste under korttidsopphold" calculate_invalid="False" rating_scale="False" status="Open" repeatable="1" >
<instructions></instructions>

<!-- Start: Form enums, generated XML -->

<enumeration enumeration_uid="121">
  <enum_item value="1" text="Innlagt for utredning." answer_id="168" />
  <enum_item value="2" text="Korttidsopphold." answer_id="169" />
  <enum_item value="3" text="Rehabiliteringsopphold." answer_id="170" />
  <enum_item value="4" text="Rullering." answer_id="171" />
  <enum_item value="5" text="Fast beboer." answer_id="17614" />
</enumeration>

<enumeration enumeration_uid="5647">
  <enum_item value="1" text="Ja | ADL-skjema hengt opp." short_code="J" answer_id="30289" />
  <enum_item value="2" text="Nei" short_code="N" answer_id="30290" />
</enumeration>

<enumeration enumeration_uid="5648">
  <enum_item value="1" text="Ja | M&#229;lm&#248;te avtalt." short_code="J" answer_id="30291" />
  <enum_item value="2" text="Nei" short_code="N" answer_id="30292" />
</enumeration>

<enumeration enumeration_uid="5649">
  <enum_item value="1" text="Ja | Signert rehabiliteringsplan utfylt." short_code="J" answer_id="30293" />
  <enum_item value="2" text="Nei" short_code="N" answer_id="30294" />
</enumeration>

<enumeration enumeration_uid="5650">
  <enum_item value="1" text="Ja | Hjemmebes&#248;k ergo/fysio avtalt." short_code="J" answer_id="30295" />
  <enum_item value="2" text="Nei" short_code="N" answer_id="30296" />
</enumeration>

<enumeration enumeration_uid="5652">
  <enum_item value="1" text="Ja | Utreise/samarbeidsm&#248;te avtalt." short_code="J" answer_id="30297" />
  <enum_item value="2" text="Nei | Utreise/samarbeidsm&#248;te ikke avtalt." short_code="N" answer_id="30298" />
</enumeration>

<enumeration enumeration_uid="5653">
  <enum_item value="1" text="Ja | Behov for mer hjelpemidler hjemme." short_code="J" answer_id="30299" />
  <enum_item value="2" text="Nei" short_code="N" answer_id="30300" />
</enumeration>

<enumeration enumeration_uid="5654">
  <enum_item value="1" text="Ja | Behov for kontakt med hjemmesykepleien." short_code="J" answer_id="30301" />
  <enum_item value="2" text="Nei" short_code="N" answer_id="30302" />
</enumeration>

<enumeration enumeration_uid="5655">
  <enum_item value="1" text="Ja | Forvaltningsenheten innkalt." short_code="J" answer_id="30307" />
  <enum_item value="2" text="Nei" short_code="N" answer_id="30308" />
</enumeration>

<enumeration enumeration_uid="5656">
  <enum_item value="1" text="Ja | P&#229;r&#248;rende innkalt." short_code="J" answer_id="30309" />
  <enum_item value="2" text="Nei" short_code="N" answer_id="30310" />
</enumeration>

<enumeration enumeration_uid="5657">
  <enum_item value="1" text="Ja | Hjemmesykepleien innkalt." short_code="J" answer_id="30311" />
  <enum_item value="2" text="Nei" short_code="N" answer_id="30312" />
</enumeration>

<enumeration enumeration_uid="5658">
  <enum_item value="1" text="Ja*" short_code="J" answer_id="30313" />
  <enum_item value="2" text="Nei*" short_code="N" answer_id="30314" />
</enumeration>

<enumeration enumeration_uid="5660">
  <enum_item value="1" text="Ja | Evaluering- og oppf&#248;lgingsplan er utfylt." short_code="J" answer_id="30315" />
  <enum_item value="2" text="Nei" short_code="N" answer_id="30316" />
</enumeration>

<!-- Start: Form items, generated XML -->

<question item_id="121" mid="OPPHOLDSTYPE" datatype="ORD" page_number="1" page_title="Opphold" question_text="Oppholdstype" optional="1" carry_forward="1" enumeration_uid="121" help_text="Husk &#229; oppdatere &quot;Statusfeltet&quot; &#248;verst p&#229; skjermen!" group_id="OPPHOLDSTYPE" />
<question item_id="4085" mid="GBD_INNDATO" datatype="DATE" page_number="1" page_title="Opphold" header="Ankom" question_text="Ankomst" optional="0" carry_forward="1" min_value="DOB" help_text="Gjelder aktuelt opphold." group_id="GBD_INNDATO" />
<question item_id="5647" mid="VAR5647" datatype="ORD" page_number="2" page_title="Rehabilitering" header="ADL-skjema" question_text="Er det fylt ut og hengt opp ADL-skjema?" optional="1" enumeration_uid="5647" />
<question item_id="5649" mid="VAR5649" datatype="ORD" page_number="2" page_title="Rehabilitering" header="Rehabiliteringsplan" question_text="Er det fylt ut rehabiliteringsplan (med underskrift)" optional="1" enumeration_uid="5649" />
<question item_id="5648" mid="VAR5648" datatype="ORD" page_number="2" page_title="Rehabilitering" header="M&#229;lm&#248;te" question_text="Er det avtalt m&#229;lm&#248;te?" optional="1" enumeration_uid="5648" help_text="Tid for m&#229;lm&#248;te legges til som p&#229;minnelse." />
<question item_id="5650" mid="VAR5650" datatype="ORD" page_number="2" page_title="Rehabilitering" header="Hjemmebes&#248;k" question_text="Er det avtalt hjemmebes&#248;k (ergo/fysio)?" optional="1" enumeration_uid="5650" help_text="Tidspunkt for hjemmebes&#248;k legges til som p&#229;minnelse." />
<question item_id="5652" mid="VAR5652" datatype="ORD" page_number="3" page_title="Utreisem&#248;te" question_text="Avtalt utreisem&#248;te/samarbeidsm&#248;te" optional="1" enumeration_uid="5652" help_text="Tid for samarbeidsm&#248;te legges til som p&#229;minnelse." />
<question item_id="5655" mid="VAR5655" datatype="ORD" page_number="4" header="Forvaltningsenheten" question_text="Er forvaltningsenheten innkalt til m&#248;tet?" optional="1" enumeration_uid="5655" />
<question item_id="5656" mid="VAR5656" datatype="ORD" page_number="4" header="P&#229;r&#248;rende" question_text="Er p&#229;r&#248;rende innkalt til m&#248;tet?" optional="1" enumeration_uid="5656" />
<question item_id="5657" mid="VAR5657" datatype="ORD" page_number="4" header="Hjemmesykepleie" question_text="Er hjemmesykepleien innkalt til m&#248;tet?" optional="1" enumeration_uid="5657" />
<question item_id="5658" mid="VAR5658" datatype="ORD" page_number="4" header="Andre" question_text="Er andre innkalt til m&#248;tet?" optional="1" enumeration_uid="5658" help_text="Spesifiser under &quot;Kommentarer&quot;" />
<question item_id="5659" mid="VAR5659" datatype="NAR" page_number="5" question_text="Kommentarer til planlagt m&#248;te:" optional="1" multiline="1" help_text="Dato, tidspunkt, sted, andre deltagere, tema etc." />
<question item_id="5660" mid="VAR5660" datatype="ORD" page_number="6" page_title="Evalueringsplan" question_text="Evaluering og oppf&#248;lgingsplan utfylt" optional="1" enumeration_uid="5660" />
<question item_id="5653" mid="VAR5653" datatype="ORD" page_number="7" page_title="Behov" header="Hjelpemidler" question_text="Behov for ytterligere hjelpemidler i hjemmet" optional="1" enumeration_uid="5653" help_text="Spesifiser i fritekstfeltet" />
<question item_id="5654" mid="VAR5654" datatype="ORD" page_number="7" page_title="Behov" header="Hjemmesykepleie" question_text="Behov for kontakt med hjemmesykepleie" optional="1" enumeration_uid="5654" help_text="Spesifiser i fritekstfeltet" />
<question item_id="5651" mid="VAR5651" datatype="DATE" page_number="7" page_title="Behov" question_text="Utvidet opphold til" optional="1" />
<question item_id="5873" mid="VAR5873" datatype="MSG" page_number="7" page_title="Behov" header="Om signering" question_text="Skjemaet skal st&#229; usignert til det er komplett utfylt, eller oppholdet er avsluttet." optional="1" />

<!-- Start: Form actions, generated XML -->

<question_action master_question_mid="OPPHOLDSTYPE" detail_question_mid="VAR5647" enum_item_value="3" activate="1" />
<question_action master_question_mid="OPPHOLDSTYPE" detail_question_mid="VAR5649" enum_item_value="3" activate="1" />
<question_action master_question_mid="OPPHOLDSTYPE" detail_question_mid="VAR5648" enum_item_value="3" activate="1" />
<question_action master_question_mid="OPPHOLDSTYPE" detail_question_mid="VAR5650" enum_item_value="3" activate="1" />
<question_action master_question_mid="VAR5652" detail_question_mid="VAR5655" enum_item_value="1" activate="1" />
<question_action master_question_mid="VAR5652" detail_question_mid="VAR5656" enum_item_value="1" activate="1" />
<question_action master_question_mid="VAR5652" detail_question_mid="VAR5657" enum_item_value="1" activate="1" />
<question_action master_question_mid="VAR5652" detail_question_mid="VAR5658" enum_item_value="1" activate="1" />
<question_action master_question_mid="OPPHOLDSTYPE" detail_question_mid="VAR5660" enum_item_value="3" activate="1" />
</form>
