<?xml version="1.0" encoding="ISO-8859-1"?>
<form form_id="425" form_uid="GbdLabRekv" title="Labrekvisisjon" calculate_invalid="False" rating_scale="False" status="Open" repeatable="1" >
<instructions></instructions>

<!-- Start: Form enums, generated XML -->

<enumeration enumeration_uid="5192">
  <enum_item value="1" text="Bare standardpr&#248;ver" answer_id="28559" />
  <enum_item value="2" text="Standard + spesifiserte" answer_id="28560" />
  <enum_item value="3" text="Spesifiserte pr&#248;ver" answer_id="28561" />
</enumeration>

<!-- Start: Form items, generated XML -->

<question item_id="5189" mid="LABREK_DATE" datatype="DATE" page_number="1" page_title="Bestilling" page_introduction="Skjemaet er laget for &#229; dokumentere elektronisk at labpr&#248;ver er bestilt, selve rekvisisjonen m&#229; ogs&#229; fylles ut." question_text="&#216;nsket pr&#248;vetakingsdato" optional="0" min_value="Form.Date" max_value="NOW + 90" help_text="Dato n&#229;r pr&#248;vene skal tas" group_id="LABREK_DATE" />
<question item_id="4531" mid="PROBLEMSTILLING" datatype="NAR" page_number="1" page_title="Bestilling" page_introduction="Skjemaet er laget for &#229; dokumentere elektronisk at labpr&#248;ver er bestilt, selve rekvisisjonen m&#229; ogs&#229; fylles ut." question_text="Klinisk problemstilling" optional="0" multiline="1" group_id="PROBLEMSTILLING" />
<question item_id="5192" mid="VAR5192" datatype="ORD" page_number="1" page_title="Bestilling" page_introduction="Skjemaet er laget for &#229; dokumentere elektronisk at labpr&#248;ver er bestilt, selve rekvisisjonen m&#229; ogs&#229; fylles ut." question_text="Pr&#248;ver som skal tas" optional="0" enumeration_uid="5192" />
<question item_id="5193" mid="VAR5193" datatype="NAR" page_number="2" question_text="Spesifikke pr&#248;ver" optional="0" multiline="1" />
<question item_id="5190" mid="LAB_SAMPLE_DATE" datatype="DATE" page_number="3" page_title="Pr&#248;vetaking" page_introduction="Bioingeni&#248;r eller andre kan registrere at pr&#248;ven er tatt." question_text="Pr&#248;ven er tatt" optional="0" group_id="LAB_SAMPLE_DATE" />
<question item_id="5191" mid="LAB_SAMPLE_TIME" datatype="QN" page_number="3" page_title="Pr&#248;vetaking" page_introduction="Bioingeni&#248;r eller andre kan registrere at pr&#248;ven er tatt." question_text="Klokkeslett" optional="0" min_value="0" max_value="2359" group_id="LAB_SAMPLE_TIME" />

<!-- Start: Form actions, generated XML -->

<question_action master_question_mid="VAR5192" detail_question_mid="VAR5193" enum_item_value="2" activate="1" />
<question_action master_question_mid="VAR5192" detail_question_mid="VAR5193" enum_item_value="3" activate="1" />
</form>
