<?xml version="1.0" encoding="ISO-8859-1"?>
<form form_id="848" form_uid="FORM848" title="Fallforebygging - tiltaksplan" calculate_invalid="False" rating_scale="False" status="Open" repeatable="1" >
<instructions></instructions>

<!-- Start: Form enums, generated XML -->

<enumeration enumeration_uid="9257">
  <enum_item value="0" text="Lav risiko" answer_id="51107" />
  <enum_item value="1" text="Moderat risiko" answer_id="51108" />
  <enum_item value="2" text="H&#248;y risiko" answer_id="51109" />
  <enum_item value="3" text="H&#248;y risiko" answer_id="51110" />
  <enum_item value="4" text="H&#248;y risiko" answer_id="51111" />
  <enum_item value="5" text="H&#248;y risiko" answer_id="51112" />
</enumeration>

<!-- Start: Form items, generated XML -->

<question item_id="9257" mid="STRATIFY_SUM" datatype="ORD" page_number="1" page_title="Fallrisiko" page_introduction="Verdien hentes fra siste utfylte fallrisikoskjema" question_text="Stratify score og risikoklasse" optional="0" carry_forward="1" read_only="1" enumeration_uid="9257" group_id="STRATIFY_SUM" />
<question item_id="10164" mid="FALLTILTAK_GENERELT" datatype="NAR" page_number="2" page_title="Forebyggende tiltak" page_introduction="Beskriv tiltak som skal gj&#248;res for &#229; forebygge fall." header="Generelt" question_text="Generelle forebyggende tiltak" optional="1" carry_forward="1" multiline="1" group_id="FALLTILTAK_GENERELT" />
<question item_id="10165" mid="FALLTILTAK_DAG" datatype="NAR" page_number="2" page_title="Forebyggende tiltak" page_introduction="Beskriv tiltak som skal gj&#248;res for &#229; forebygge fall." header="Dag" question_text="Forebyggende tiltak p&#229; dagtid" optional="1" carry_forward="1" multiline="1" group_id="FALLTILTAK_DAG" />
<question item_id="10166" mid="FALLTILTAK_KVELD" datatype="NAR" page_number="2" page_title="Forebyggende tiltak" page_introduction="Beskriv tiltak som skal gj&#248;res for &#229; forebygge fall." header="Kveld" question_text="Forebyggende tiltak p&#229; kveldstid" optional="1" carry_forward="1" multiline="1" group_id="FALLTILTAK_KVELD" />
<question item_id="10167" mid="FALLTILTAK_NATT" datatype="NAR" page_number="2" page_title="Forebyggende tiltak" page_introduction="Beskriv tiltak som skal gj&#248;res for &#229; forebygge fall." header="Natt" question_text="Forebyggende tiltak p&#229; natt" optional="1" carry_forward="1" multiline="1" group_id="FALLTILTAK_NATT" />
<question item_id="10168" mid="FALLTILTAK_EVAL_DATO" datatype="DATE" page_number="3" page_title="Evaluering" page_introduction="Tips: Skriv f.eks. +14 for &#229; velge dato 14 dager frem i tid." header="Evalueringsdato" question_text="N&#229;r skal tiltakene evalueres p&#229; nytt?" optional="0" min_value="TRUNC(FORM_DATE+1)" max_value="TRUNC(FORM_DATE+365)" group_id="FALLTILTAK_EVAL_DATO" />
<question item_id="10169" mid="VAR10169" datatype="MSG" page_number="3" page_title="Evaluering" page_introduction="Tips: Skriv f.eks. +14 for &#229; velge dato 14 dager frem i tid." header="Evaluering" question_text="Evaluering av tidligere tiltak kan skrives  i kommentarfeltet nederst." optional="1" />

<!-- Start: Form actions, generated XML -->

</form>
