<?xml version="1.0" encoding="ISO-8859-1"?>
<form form_id="557" form_uid="BREV" title="Brev" calculate_invalid="False" rating_scale="False" status="Open" repeatable="1" >
<instructions></instructions>

<!-- Start: Form enums, generated XML -->


<!-- Start: Form items, generated XML -->

<question item_id="6948" mid="MottakerNavn" datatype="NAR" page_number="1" page_title="Mottaker" question_text="Navn" optional="0" multiline="0" group_id="MottakerNavn" />
<question item_id="6951" mid="MottakerAdresse1" datatype="NAR" page_number="1" page_title="Mottaker" question_text="Adresse 1" optional="1" multiline="0" group_id="MottakerAdresse1" />
<question item_id="6952" mid="MottakerAdresse2" datatype="NAR" page_number="1" page_title="Mottaker" question_text="Adresse 2" optional="1" multiline="0" group_id="MottakerAdresse2" />
<question item_id="6950" mid="MottakerPostnummer" datatype="NAR" page_number="1" page_title="Mottaker" question_text="Postnummer" optional="0" multiline="0" group_id="MottakerPostnummer" />
<question item_id="6949" mid="MottakerPoststed" datatype="NAR" page_number="1" page_title="Mottaker" question_text="Poststed" optional="0" multiline="0" group_id="MottakerPoststed" />
<question item_id="6953" mid="BrevOverskrift" datatype="NAR" page_number="2" page_title="Overskrift" page_introduction="Resten av brevet skriver du i kommentarfeltet." question_text="Overskrift" optional="0" multiline="0" group_id="BrevOverskrift" />

<!-- Start: Form actions, generated XML -->

</form>
