<?xml version="1.0" encoding="ISO-8859-1"?>
<form form_id="612" form_uid="Glukose24t" title="Glukosem&#229;ling 24 timer" calculate_invalid="False" rating_scale="False" status="Open" repeatable="1" >
<instructions></instructions>

<!-- Start: Form enums, generated XML -->

<enumeration enumeration_uid="3196">
  <enum_item value="1" text="Type 1 (inkl. LADA) | Type 1 diabetes." ICD10="E10" short_code="1" answer_id="15986" />
  <enum_item value="2" text="Type 2 | Type 2 diabetes." ICD10="E11" short_code="2" answer_id="15987" />
  <enum_item value="3" text="Annen diabetestype (inkl. pankreatitt, MODY)." short_code="A" answer_id="15988" />
  <enum_item value="4" text="er ikke avklart." ICD10="E14" short_code="U" answer_id="16137" />
  <enum_item value="5" text="Svangerskapsdiabetes." ICD10="O24" short_code="S" answer_id="40942" />
</enumeration>

<enumeration enumeration_uid="3322">
  <enum_item value="1" text="Kun kost/aktivitet." answer_id="16425" />
  <enum_item value="2" text="Perorale antidiabetika." answer_id="16426" />
  <enum_item value="3" text="Kun insulinbehandlet." answer_id="16427" />
  <enum_item value="4" text="Insulin pluss andre blodsukkersenkende midler." answer_id="16479" />
  <enum_item value="5" text="Ukjent" answer_id="16480" />
</enumeration>

<enumeration enumeration_uid="7574">
  <enum_item value="1" text="Ja" answer_id="40646" />
  <enum_item value="2" text="Nei" short_code="N" answer_id="40647" />
</enumeration>

<!-- Start: Form items, generated XML -->

<question item_id="3196" mid="NDV_TYPE" datatype="ORD" page_number="1" page_title="Bakgrunn" question_text="Diabetes type" optional="0" carry_forward="1" enumeration_uid="3196" group_id="NDV_TYPE" />
<question item_id="3486" mid="NDV_DIAGNOSE_YYYY" datatype="QN" page_number="1" page_title="Bakgrunn" header="Debut" question_text="Diabetes diagnostisert &#229;r" optional="0" carry_forward="1" min_value="DOB_YYYY" max_value="NOW_YYYY" help_text="Angi &#229;rstall.  Svangerskapsdiabetes unntas." group_id="NDV_DIAGNOSE_YYYY" />
<question item_id="3322" mid="NDV_TREATMENT_TYPE" datatype="ORD" page_number="1" page_title="Bakgrunn" header="Behandlingsstrategi" question_text="Diabetes behandles ved hjelp av" optional="0" carry_forward="1" enumeration_uid="3322" group_id="NDV_TREATMENT_TYPE" />
<question item_id="6384" mid="VMR_LAB_HBA1C" datatype="QN" page_number="1" page_title="Bakgrunn" question_text="Siste HbA1c (%)" optional="1" read_only="1" exclude_from_text="1" min_value="3" max_value="15" units="%" decimals="1" expression="VMR.LAB.HBA1C" help_text="Hentes inn automatisk fra labarket, kan ikke redigeres her." group_id="VMR_LAB_HBA1C" />
<question item_id="7574" mid="VAR7574" datatype="ORD" page_number="2" page_title="M&#229;linger" question_text="Nattlige m&#229;linger" optional="1" enumeration_uid="7574" />
<question item_id="7550" mid="S_GLUCOSE.0000H" datatype="QN" page_number="3" question_text="Blodsukker klokken 00-01 (mmol/l)" optional="1" min_value="2" max_value="30" units="mmol/l" decimals="1" group_id="S_GLUCOSE.0000H" />
<question item_id="7551" mid="S_GLUCOSE.0100H" datatype="QN" page_number="3" question_text="Blodsukker klokken 01-02 (mmol/l)" optional="1" min_value="2" max_value="30" units="mmol/l" decimals="1" group_id="S_GLUCOSE.0100H" />
<question item_id="7552" mid="S_GLUCOSE.0200H" datatype="QN" page_number="3" question_text="Blodsukker klokken 02-03 (mmol/l)" optional="1" min_value="2" max_value="30" units="mmol/l" decimals="1" group_id="S_GLUCOSE.0200H" />
<question item_id="7553" mid="S_GLUCOSE.0300H" datatype="QN" page_number="3" question_text="Blodsukker klokken 03-04 (mmol/l)" optional="1" min_value="2" max_value="30" units="mmol/l" decimals="1" group_id="S_GLUCOSE.0300H" />
<question item_id="7554" mid="S_GLUCOSE.0400H" datatype="QN" page_number="3" question_text="Blodsukker klokken 04-05 (mmol/l)" optional="1" min_value="2" max_value="30" units="mmol/l" decimals="1" group_id="S_GLUCOSE.0400H" />
<question item_id="7555" mid="S_GLUCOSE.0500H" datatype="QN" page_number="3" question_text="Blodsukker klokken 05-06 (mmol/l)" optional="1" min_value="2" max_value="30" units="mmol/l" decimals="1" group_id="S_GLUCOSE.0500H" />
<question item_id="7556" mid="S_GLUCOSE.0600H" datatype="QN" page_number="4" question_text="Blodsukker klokken 06-07 (mmol/l)" optional="1" min_value="2" max_value="30" units="mmol/l" decimals="1" group_id="S_GLUCOSE.0600H" />
<question item_id="7557" mid="S_GLUCOSE.0700H" datatype="QN" page_number="4" question_text="Blodsukker klokken 07-08 (mmol/l)" optional="1" min_value="2" max_value="30" units="mmol/l" decimals="1" group_id="S_GLUCOSE.0700H" />
<question item_id="7558" mid="S_GLUCOSE.0800H" datatype="QN" page_number="4" question_text="Blodsukker klokken 08-09 (mmol/l)" optional="1" min_value="2" max_value="30" units="mmol/l" decimals="1" group_id="S_GLUCOSE.0800H" />
<question item_id="7559" mid="S_GLUCOSE.0900H" datatype="QN" page_number="4" question_text="Blodsukker klokken 09-10 (mmol/l)" optional="1" min_value="2" max_value="30" units="mmol/l" decimals="1" group_id="S_GLUCOSE.0900H" />
<question item_id="7560" mid="S_GLUCOSE.1000H" datatype="QN" page_number="4" question_text="Blodsukker klokken 10-11 (mmol/l)" optional="1" min_value="2" max_value="30" units="mmol/l" decimals="1" group_id="S_GLUCOSE.1000H" />
<question item_id="7561" mid="S_GLUCOSE.1100H" datatype="QN" page_number="4" question_text="Blodsukker klokken 11-12 (mmol/l)" optional="1" min_value="2" max_value="30" units="mmol/l" decimals="1" group_id="S_GLUCOSE.1100H" />
<question item_id="7562" mid="S_GLUCOSE.1200H" datatype="QN" page_number="4" question_text="Blodsukker klokken 12-13 (mmol/l)" optional="1" min_value="2" max_value="30" units="mmol/l" decimals="1" group_id="S_GLUCOSE.1200H" />
<question item_id="7563" mid="S_GLUCOSE.1300H" datatype="QN" page_number="4" question_text="Blodsukker klokken 13-14 (mmol/l)" optional="1" min_value="2" max_value="30" units="mmol/l" decimals="1" group_id="S_GLUCOSE.1300H" />
<question item_id="7564" mid="S_GLUCOSE.1400H" datatype="QN" page_number="4" question_text="Blodsukker klokken 14-15 (mmol/l)" optional="1" min_value="2" max_value="30" units="mmol/l" decimals="1" group_id="S_GLUCOSE.1400H" />
<question item_id="7565" mid="S_GLUCOSE.1500H" datatype="QN" page_number="4" question_text="Blodsukker klokken 15-16 (mmol/l)" optional="1" min_value="2" max_value="30" units="mmol/l" decimals="1" group_id="S_GLUCOSE.1500H" />
<question item_id="7566" mid="S_GLUCOSE.1600H" datatype="QN" page_number="4" question_text="Blodsukker klokken 16-17 (mmol/l)" optional="1" min_value="2" max_value="30" units="mmol/l" decimals="1" group_id="S_GLUCOSE.1600H" />
<question item_id="7567" mid="S_GLUCOSE.1700H" datatype="QN" page_number="4" question_text="Blodsukker klokken 17-18 (mmol/l)" optional="1" min_value="2" max_value="30" units="mmol/l" decimals="1" group_id="S_GLUCOSE.1700H" />
<question item_id="7568" mid="S_GLUCOSE.1800H" datatype="QN" page_number="4" question_text="Blodsukker klokken 18-19 (mmol/l)" optional="1" min_value="2" max_value="30" units="mmol/l" decimals="1" group_id="S_GLUCOSE.1800H" />
<question item_id="7569" mid="S_GLUCOSE.1900H" datatype="QN" page_number="4" question_text="Blodsukker klokken 19-20 (mmol/l)" optional="1" min_value="2" max_value="30" units="mmol/l" decimals="1" group_id="S_GLUCOSE.1900H" />
<question item_id="7570" mid="S_GLUCOSE.2000H" datatype="QN" page_number="4" question_text="Blodsukker klokken 20-21 (mmol/l)" optional="1" min_value="2" max_value="30" units="mmol/l" decimals="1" group_id="S_GLUCOSE.2000H" />
<question item_id="7571" mid="S_GLUCOSE.2100H" datatype="QN" page_number="4" question_text="Blodsukker klokken 21-22 (mmol/l)" optional="1" min_value="2" max_value="30" units="mmol/l" decimals="1" group_id="S_GLUCOSE.2100H" />
<question item_id="7572" mid="S_GLUCOSE.2200H" datatype="QN" page_number="5" question_text="Blodsukker klokken 22-23 (mmol/l)" optional="1" min_value="2" max_value="30" units="mmol/l" decimals="1" group_id="S_GLUCOSE.2200H" />
<question item_id="7573" mid="S_GLUCOSE.2300H" datatype="QN" page_number="5" question_text="Blodsukker klokken 23-24 (mmol/l)" optional="1" min_value="2" max_value="30" units="mmol/l" decimals="1" group_id="S_GLUCOSE.2300H" />

<!-- Start: Form actions, generated XML -->

<question_action master_question_mid="VAR7574" detail_question_mid="S_GLUCOSE.0000H" enum_item_value="1" activate="1" />
<question_action master_question_mid="VAR7574" detail_question_mid="S_GLUCOSE.0100H" enum_item_value="1" activate="1" />
<question_action master_question_mid="VAR7574" detail_question_mid="S_GLUCOSE.0200H" enum_item_value="1" activate="1" />
<question_action master_question_mid="VAR7574" detail_question_mid="S_GLUCOSE.0300H" enum_item_value="1" activate="1" />
<question_action master_question_mid="VAR7574" detail_question_mid="S_GLUCOSE.0400H" enum_item_value="1" activate="1" />
<question_action master_question_mid="VAR7574" detail_question_mid="S_GLUCOSE.0500H" enum_item_value="1" activate="1" />
<question_action master_question_mid="VAR7574" detail_question_mid="S_GLUCOSE.2200H" enum_item_value="1" activate="1" />
<question_action master_question_mid="VAR7574" detail_question_mid="S_GLUCOSE.2300H" enum_item_value="1" activate="1" />
</form>
