<?xml version="1.0" encoding="ISO-8859-1"?>
<form form_id="864" form_uid="GBD_PASADMIN" title="Administrasjon" calculate_invalid="False" rating_scale="False" status="Open" repeatable="1" >
<instructions></instructions>

<!-- Start: Form enums, generated XML -->

<enumeration enumeration_uid="122">
  <enum_item value="1" text="ektefelle | Ektefelle:" answer_id="180" />
  <enum_item value="2" text="datter/s&#248;nn | Datter/s&#248;nn:" answer_id="181" />
  <enum_item value="3" text="bror/s&#248;ster | Bror/s&#248;ster:" answer_id="182" />
  <enum_item value="4" text="annet slektskap | Slektning:" answer_id="183" />
  <enum_item value="5" text="samboer | Samboer:" answer_id="184" />
</enumeration>

<enumeration enumeration_uid="125">
  <enum_item value="1" text="Ja | Tidligere yrkesaktiv." short_code="J" answer_id="191" />
  <enum_item value="2" text="Nei | Ikke yrkesaktiv." short_code="N" answer_id="192" />
</enumeration>

<enumeration enumeration_uid="126">
  <enum_item value="1" text="Kontorarbeid." answer_id="193" />
  <enum_item value="2" text="Kroppsarbeider." answer_id="194" />
  <enum_item value="3" text="Har hatt b&#229;de kontorarbeid og kroppsarbeid." answer_id="195" />
</enumeration>

<enumeration enumeration_uid="129">
  <enum_item value="1" text="Beboeren selv ansvaret" answer_id="201" />
  <enum_item value="2" text="Ansvarlig familiemedlem" answer_id="202" />
  <enum_item value="3" text="Verge" answer_id="203" />
  <enum_item value="4" text="Andre ansvarlige overformyndere" answer_id="204" />
</enumeration>

<enumeration enumeration_uid="1054">
  <enum_item value="1" text="Ja" answer_id="10001" />
  <enum_item value="2" text="Nei" answer_id="10002" />
</enumeration>

<enumeration enumeration_uid="1148">
  <enum_item value="1" text="Ugift." answer_id="2539" />
  <enum_item value="2" text="Gift." answer_id="2540" />
  <enum_item value="3" text="Enke(mann)." answer_id="2541" />
  <enum_item value="4" text="Separert." answer_id="2542" />
  <enum_item value="5" text="Skilt." answer_id="2543" />
  <enum_item value="6" text="Registrert partnerskap." answer_id="17866" />
  <enum_item value="7" text="Ukjent" answer_id="17867" />
</enumeration>

<enumeration enumeration_uid="3434">
  <enum_item value="1" text="Enebolig/rekkehus." answer_id="17620" />
  <enum_item value="2" text="Egen leilighet." answer_id="17621" />
  <enum_item value="3" text="Leid leilighet." answer_id="17622" />
  <enum_item value="4" text="Offentlig boligtilbud." answer_id="17623" />
  <enum_item value="5" text="Uten eget boligtilbud." answer_id="17624" />
</enumeration>

<enumeration enumeration_uid="3444">
  <enum_item value="1" text="Ja | Fastlege:" short_code="J" answer_id="17687" />
  <enum_item value="2" text="Nei | Har ikke fastlege." short_code="N" answer_id="17688" />
</enumeration>

<!-- Start: Form items, generated XML -->

<question item_id="4085" mid="GBD_INNDATO" datatype="DATE" page_number="1" page_title="Opphold" page_introduction="Bakgrunnsinformasjon om pasienten og p&#229;r&#248;rende. " header="Ankom" question_text="N&#229;r kom pasienten kom inn p&#229; sykehjemmet?" optional="0" min_value="DOB" max_value="FORMDATE+7" help_text="Gjelder aktuelt opphold." group_id="GBD_INNDATO" />
<question item_id="1148" mid="OID8415" datatype="ORD" page_number="2" page_title="N&#230;rmeste p&#229;r&#248;rende" question_text="Sivilstand" optional="0" carry_forward="1" enumeration_uid="1148" help_text="Merk: Juridisk sivilstand, samboende er ugifte (evt. skilt,enke el.l.)" group_id="OID8415" />
<question item_id="122" mid="NEXTOFKIN_TYPE" datatype="ORD" page_number="2" page_title="N&#230;rmeste p&#229;r&#248;rende" header="N&#230;rmeste p&#229;r&#248;rende" question_text="Hva er pasientens relasjon til n&#230;rmeste p&#229;r&#248;rende?" optional="0" carry_forward="1" enumeration_uid="122" group_id="NEXTOFKIN_TYPE" />
<question item_id="3426" mid="NEXTOFKIN_NAME" datatype="NAR" page_number="2" page_title="N&#230;rmeste p&#229;r&#248;rende" header="Navn*" question_text="N&#230;rmeste p&#229;r&#248;rende" optional="0" carry_forward="1" exclude_caption="1" multiline="0" group_id="NEXTOFKIN_NAME" />
<question item_id="3424" mid="NEXTOFKIN_ADDRESS" datatype="NAR" page_number="2" page_title="N&#230;rmeste p&#229;r&#248;rende" header="Adresse*" question_text="Gate/postadresse for n&#230;rmeste p&#229;r&#248;rende" optional="0" carry_forward="1" exclude_caption="1" multiline="0" group_id="NEXTOFKIN_ADDRESS" />
<question item_id="3433" mid="NEXTOFKIN_ZIP" datatype="NAR" page_number="2" page_title="N&#230;rmeste p&#229;r&#248;rende" header="Postnummer*" question_text="Postnummer for n&#230;rmeste p&#229;r&#248;rende" optional="0" carry_forward="1" exclude_caption="1" multiline="0" group_id="NEXTOFKIN_ZIP" />
<question item_id="3427" mid="NEXTOFKIN_CITY" datatype="NAR" page_number="2" page_title="N&#230;rmeste p&#229;r&#248;rende" header="Poststed*" question_text="Poststed for n&#230;rmeste p&#229;r&#248;rende" optional="0" carry_forward="1" exclude_caption="1" multiline="0" group_id="NEXTOFKIN_CITY" />
<question item_id="3425" mid="NEXTOFKIN_PHONE" datatype="NAR" page_number="2" page_title="N&#230;rmeste p&#229;r&#248;rende" header="Telefon" question_text="Telefonnumre for n&#230;rmeste p&#229;r&#248;rende" optional="0" carry_forward="1" exclude_caption="1" multiline="0" help_text="Skriv gjerne flere telefonnumre, skilt med komma." group_id="NEXTOFKIN_PHONE" />
<question item_id="9318" mid="NEXTOFKIN_EMAIL" datatype="NAR" page_number="2" page_title="N&#230;rmeste p&#229;r&#248;rende" header="Epost*" question_text="Epostadresse for n&#230;rmeste p&#229;r&#248;rende" optional="0" carry_forward="1" exclude_caption="1" multiline="0" help_text="Skriv gjerne flere epostadresser, skilt med komma." group_id="NEXTOFKIN_EMAIL" />
<question item_id="1410" mid="OTHEROFKIN_DETAILS" datatype="NAR" page_number="2" page_title="N&#230;rmeste p&#229;r&#248;rende" header="Andre p&#229;r&#248;rende" question_text="Opplysninger om  andre p&#229;r&#248;rende" optional="0" carry_forward="1" multiline="1" help_text="Fornavn, etternavn, telefonnummer.  Gi s&#229; utfyllende opplysninger som mulig, gjerne om flere p&#229;r&#248;rende.  Skal brukes i kritiske situasjoner, skriv n&#230;rmeste p&#229;r&#248;rende f&#248;rst." group_id="OTHEROFKIN_DETAILS" />
<question item_id="3434" mid="BOLIGTYPE" datatype="ORD" page_number="3" page_title="Sosiale forhold" question_text="Egen bolig utenfor institusjonen" optional="0" carry_forward="1" enumeration_uid="3434" group_id="BOLIGTYPE" />
<question item_id="4209" mid="ADDRESS" datatype="NAR" page_number="4" question_text="Adresse" optional="1" carry_forward="1" multiline="0" group_id="ADDRESS" />
<question item_id="4210" mid="ZIP" datatype="NAR" page_number="4" question_text="Postnummer" optional="1" carry_forward="1" multiline="0" group_id="ZIP" />
<question item_id="4211" mid="CITY" datatype="NAR" page_number="4" question_text="Poststed" optional="1" carry_forward="1" multiline="0" group_id="CITY" />
<question item_id="3885" mid="TelefonP" datatype="NAR" page_number="4" question_text="Telefon privat" optional="1" carry_forward="1" multiline="0" group_id="TelefonP" />
<question item_id="3886" mid="TelefonM" datatype="NAR" page_number="4" question_text="Mobiltelefon" optional="1" carry_forward="1" multiline="0" group_id="TelefonM" />
<question item_id="4391" mid="SONE_HJEMMESPL" datatype="NAR" page_number="4" question_text="Sone" optional="1" carry_forward="1" multiline="0" help_text="Sone for hjemmesykepleien" group_id="SONE_HJEMMESPL" />
<question item_id="125" mid="YRKESAKTIV_5Y" datatype="ORD" page_number="5" header="Yrkesaktivitet" question_text="Har v&#230;rt yrkesaktiv utenfor hjemmet" optional="0" carry_forward="1" enumeration_uid="125" help_text="Minst 5 &#229;r" group_id="YRKESAKTIV_5Y" />
<question item_id="126" mid="ARBEID_TYPE" datatype="ORD" page_number="6" question_text="Type tidligere arbeid" optional="0" carry_forward="1" enumeration_uid="126" group_id="ARBEID_TYPE" />
<question item_id="3435" mid="ARBEID_KOMMENTAR" datatype="NAR" page_number="6" question_text="Eventuelle kommentarer" optional="1" carry_forward="1" multiline="1" group_id="ARBEID_KOMMENTAR" />
<question item_id="129" mid="MYNDIG" datatype="ORD" page_number="7" page_title="Myndighet" question_text="Ansvarlig/verge" optional="0" carry_forward="1" enumeration_uid="129" help_text="(fra RAI spm 9)" group_id="MYNDIG" />
<question item_id="1076" mid="VERGE_NAVN" datatype="NAR" page_number="8" page_introduction="This page was autogenerated" header="Navn" question_text="Vergens navn" optional="0" exclude_caption="1" multiline="0" group_id="VERGE_NAVN" />
<question item_id="1077" mid="VERGE_TELEFON" datatype="NAR" page_number="8" page_introduction="This page was autogenerated" header="Telefon" question_text="Vergens telefonnummer" optional="0" multiline="0" group_id="VERGE_TELEFON" />
<question item_id="3443" mid="MYNDIG_KOMMENTAR" datatype="NAR" page_number="9" question_text="Kommentar til myndighetforhold" optional="1" carry_forward="1" multiline="1" group_id="MYNDIG_KOMMENTAR" />
<question item_id="8418" mid="GbdAnsvarSykepleie" datatype="NAR" page_number="10" page_title="Ansvarlige personer" question_text="Sykepleieansvarlig" optional="0" carry_forward="1" multiline="0" group_id="GbdAnsvarSykepleie" />
<question item_id="8419" mid="GbdAnsvarJournal" datatype="NAR" page_number="10" page_title="Ansvarlige personer" question_text="Journalansvarlig" optional="0" carry_forward="1" multiline="0" group_id="GbdAnsvarJournal" />
<question item_id="8420" mid="GbdPrimaerKontakt" datatype="NAR" page_number="10" page_title="Ansvarlige personer" question_text="Prim&#230;rkontakt" optional="0" carry_forward="1" multiline="0" group_id="GbdPrimaerKontakt" />
<question item_id="3444" mid="FASTLEGE" datatype="ORD" page_number="11" page_title="Fastlege" question_text="Har egen fastlege" optional="0" carry_forward="1" enumeration_uid="3444" group_id="FASTLEGE" />
<question item_id="3428" mid="DOCNAME" datatype="NAR" page_number="12" header="Navn*" question_text="Fastlegens navn" optional="0" carry_forward="1" exclude_caption="1" multiline="0" group_id="DOCNAME" />
<question item_id="3429" mid="DOCADDRESS" datatype="NAR" page_number="12" header="Adresse*" question_text="Fastlegens adresse" optional="0" carry_forward="1" exclude_caption="1" multiline="0" group_id="DOCADDRESS" />
<question item_id="3430" mid="DOCZIP" datatype="NAR" page_number="12" header="Postnummer*" question_text="Fastlegens postnummer" optional="0" carry_forward="1" exclude_caption="1" multiline="0" group_id="DOCZIP" />
<question item_id="3431" mid="DOCCITY" datatype="NAR" page_number="12" header="Poststed*" question_text="Fastlegens poststed" optional="0" carry_forward="1" exclude_caption="1" multiline="0" group_id="DOCCITY" />
<question item_id="3432" mid="DOCPHONE" datatype="NAR" page_number="12" header="Telefon*" question_text="Fastlegens telefonnummer" optional="0" carry_forward="1" exclude_caption="1" multiline="0" group_id="DOCPHONE" />
<question item_id="1054" mid="VAR1054" datatype="ORD" page_number="13" page_title="Innkomstsamtale" page_introduction="Det skal gis tilbud om innkomstsamtale s&#229; snart som mulig etter innkomst, senest innen 14 dager." question_text="Er det gitt tilbud om innkomstsamtale" optional="1" enumeration_uid="1054" />

<!-- Start: Form actions, generated XML -->

<question_action master_question_mid="MYNDIG" detail_question_mid="VERGE_NAVN" enum_item_value="3" activate="1" />
<question_action master_question_mid="MYNDIG" detail_question_mid="VERGE_TELEFON" enum_item_value="3" activate="1" />
<question_action master_question_mid="FASTLEGE" detail_question_mid="DOCNAME" enum_item_value="1" activate="1" />
<question_action master_question_mid="FASTLEGE" detail_question_mid="DOCADDRESS" enum_item_value="1" activate="1" />
<question_action master_question_mid="FASTLEGE" detail_question_mid="DOCZIP" enum_item_value="1" activate="1" />
<question_action master_question_mid="FASTLEGE" detail_question_mid="DOCCITY" enum_item_value="1" activate="1" />
<question_action master_question_mid="FASTLEGE" detail_question_mid="DOCPHONE" enum_item_value="1" activate="1" />
</form>
