<?xml version="1.0" encoding="ISO-8859-1"?>
<form form_id="379" form_uid="CORNELL" title="Cornell depresjonskala" calculate_invalid="False" rating_scale="False" status="Open" repeatable="1" >
<instructions></instructions>

<!-- Start: Form enums, generated XML -->

<enumeration enumeration_uid="4533">
  <enum_item value="0" score="0" text="Ikke til stede" answer_id="24062" />
  <enum_item value="1" score="1" text="Moderat eller bare periodevis til stede" answer_id="24063" />
  <enum_item value="2" score="2" text="Mye til stede" answer_id="24064" />
  <enum_item value="3" score="0" text="Lar seg ikke evaluere" short_code="n/a" answer_id="24061" />
</enumeration>

<enumeration enumeration_uid="4534">
  <enum_item value="0" score="0" text="Ikke til stede" answer_id="24070" />
  <enum_item value="1" score="1" text="Moderat eller periodevis til stede" answer_id="24071" />
  <enum_item value="2" score="2" text="Mye til stede" answer_id="24072" />
  <enum_item value="3" score="0" text="Lar seg ikke evaluere" short_code="n/a" answer_id="24069" />
</enumeration>

<enumeration enumeration_uid="4535">
  <enum_item value="0" score="0" text="Ikke til stede" answer_id="24078" />
  <enum_item value="1" score="1" text="Moderat eller bare periodevis til stede" answer_id="24079" />
  <enum_item value="2" score="2" text="Mye til stede" answer_id="24080" />
  <enum_item value="3" score="0" text="Lar seg ikke evaluere" short_code="n/a" answer_id="24077" />
</enumeration>

<enumeration enumeration_uid="4536">
  <enum_item value="0" score="0" text="Ikke til stede" answer_id="24082" />
  <enum_item value="1" score="1" text="Moderat eller periodevis til stede" answer_id="24083" />
  <enum_item value="2" score="2" text="Mye til stede" answer_id="24084" />
  <enum_item value="3" score="0" text="Lar seg ikke evaluere" short_code="n/a" answer_id="24081" />
</enumeration>

<enumeration enumeration_uid="4537">
  <enum_item value="0" score="0" text="Ikke til stede" answer_id="24090" />
  <enum_item value="1" score="1" text="Moderat eller periodevis til stede" answer_id="24091" />
  <enum_item value="2" score="2" text="Mye til stede" answer_id="24092" />
  <enum_item value="3" score="0" text="Lar seg ikke evaluere" short_code="n/a" answer_id="24089" />
</enumeration>

<enumeration enumeration_uid="4538">
  <enum_item value="0" score="0" text="Ikke til stede" answer_id="24094" />
  <enum_item value="1" score="1" text="Moderat eller periodevis til stede" answer_id="24095" />
  <enum_item value="2" score="2" text="Mye til stede" answer_id="24096" />
  <enum_item value="3" score="0" text="Lar seg ikke evaluere" short_code="n/a" answer_id="24093" />
</enumeration>

<enumeration enumeration_uid="4539">
  <enum_item value="0" score="0" text="Ikke til stede" answer_id="24110" />
  <enum_item value="1" score="1" text="Moderat eller periodevis til stede" answer_id="24111" />
  <enum_item value="2" score="2" text="Mye til stede" answer_id="24112" />
  <enum_item value="3" score="0" text="Lar seg ikke evaluere" short_code="n/a" answer_id="24109" />
</enumeration>

<enumeration enumeration_uid="4540">
  <enum_item value="0" score="0" text="Ikke til stede" answer_id="24118" />
  <enum_item value="1" score="1" text="Moderat eller periodevis til stede" answer_id="24119" />
  <enum_item value="2" score="2" text="Mye til stede" answer_id="24120" />
  <enum_item value="3" score="0" text="Lar seg ikke evaluere" short_code="n/a" answer_id="24117" />
</enumeration>

<enumeration enumeration_uid="4541">
  <enum_item value="0" score="0" text="Ikke til stede" answer_id="24126" />
  <enum_item value="1" score="1" text="Moderat eller periodevis til stede" answer_id="24127" />
  <enum_item value="2" score="2" text="Mye til stede" answer_id="24128" />
  <enum_item value="3" score="0" text="Lar seg ikke evaluere" short_code="n/a" answer_id="24125" />
</enumeration>

<enumeration enumeration_uid="4542">
  <enum_item value="0" score="0" text="Ikke til stede" answer_id="24134" />
  <enum_item value="1" score="1" text="Moderat eller periodevis til stede" answer_id="24135" />
  <enum_item value="2" score="2" text="Mye til stede" answer_id="24136" />
  <enum_item value="3" score="0" text="Lar seg ikke evaluere" short_code="n/a" answer_id="24133" />
</enumeration>

<enumeration enumeration_uid="4543">
  <enum_item value="0" score="0" text="Ikke til stede" answer_id="24142" />
  <enum_item value="1" score="1" text="Moderat eller periodevis til stede" answer_id="24143" />
  <enum_item value="2" score="2" text="Mye til stede" answer_id="24144" />
  <enum_item value="3" score="0" text="Lar seg ikke evaluere" short_code="n/a" answer_id="24141" />
</enumeration>

<enumeration enumeration_uid="4544">
  <enum_item value="0" score="0" text="Ikke til stede" answer_id="24154" />
  <enum_item value="1" score="1" text="Moderat eller periodevis til stede" answer_id="24155" />
  <enum_item value="2" score="2" text="Mye til stede" answer_id="24156" />
  <enum_item value="3" score="0" text="Lar seg ikke evaluere" short_code="n/a" answer_id="24153" />
</enumeration>

<enumeration enumeration_uid="4545">
  <enum_item value="0" score="0" text="Ikke til stede" answer_id="24162" />
  <enum_item value="1" score="1" text="Moderat eller periodevis til stede" answer_id="24163" />
  <enum_item value="2" score="2" text="Mye til stede" answer_id="24164" />
  <enum_item value="3" score="0" text="Lar seg ikke evaluere" short_code="n/a" answer_id="24161" />
</enumeration>

<enumeration enumeration_uid="4546">
  <enum_item value="0" score="0" text="Ikke til stede" answer_id="24170" />
  <enum_item value="1" score="1" text="Moderat eller periodevis til stede" answer_id="24171" />
  <enum_item value="2" score="2" text="Mye til stede" answer_id="24172" />
  <enum_item value="3" score="0" text="Lar seg ikke evaluere" short_code="n/a" answer_id="24169" />
</enumeration>

<enumeration enumeration_uid="4547">
  <enum_item value="0" score="0" text="Ikke til stede" answer_id="24178" />
  <enum_item value="1" score="1" text="Moderat eller periodevis til stede" answer_id="24179" />
  <enum_item value="2" score="2" text="Mye til stede" answer_id="24180" />
  <enum_item value="3" score="0" text="Lar seg ikke evaluere" short_code="n/a" answer_id="24177" />
</enumeration>

<enumeration enumeration_uid="4548">
  <enum_item value="0" score="0" text="Ikke til stede" answer_id="24186" />
  <enum_item value="1" score="1" text="Moderat eller periodevis til stede" answer_id="24187" />
  <enum_item value="2" score="2" text="Mye til stede" answer_id="24188" />
  <enum_item value="3" score="0" text="Lar seg ikke evaluere" short_code="n/a" answer_id="24185" />
</enumeration>

<enumeration enumeration_uid="4549">
  <enum_item value="0" score="0" text="Ikke til stede" answer_id="24194" />
  <enum_item value="1" score="1" text="Moderat eller periodevis til stede" answer_id="24195" />
  <enum_item value="2" score="2" text="Mye til stede" answer_id="24196" />
  <enum_item value="3" score="0" text="Lar seg ikke evaluere" short_code="n/a" answer_id="24193" />
</enumeration>

<enumeration enumeration_uid="4550">
  <enum_item value="0" score="0" text="Ikke til stede" answer_id="24202" />
  <enum_item value="1" score="1" text="Moderat eller periodevis til stede" answer_id="24203" />
  <enum_item value="2" score="2" text="Mye til stede" answer_id="24204" />
  <enum_item value="3" score="0" text="Lar seg ikke evaluere" short_code="n/a" answer_id="24201" />
</enumeration>

<enumeration enumeration_uid="4551">
  <enum_item value="0" score="0" text="Ikke til stede" answer_id="24210" />
  <enum_item value="1" score="1" text="Moderat eller periodevis til stede" answer_id="24211" />
  <enum_item value="2" score="2" text="Mye til stede" answer_id="24212" />
  <enum_item value="3" score="0" text="Lar seg ikke evaluere" short_code="n/a" answer_id="24209" />
</enumeration>

<!-- Start: Form items, generated XML -->

<question item_id="4533" mid="CORNELL_A1" datatype="ORD" page_number="1" page_title="A. Stemningssymptomer" question_text="Angst, engstelig uttrykk, grubling, bekymring" optional="0" enumeration_uid="4533" group_id="CORNELL_A1" />
<question item_id="4534" mid="CORNELL_A2" datatype="ORD" page_number="1" page_title="A. Stemningssymptomer" question_text="Tristhet, trist stemme, tar til t&#229;rene" optional="0" enumeration_uid="4534" group_id="CORNELL_A2" />
<question item_id="4535" mid="CORNELL_A3" datatype="ORD" page_number="1" page_title="A. Stemningssymptomer" question_text="Manglende evne til &#229; glede seg over hyggelige hendelser" optional="0" enumeration_uid="4535" group_id="CORNELL_A3" />
<question item_id="4536" mid="CORNELL_A4" datatype="ORD" page_number="1" page_title="A. Stemningssymptomer" question_text="Irritabilitet, lett irritert, hissig" optional="0" enumeration_uid="4536" group_id="CORNELL_A4" />
<question item_id="4552" mid="CORNELL_A" datatype="QN" page_number="1" page_title="A. Stemningssymptomer" question_text="Sum stemningssymptomer (poeng)" optional="0" units="poeng" expression="CORNELL_A1_SCORE + CORNELL_A2_SCORE + CORNELL_A3_SCORE + CORNELL_A4_SCORE" group_id="CORNELL_A" />
<question item_id="4537" mid="CORNELL_B5" datatype="ORD" page_number="2" page_title="B. Forstyrret atferd" question_text="Agitert, rastl&#248;s, vrir hendene, river seg i h&#229;ret" optional="0" enumeration_uid="4537" group_id="CORNELL_B5" />
<question item_id="4538" mid="CORNELL_B6" datatype="ORD" page_number="2" page_title="B. Forstyrret atferd" question_text="Retardasjon, langsomme bevegelser, langsom tale, reagerer sent" optional="0" enumeration_uid="4538" group_id="CORNELL_B6" />
<question item_id="4539" mid="CORNELL_B7" datatype="ORD" page_number="2" page_title="B. Forstyrret atferd" question_text="Uttalt kroppslige plager" optional="0" enumeration_uid="4539" help_text="Sk&#229;r 0 hvis bare mage/tarm symptomer" group_id="CORNELL_B7" />
<question item_id="4540" mid="CORNELL_B8" datatype="ORD" page_number="2" page_title="B. Forstyrret atferd" question_text="Tap av interesse, mindre opptatt av vanlige aktiviteter" optional="0" enumeration_uid="4540" help_text="Sk&#229;r 0 hvis bare mage/tarm symptomer" group_id="CORNELL_B8" />
<question item_id="4553" mid="CORNELL_B" datatype="QN" page_number="2" page_title="B. Forstyrret atferd" question_text="Sum forstyrret atferd (poeng)" optional="0" units="poeng" expression="CORNELL_B5_SCORE + CORNELL_B6_SCORE + CORNELL_B7_SCORE + CORNELL_B8_SCORE" group_id="CORNELL_B" />
<question item_id="4541" mid="CORNELL_C9" datatype="ORD" page_number="3" page_title="C. Kroppslige tegn" question_text="Redusert appetitt, spiser mindre enn ellers" optional="0" enumeration_uid="4541" group_id="CORNELL_C9" />
<question item_id="4542" mid="CORNELL_C10" datatype="ORD" page_number="3" page_title="C. Kroppslige tegn" question_text="Vekttap" optional="0" enumeration_uid="4542" help_text="Sk&#229;r 2 hvis st&#248;rre enn 2 kg i l&#248;pet av en m&#229;ned" group_id="CORNELL_C10" />
<question item_id="4543" mid="CORNELL_C11" datatype="ORD" page_number="3" page_title="C. Kroppslige tegn" question_text="Tap av energi, blir fort trett, klarer ikke &#229; holde ut i aktviteter" optional="0" enumeration_uid="4543" help_text="Sk&#229;res bare hvis forandringen har oppst&#229;tt raskt, dvs. i l&#248;pet av en m&#229;ned." group_id="CORNELL_C11" />
<question item_id="4554" mid="CORNELL_C" datatype="QN" page_number="3" page_title="C. Kroppslige tegn" question_text="Sum kroppslige tegn (poeng)" optional="0" units="poeng" expression="CORNELL_C9_SCORE + CORNELL_C10_SCORE + CORNELL_C11_SCORE" group_id="CORNELL_C" />
<question item_id="4544" mid="CORNELL_D12" datatype="ORD" page_number="4" page_title="D. D&#248;gnvariasjoner" question_text="D&#248;gnvariasjoner i hum&#248;ret, hum&#248;ret verst om morgenen" optional="0" enumeration_uid="4544" group_id="CORNELL_D12" />
<question item_id="4545" mid="CORNELL_D13" datatype="ORD" page_number="4" page_title="D. D&#248;gnvariasjoner" question_text="Innsovningsvansker, sovner senere enn det som er vanlig for pasienten" optional="0" enumeration_uid="4545" group_id="CORNELL_D13" />
<question item_id="4546" mid="CORNELL_D14" datatype="ORD" page_number="4" page_title="D. D&#248;gnvariasjoner" question_text="Hyppige oppv&#229;kninger i l&#248;pet av natten" optional="0" enumeration_uid="4546" group_id="CORNELL_D14" />
<question item_id="4547" mid="CORNELL_D15" datatype="ORD" page_number="4" page_title="D. D&#248;gnvariasjoner" question_text="Tidlig morgen-oppv&#229;kning, tidligere enn vanlig for denne pasienten" optional="0" enumeration_uid="4547" group_id="CORNELL_D15" />
<question item_id="4555" mid="CORNELL_D" datatype="QN" page_number="4" page_title="D. D&#248;gnvariasjoner" question_text="Sum d&#248;gnvariasjoner (poeng)" optional="1" units="poeng" expression="CORNELL_D12_SCORE + CORNELL_D13_SCORE + CORNELL_D14_SCORE + CORNELL_D15_SCORE" group_id="CORNELL_D" />
<question item_id="4548" mid="CORNELL_E16" datatype="ORD" page_number="5" page_title="E. Tankeforstyrrelser" question_text="Selvmord, f&#248;ler livet ikke er verdt &#229; leve, har selvmordstanker, gj&#248;r selvmordsfors&#248;k" optional="0" enumeration_uid="4548" group_id="CORNELL_E16" />
<question item_id="4549" mid="CORNELL_E17" datatype="ORD" page_number="5" page_title="E. Tankeforstyrrelser" question_text="D&#229;rlig selvbilde, selvbebreidelser, selvnedvurdering, skyldf&#248;lelse" optional="0" enumeration_uid="4549" group_id="CORNELL_E17" />
<question item_id="4550" mid="CORNELL_E18" datatype="ORD" page_number="5" page_title="E. Tankeforstyrrelser" question_text="Pessimisme, ser svart p&#229; framtiden" optional="0" enumeration_uid="4550" group_id="CORNELL_E18" />
<question item_id="4551" mid="CORNELL_E19" datatype="ORD" page_number="5" page_title="E. Tankeforstyrrelser" question_text="Stemningskongruente vrangforestillinger, forestillinger om fattigdom, sykdom eller tap." optional="0" enumeration_uid="4551" group_id="CORNELL_E19" />
<question item_id="4556" mid="CORNELL_E" datatype="QN" page_number="5" page_title="E. Tankeforstyrrelser" question_text="Sum tankeforstyrrelser (poeng)" optional="0" units="poeng" expression="CORNELL_E16_SCORE + CORNELL_E17_SCORE + CORNELL_E18_SCORE + CORNELL_E19_SCORE" group_id="CORNELL_E" />
<question item_id="4557" mid="CORNELL_SUM" datatype="QN" page_number="6" page_title="=. Cornell oppsummering" question_text="Cornell totalsk&#229;r (poeng)" optional="0" units="poeng" expression="CORNELL_A + CORNELL_B + CORNELL_C + CORNELL_D + CORNELL_E" group_id="CORNELL_SUM" />

<!-- Start: Form actions, generated XML -->

</form>
