<?xml version="1.0" encoding="ISO-8859-1"?>
<form form_id="316" form_uid="GBD_BESLUTNINGER" title="Beslutninger" calculate_invalid="False" rating_scale="False" status="Open" repeatable="1" >
<instructions></instructions>

<!-- Start: Form enums, generated XML -->

<enumeration enumeration_uid="129">
  <enum_item value="1" text="Beboeren selv ansvaret" answer_id="201" />
  <enum_item value="2" text="Ansvarlig familiemedlem" answer_id="202" />
  <enum_item value="3" text="Verge" answer_id="203" />
  <enum_item value="4" text="Andre ansvarlige overformyndere" answer_id="204" />
</enumeration>

<enumeration enumeration_uid="3437">
  <enum_item value="1" text="Ja | Gjenopplivning kan iverksettes." short_code="J" answer_id="17642" />
  <enum_item value="2" text="Nei | Gjenopplivning skal ikke iverksettes." short_code="N" answer_id="17643" />
  <enum_item value="3" text="Ukjent/ikke diskutert. | Gjenopplivning ikke diskutert." answer_id="17644" />
</enumeration>

<enumeration enumeration_uid="3438">
  <enum_item value="1" text="Ja | Kan innlegges akutt p&#229; sykehus." short_code="J" answer_id="17648" />
  <enum_item value="2" text="Nei | Skal ikke innlegges akutt p&#229; sykehus." short_code="N" answer_id="17649" />
  <enum_item value="3" text="Ukjent/ikke diskutert. | Akuttinnleggelser ikke diskutert." answer_id="17650" />
</enumeration>

<enumeration enumeration_uid="3439">
  <enum_item value="1" text="Ja | Kan donere organer." short_code="J" answer_id="17654" />
  <enum_item value="2" text="Nei | Skal ikke donere organer." short_code="N" answer_id="17655" />
  <enum_item value="3" text="Ukjent/ikke diskutert. | Organdonasjon ikke diskutert." answer_id="17656" />
</enumeration>

<enumeration enumeration_uid="3440">
  <enum_item value="1" text="Ja | Kan obduseres." short_code="J" answer_id="17660" />
  <enum_item value="2" text="Nei | Skal ikke obduseres." short_code="N" answer_id="17661" />
  <enum_item value="3" text="Ukjent/ikke diskutert. | Obduksjon ikke diskutert." answer_id="17662" />
</enumeration>

<enumeration enumeration_uid="3441">
  <enum_item value="1" text="Ja | Kan motta blodprodukter." short_code="J" answer_id="17666" />
  <enum_item value="2" text="Nei | Skal ikke ha blodprodukter." short_code="N" answer_id="17667" />
  <enum_item value="3" text="Ukjent/ikke diskutert. | Blodtransfusjon ikke diskutert." answer_id="17668" />
</enumeration>

<!-- Start: Form items, generated XML -->

<question item_id="129" mid="MYNDIG" datatype="ORD" page_number="1" page_title="Ansvarlig" question_text="Ansvarlig/verge" optional="0" enumeration_uid="129" help_text="(fra RAI spm 9)" group_id="MYNDIG" />
<question item_id="3443" mid="MYNDIG_KOMMENTAR" datatype="NAR" page_number="1" page_title="Ansvarlig" question_text="Kommentar til myndighetforhold" optional="1" multiline="1" group_id="MYNDIG_KOMMENTAR" />
<question item_id="3437" mid="GJENOPPLIVES" datatype="ORD" page_number="2" page_title="Beslutninger" page_introduction="Her registreres ogs&#229; en del viktige beslutninger (for eksempel om pasienten skal gjenopplives). Det er viktig at man ikke krysser av uten at man vet at prosedyrene er fulgt. Det er mulig med egne kommentarer i fritekstfeltet." question_text="Skal gjenopplivning iverksettes?" optional="0" enumeration_uid="3437" group_id="GJENOPPLIVES" />
<question item_id="3438" mid="AKUTTINNLEGGELSE" datatype="ORD" page_number="2" page_title="Beslutninger" page_introduction="Her registreres ogs&#229; en del viktige beslutninger (for eksempel om pasienten skal gjenopplives). Det er viktig at man ikke krysser av uten at man vet at prosedyrene er fulgt. Det er mulig med egne kommentarer i fritekstfeltet." question_text="Kan innlegges akutt p&#229; sykehus?" optional="0" enumeration_uid="3438" group_id="AKUTTINNLEGGELSE" />
<question item_id="3439" mid="ORGANDONOR" datatype="ORD" page_number="2" page_title="Beslutninger" page_introduction="Her registreres ogs&#229; en del viktige beslutninger (for eksempel om pasienten skal gjenopplives). Det er viktig at man ikke krysser av uten at man vet at prosedyrene er fulgt. Det er mulig med egne kommentarer i fritekstfeltet." question_text="Vil donere organer?" optional="0" enumeration_uid="3439" group_id="ORGANDONOR" />
<question item_id="3440" mid="OBDUSERES" datatype="ORD" page_number="2" page_title="Beslutninger" page_introduction="Her registreres ogs&#229; en del viktige beslutninger (for eksempel om pasienten skal gjenopplives). Det er viktig at man ikke krysser av uten at man vet at prosedyrene er fulgt. Det er mulig med egne kommentarer i fritekstfeltet." question_text="Kan obduseres?" optional="0" enumeration_uid="3440" group_id="OBDUSERES" />
<question item_id="3441" mid="BLODTRANSFUSJON" datatype="ORD" page_number="2" page_title="Beslutninger" page_introduction="Her registreres ogs&#229; en del viktige beslutninger (for eksempel om pasienten skal gjenopplives). Det er viktig at man ikke krysser av uten at man vet at prosedyrene er fulgt. Det er mulig med egne kommentarer i fritekstfeltet." question_text="Kan motta blodprodukter/transfusjon" optional="0" enumeration_uid="3441" group_id="BLODTRANSFUSJON" />

<!-- Start: Form actions, generated XML -->

</form>
