<?xml version="1.0" encoding="ISO-8859-1"?>
<form form_id="410" form_uid="GbdFastLegeInnhent" title="Innhenting av fastlege-opplysninger" calculate_invalid="False" rating_scale="False" status="Design" repeatable="1" >
<instructions></instructions>

<!-- Start: Form enums, generated XML -->

<enumeration enumeration_uid="4846">
  <enum_item value="1" text="Ja" answer_id="27241" />
  <enum_item value="2" text="Nei" short_code="N" answer_id="27242" />
</enumeration>

<enumeration enumeration_uid="4847">
  <enum_item value="1" text="Ja" answer_id="27251" />
  <enum_item value="2" text="Nei" short_code="N" answer_id="27252" />
</enumeration>

<enumeration enumeration_uid="4848">
  <enum_item value="1" text="Ja" answer_id="27253" />
  <enum_item value="2" text="Nei" short_code="N" answer_id="27254" />
</enumeration>

<!-- Start: Form items, generated XML -->

<question item_id="4846" mid="VAR4846" datatype="ORD" page_number="1" page_title="Innhenting av fastlege-opplysninger" page_introduction="Skjema som sendes fastlege for innhenting av helseopplysninger p&#229; pasienten" question_text="Tidligere sykdommer" optional="1" enumeration_uid="4846" help_text="&#216;nske om oversikt over tidligere sykdommer fra fastlege" />
<question item_id="4847" mid="VAR4847" datatype="ORD" page_number="1" page_title="Innhenting av fastlege-opplysninger" page_introduction="Skjema som sendes fastlege for innhenting av helseopplysninger p&#229; pasienten" question_text="Demensutredning" optional="1" enumeration_uid="4847" help_text="&#216;nske om opplysninger vedr&#248;rende eventuell tidligere vurdering/utredning av kognitiv svikt (billeddiagnostikk, henvisninger til spesialist-utredning, tidligere kognitive tester)" />
<question item_id="4848" mid="VAR4848" datatype="ORD" page_number="1" page_title="Innhenting av fastlege-opplysninger" page_introduction="Skjema som sendes fastlege for innhenting av helseopplysninger p&#229; pasienten" question_text="Medikamentliste" optional="1" enumeration_uid="4848" help_text="&#216;nske om siste oppdaterte medikamentliste fra fastlege" />
<question item_id="4849" mid="VAR4849" datatype="NAR" page_number="1" page_title="Innhenting av fastlege-opplysninger" page_introduction="Skjema som sendes fastlege for innhenting av helseopplysninger p&#229; pasienten" question_text="Andre opplysninger" optional="1" multiline="1" />

<!-- Start: Form actions, generated XML -->

</form>
