<?xml version="1.0" encoding="ISO-8859-1"?>
<form form_id="521" form_uid="FORM521" title="Avviksregistrering" calculate_invalid="False" rating_scale="False" status="Closed" repeatable="1" >
<instructions></instructions>

<!-- Start: Form enums, generated XML -->

<enumeration enumeration_uid="6398">
  <enum_item value="1" text="Legemiddelh&#229;ndtering." answer_id="33844" />
  <enum_item value="2" text="Alvorlig bivirkning." answer_id="37544" />
  <enum_item value="3" text="Fall." answer_id="33845" />
  <enum_item value="4" text="Skade ikke for&#229;rsaket av fall." answer_id="37579" />
  <enum_item value="5" text="Angrep p&#229; medpasient." answer_id="37475" />
  <enum_item value="6" text="IK-Mat / Ern&#230;ring." answer_id="33848" />
  <enum_item value="7" text="Hygiene / IKP." answer_id="33850" />
  <enum_item value="8" text="Sikring av grunnleggende behov." answer_id="33847" />
  <enum_item value="9" text="Infeksjon" answer_id="37598" />
  <enum_item value="99" text="Uspesifisert / annet." answer_id="33852" />
</enumeration>

<enumeration enumeration_uid="6399">
  <enum_item value="1" text="Ordinert dose ikke gitt." answer_id="33871" />
  <enum_item value="2" text="Feil medisin gitt." answer_id="33872" />
  <enum_item value="3" text="Medisin gitt til feil pasient." answer_id="33873" />
  <enum_item value="4" text="Medisin gitt p&#229; avvikende tidspunkt." answer_id="33874" />
  <enum_item value="99" text="Annet*" answer_id="33875" />
</enumeration>

<enumeration enumeration_uid="6402">
  <enum_item value="1" text="Ingen skade skjedd." answer_id="33896" />
  <enum_item value="2" text="Mild: En hendelse som vanligvis er forbig&#229;ende og krever minimal behandling.  P&#229;virker normalt ikke dagliglivet." answer_id="33897" />
  <enum_item value="3" text="Moderat: En hendelse som krever tilleggsbehandling.  Den p&#229;virker vanlige aktiviteter i dagliglivet og gir ubehag, men uten vesentlig eller varig risiko for pasienten." answer_id="33898" />
  <enum_item value="4" text="Betydelig: En hendelse som krever intensiv tilleggsbehandling.  Dagliglivet eller klinisk status er betydelig endret.  Betydelig risiko for skade, sykehusinnleggelse kan v&#230;re n&#248;dvendig." answer_id="33899" />
  <enum_item value="5" text="Livstruende/invalidiserende: En hendelse som krever stor eller akutt intervensjon og truer patientens liv.  Hendelsen kan gi varig skade og kan forstyrre patientens mulighet for vanlige aktiviteter." answer_id="33900" />
  <enum_item value="6" text="D&#248;d: Pasienten d&#248;de i relasjon til hendelsen." answer_id="33921" />
</enumeration>

<enumeration enumeration_uid="6403">
  <enum_item value="1" text="Ja | Lege kontaktet." short_code="J" answer_id="33922" />
  <enum_item value="2" text="Nei | Lege ikke kontaktet." short_code="N" answer_id="33923" />
</enumeration>

<enumeration enumeration_uid="6405">
  <enum_item value="1" text="Ja | Skriftlig prosedyre finnes." short_code="J" answer_id="33924" />
  <enum_item value="2" text="Nei | Ingen skriftlig prosedyre." short_code="N" answer_id="33925" />
  <enum_item value="3" text="Vet ikke*" short_code="V" answer_id="33926" />
</enumeration>

<enumeration enumeration_uid="6406">
  <enum_item value="1" text="Ja" answer_id="33932" />
  <enum_item value="2" text="Nei" short_code="N" answer_id="33933" />
  <enum_item value="3" text="Vet ikke" short_code="V" answer_id="33934" />
</enumeration>

<enumeration enumeration_uid="6407">
  <enum_item value="1" text="Ja" answer_id="33940" />
  <enum_item value="2" text="Nei" short_code="N" answer_id="33941" />
  <enum_item value="3" text="Vet ikke" short_code="V" answer_id="33942" />
</enumeration>

<enumeration enumeration_uid="6408">
  <enum_item value="1" text="Ja" answer_id="33951" />
  <enum_item value="2" text="Nei" short_code="N" answer_id="33952" />
  <enum_item value="3" text="Vet ikke" short_code="V" answer_id="33953" />
</enumeration>

<enumeration enumeration_uid="6409">
  <enum_item value="1" text="Ja" answer_id="33962" />
  <enum_item value="2" text="Nei" short_code="N" answer_id="33963" />
  <enum_item value="3" text="Vet ikke" short_code="V" answer_id="33964" />
</enumeration>

<enumeration enumeration_uid="6411">
  <enum_item value="1" text="Ja" answer_id="33968" />
  <enum_item value="2" text="Nei" short_code="N" answer_id="33969" />
</enumeration>

<!-- Start: Form items, generated XML -->

<question item_id="6398" mid="VAR6398" datatype="ORD" page_number="1" page_title="Avviksregistrering" question_text="Avvikstype" optional="1" enumeration_uid="6398" />
<question item_id="6399" mid="VAR6399" datatype="ORD" page_number="2" question_text="Avvik med legemiddelh&#229;ndtering" optional="1" enumeration_uid="6399" />
<question item_id="6401" mid="VAR6401" datatype="NAR" page_number="3" page_title="Beskrivelse av hendelsen" question_text="Beskriv hendelsen" optional="0" multiline="1" />
<question item_id="6403" mid="VAR6403" datatype="ORD" page_number="4" question_text="Lege kontaktet" optional="1" enumeration_uid="6403" />
<question item_id="6402" mid="EVENT_SEVERITY" datatype="ORD" page_number="5" page_title="Konsekvenser" header="Alvorlighetsgrad" question_text="Vurdering av alvorlighetsgrad" optional="1" enumeration_uid="6402" group_id="EVENT_SEVERITY" />
<question item_id="6405" mid="VAR6405" datatype="ORD" page_number="6" page_title="Rutiner" question_text="Er det utarbeidet skriftlig prosedyre" optional="1" enumeration_uid="6405" />
<question item_id="6406" mid="VAR6406" datatype="ORD" page_number="7" question_text="Ble denne fulgt?" optional="1" enumeration_uid="6406" />
<question item_id="6408" mid="VAR6408" datatype="ORD" page_number="7" question_text="Behov for &#229; endre eksisterende prosedyre?" optional="1" enumeration_uid="6408" />
<question item_id="6409" mid="VAR6409" datatype="ORD" page_number="8" question_text="Sette opp en ny prosedyre som dekker hendelsen?" optional="1" enumeration_uid="6409" />
<question item_id="6407" mid="VAR6407" datatype="ORD" page_number="9" question_text="Har tilsvarende hendelse skjedd tidligere" optional="1" enumeration_uid="6407" help_text="Med samme eller annen beboer" />
<question item_id="6410" mid="AvvikForslag" datatype="NAR" page_number="10" page_title="Kvalitetsutvalgets vurdering" question_text="Forslag til korrigerende tiltak" optional="1" multiline="1" group_id="AvvikForslag" />
<question item_id="6411" mid="VAR6411" datatype="ORD" page_number="10" page_title="Kvalitetsutvalgets vurdering" question_text="Avviket lukket/rettet?" optional="1" enumeration_uid="6411" />

<!-- Start: Form actions, generated XML -->

<question_action master_question_mid="VAR6398" detail_question_mid="VAR6399" enum_item_value="1" activate="1" />
<question_action master_question_mid="VAR6405" detail_question_mid="VAR6406" enum_item_value="1" activate="1" />
<question_action master_question_mid="VAR6405" detail_question_mid="VAR6408" enum_item_value="1" activate="1" />
<question_action master_question_mid="VAR6405" detail_question_mid="VAR6409" enum_item_value="1" activate="6" />
</form>
