<?xml version="1.0" encoding="ISO-8859-1"?>
<form form_id="265" form_uid="GBD_SYKEHUS_RETUR" title="Retur fra sykehus" calculate_invalid="False" rating_scale="False" status="Open" repeatable="1" >
<instructions>Kort notat for bruk ved pasientens retur fra sykehusinnleggelse. </instructions>

<!-- Start: Form enums, generated XML -->

<enumeration enumeration_uid="3554">
  <enum_item value="1" text="er god." answer_id="18264" />
  <enum_item value="2" text="er lett redusert." answer_id="18265" />
  <enum_item value="3" text="er sv&#230;rt redusert." answer_id="18266" />
  <enum_item value="4" text="Pasienten er moribund." answer_id="18267" />
</enumeration>

<enumeration enumeration_uid="3560">
  <enum_item value="1" text="Ja" answer_id="18275" />
  <enum_item value="2" text="Nei" short_code="N" answer_id="18276" />
</enumeration>

<enumeration enumeration_uid="3561">
  <enum_item value="1" text="Ja" answer_id="18277" />
  <enum_item value="2" text="Nei" short_code="N" answer_id="18278" />
</enumeration>

<enumeration enumeration_uid="3562">
  <enum_item value="1" text="Ja" answer_id="18283" />
  <enum_item value="2" text="Nei" short_code="N" answer_id="18284" />
</enumeration>

<enumeration enumeration_uid="3563">
  <enum_item value="1" text="Ja" answer_id="18287" />
  <enum_item value="2" text="Nei" short_code="N" answer_id="18288" />
</enumeration>

<!-- Start: Form items, generated XML -->

<question item_id="3554" mid="ALLMENNTILSTAND" datatype="ORD" page_number="1" page_title="Kliniske n&#248;kkeldata" header="Allmenntilstanden" question_text="Hvordan vurderer du allmenntilstanden?" optional="0" enumeration_uid="3554" group_id="ALLMENNTILSTAND" />
<question item_id="3563" mid="SYKEHUS_MEDISINLISTE" datatype="ORD" page_number="1" page_title="Kliniske n&#248;kkeldata" question_text="Endringer p&#229; faste medisiner?" optional="0" enumeration_uid="3563" group_id="SYKEHUS_MEDISINLISTE" />
<question item_id="3561" mid="SYKEHUS_FRAKTURER" datatype="ORD" page_number="1" page_title="Kliniske n&#248;kkeldata" question_text="Frakturer" optional="0" enumeration_uid="3561" group_id="SYKEHUS_FRAKTURER" />
<question item_id="3560" mid="SYKEHUS_OPERASJONER" datatype="ORD" page_number="1" page_title="Kliniske n&#248;kkeldata" question_text="Operasjoner" optional="0" enumeration_uid="3560" group_id="SYKEHUS_OPERASJONER" />
<question item_id="3562" mid="SYKEHUS_INFEKSJONER" datatype="ORD" page_number="1" page_title="Kliniske n&#248;kkeldata" header="Sykehusinfeksjoner" question_text="Har pasienten f&#229;tt infeksjoner p&#229; sykehuset?" optional="0" enumeration_uid="3562" group_id="SYKEHUS_INFEKSJONER" />

<!-- Start: Form actions, generated XML -->

</form>
