<?xml version="1.0" encoding="ISO-8859-1"?>
<form form_id="887" form_uid="LS1" title="Livets siste dager - Oppstart" calculate_invalid="False" status="Open" repeatable="1" >
<instructions></instructions>

<!-- Start: Form enums, generated XML -->

<enumeration enumeration_uid="122">
  <enum_item value="1" text="ektefelle | Ektefelle:" answer_id="180" />
  <enum_item value="2" text="datter/s&#248;nn | Datter/s&#248;nn:" answer_id="181" />
  <enum_item value="3" text="bror/s&#248;ster | Bror/s&#248;ster:" answer_id="182" />
  <enum_item value="4" text="annet slektskap | Slektning:" answer_id="183" />
  <enum_item value="5" text="samboer | Samboer:" answer_id="184" />
</enumeration>

<enumeration enumeration_uid="1002">
  <enum_item value="1" text="Ja" answer_id="58860" />
  <enum_item value="2" text="Nei" answer_id="58861" />
  <enum_item value="3" text="Komat&#248;s" answer_id="58862" />
</enumeration>

<enumeration enumeration_uid="1008">
  <enum_item value="1" text="Ja" answer_id="58865" />
  <enum_item value="2" text="Nei" answer_id="58866" />
</enumeration>

<enumeration enumeration_uid="1009">
  <enum_item value="1" text="Ja" answer_id="58724" />
  <enum_item value="2" text="Nei" answer_id="58725" />
</enumeration>

<enumeration enumeration_uid="1010">
  <enum_item value="1" text="Ja" answer_id="58728" />
  <enum_item value="2" text="Nei" answer_id="58729" />
</enumeration>

<enumeration enumeration_uid="1011">
  <enum_item value="1" text="Ja" answer_id="58732" />
  <enum_item value="2" text="Nei" answer_id="58733" />
</enumeration>

<enumeration enumeration_uid="1012">
  <enum_item value="1" text="Ja" answer_id="58736" />
  <enum_item value="2" text="Nei" answer_id="58737" />
</enumeration>

<enumeration enumeration_uid="1013">
  <enum_item value="1" text="Ja" answer_id="58740" />
  <enum_item value="2" text="Nei" answer_id="58741" />
</enumeration>

<enumeration enumeration_uid="1014">
  <enum_item value="1" text="Ja" answer_id="58744" />
  <enum_item value="2" text="Nei" answer_id="58745" />
</enumeration>

<enumeration enumeration_uid="1015">
  <enum_item value="1" text="Ja" answer_id="58748" />
  <enum_item value="2" text="Nei" answer_id="58749" />
</enumeration>

<enumeration enumeration_uid="1019">
  <enum_item value="1" text="Ja" answer_id="58752" />
  <enum_item value="2" text="Nei" answer_id="58753" />
</enumeration>

<enumeration enumeration_uid="1020">
  <enum_item value="1" text="Ja" answer_id="58756" />
  <enum_item value="2" text="Nei" answer_id="58757" />
</enumeration>

<enumeration enumeration_uid="1021">
  <enum_item value="1" text="Ja" answer_id="58760" />
  <enum_item value="2" text="Nei" answer_id="58761" />
</enumeration>

<enumeration enumeration_uid="1022">
  <enum_item value="1" text="Ja" answer_id="58764" />
  <enum_item value="2" text="Nei (LCP b&#248;r ikke iverksettes)" answer_id="58765" />
</enumeration>

<enumeration enumeration_uid="1023">
  <enum_item value="1" text="Ja" answer_id="58768" />
  <enum_item value="2" text="Nei" answer_id="58769" />
</enumeration>

<enumeration enumeration_uid="1024">
  <enum_item value="1" text="Ja" answer_id="58772" />
  <enum_item value="2" text="Nei" answer_id="58773" />
</enumeration>

<enumeration enumeration_uid="1025">
  <enum_item value="1" text="Ja" answer_id="58776" />
  <enum_item value="2" text="Nei" answer_id="58777" />
</enumeration>

<enumeration enumeration_uid="1026">
  <enum_item value="1" text="Ja" answer_id="58780" />
  <enum_item value="2" text="Nei" answer_id="58781" />
</enumeration>

<enumeration enumeration_uid="1027">
  <enum_item value="1" text="Ja" answer_id="58784" />
  <enum_item value="2" text="Nei" answer_id="58785" />
</enumeration>

<enumeration enumeration_uid="1028">
  <enum_item value="1" text="Ja" answer_id="58788" />
  <enum_item value="2" text="Nei" answer_id="58789" />
</enumeration>

<enumeration enumeration_uid="1029">
  <enum_item value="1" text="Ja" answer_id="58792" />
  <enum_item value="2" text="Nei" answer_id="58793" />
  <enum_item value="3" text="Tiltaket ikke aktuelt" answer_id="58794" />
</enumeration>

<enumeration enumeration_uid="1030">
  <enum_item value="1" text="Ja" answer_id="58797" />
  <enum_item value="2" text="Nei" answer_id="58798" />
  <enum_item value="3" text="Tiltaket ikke aktuelt" answer_id="58799" />
</enumeration>

<enumeration enumeration_uid="1031">
  <enum_item value="1" text="Ja" answer_id="58802" />
  <enum_item value="2" text="Nei" answer_id="58803" />
</enumeration>

<enumeration enumeration_uid="1032">
  <enum_item value="1" text="Ja" answer_id="58806" />
  <enum_item value="2" text="Nei" answer_id="58807" />
</enumeration>

<enumeration enumeration_uid="1033">
  <enum_item value="1" text="Ja" answer_id="58810" />
  <enum_item value="2" text="Nei" answer_id="58811" />
  <enum_item value="3" text="Tiltaket ikke aktuelt" answer_id="58812" />
</enumeration>

<enumeration enumeration_uid="1034">
  <enum_item value="1" text="Ja" answer_id="58815" />
  <enum_item value="2" text="Nei" answer_id="58816" />
  <enum_item value="3" text="Tiltaket ikke aktuelt" answer_id="58817" />
</enumeration>

<enumeration enumeration_uid="1035">
  <enum_item value="1" text="Ja" answer_id="58820" />
  <enum_item value="2" text="Nei" answer_id="58821" />
</enumeration>

<enumeration enumeration_uid="1036">
  <enum_item value="1" text="Ja" answer_id="58824" />
  <enum_item value="2" text="Nei" answer_id="58825" />
</enumeration>

<enumeration enumeration_uid="1037">
  <enum_item value="1" text="Ja" answer_id="58828" />
  <enum_item value="2" text="Nei" answer_id="58829" />
  <enum_item value="3" text="Komat&#248;s" answer_id="58830" />
</enumeration>

<enumeration enumeration_uid="1038">
  <enum_item value="1" text="Ja" answer_id="58833" />
  <enum_item value="2" text="Nei" answer_id="58834" />
</enumeration>

<enumeration enumeration_uid="1039">
  <enum_item value="1" text="Ja" answer_id="58837" />
  <enum_item value="2" text="Nei" answer_id="58838" />
  <enum_item value="3" text="Komat&#248;s" answer_id="58839" />
</enumeration>

<enumeration enumeration_uid="1040">
  <enum_item value="1" text="Ja" answer_id="58842" />
  <enum_item value="2" text="Nei" answer_id="58843" />
</enumeration>

<enumeration enumeration_uid="1041">
  <enum_item value="1" text="Ja" answer_id="58846" />
  <enum_item value="2" text="Nei" answer_id="58847" />
  <enum_item value="3" text="Komat&#248;s" answer_id="58848" />
</enumeration>

<enumeration enumeration_uid="1042">
  <enum_item value="1" text="Ja" answer_id="58851" />
  <enum_item value="2" text="Nei" answer_id="58852" />
</enumeration>

<enumeration enumeration_uid="1043">
  <enum_item value="1" text="Ja" answer_id="58855" />
  <enum_item value="2" text="Nei" answer_id="58856" />
  <enum_item value="3" text="Ikke aktuelt" answer_id="58857" />
</enumeration>

<enumeration enumeration_uid="1049">
  <enum_item value="1" text="Uansett tidspunkt p&#229; d&#248;gnet" answer_id="58874" />
  <enum_item value="2" text="Ikke om natten" answer_id="58875" />
  <enum_item value="3" text="P&#229;r&#248;rende overnatter p&#229; sykehjemmet" answer_id="58876" />
</enumeration>

<enumeration enumeration_uid="1050">
  <enum_item value="1" text="Ja" answer_id="58879" />
  <enum_item value="2" text="Nei" answer_id="58880" />
</enumeration>

<enumeration enumeration_uid="1068">
  <enum_item value="1" text="Ja" answer_id="58907" />
  <enum_item value="2" text="Nei" answer_id="58908" />
</enumeration>

<enumeration enumeration_uid="1069">
  <enum_item value="1" text="Ja" answer_id="58911" />
  <enum_item value="2" text="Nei" answer_id="58912" />
</enumeration>

<enumeration enumeration_uid="10440">
  <enum_item value="1" text="Ja" answer_id="58412" />
  <enum_item value="2" text="Nei" answer_id="58413" />
</enumeration>

<enumeration enumeration_uid="10441">
  <enum_item value="1" text="Ja" answer_id="58418" />
  <enum_item value="2" text="Nei" answer_id="58419" />
</enumeration>

<enumeration enumeration_uid="10442">
  <enum_item value="1" text="Ja" answer_id="58428" />
  <enum_item value="2" text="Nei" answer_id="58429" />
</enumeration>

<enumeration enumeration_uid="10443">
  <enum_item value="1" text="Ja" answer_id="58434" />
  <enum_item value="2" text="Nei" answer_id="58435" />
</enumeration>

<enumeration enumeration_uid="10445">
  <enum_item value="1" text="Ja" answer_id="58440" />
  <enum_item value="2" text="Nei" answer_id="58441" />
</enumeration>

<enumeration enumeration_uid="10446">
  <enum_item value="1" text="Ja" answer_id="58446" />
  <enum_item value="2" text="Nei" answer_id="58447" />
</enumeration>

<enumeration enumeration_uid="10447">
  <enum_item value="1" text="Ja" answer_id="58452" />
  <enum_item value="2" text="Nei" answer_id="58453" />
</enumeration>

<enumeration enumeration_uid="10448">
  <enum_item value="1" text="Ja" answer_id="58458" />
  <enum_item value="2" text="Nei" answer_id="58459" />
</enumeration>

<enumeration enumeration_uid="10450">
  <enum_item value="1" text="Ja" answer_id="58470" />
  <enum_item value="2" text="Nei" answer_id="58471" />
</enumeration>

<enumeration enumeration_uid="10457">
  <enum_item value="1" text="Ja" answer_id="58518" />
  <enum_item value="2" text="Nei" answer_id="58519" />
</enumeration>

<enumeration enumeration_uid="10458">
  <enum_item value="1" text="Ja" answer_id="58526" />
  <enum_item value="2" text="Nei" answer_id="58527" />
</enumeration>

<enumeration enumeration_uid="10459">
  <enum_item value="1" text="Ja" answer_id="58534" />
  <enum_item value="2" text="Nei" answer_id="58535" />
</enumeration>

<enumeration enumeration_uid="10460">
  <enum_item value="1" text="Ja" answer_id="58538" />
  <enum_item value="2" text="Nei" answer_id="58539" />
  <enum_item value="3" text="Komat&#248;s" answer_id="58540" />
</enumeration>

<enumeration enumeration_uid="10461">
  <enum_item value="1" text="Ja" answer_id="58559" />
  <enum_item value="2" text="Nei" answer_id="58560" />
  <enum_item value="3" text="Ikke aktuelt" answer_id="58563" />
</enumeration>

<enumeration enumeration_uid="10462">
  <enum_item value="1" text="Ja" answer_id="58569" />
  <enum_item value="2" text="Nei" answer_id="58570" />
</enumeration>

<enumeration enumeration_uid="10464">
  <enum_item value="1" text="Ja" answer_id="58587" />
  <enum_item value="2" text="Nei" answer_id="58588" />
  <enum_item value="3" text="Ikke aktuelt" answer_id="58589" />
</enumeration>

<enumeration enumeration_uid="10468">
  <enum_item value="1" text="Ja" answer_id="58601" />
  <enum_item value="2" text="Nei" answer_id="58602" />
  <enum_item value="3" text="Ikke aktuelt" answer_id="58603" />
</enumeration>

<enumeration enumeration_uid="10469">
  <enum_item value="1" text="Ja" answer_id="58615" />
  <enum_item value="2" text="Nei" answer_id="58616" />
  <enum_item value="3" text="Ikke aktuelt" answer_id="58617" />
</enumeration>

<!-- Start: Form items, generated XML -->

<question item_id="10440" mid="LS1_IRREVERSIBEL" datatype="ORD" page_number="1" page_title="Kriterier for &#229; bruke tiltaksplanen" page_introduction="Bruk av denne planen forutsetter kommunikasjon med pasienten og de p&#229;r&#248;rende slik at deres &#248;nsker og behov er kartlagt og de er informert om at pasienten er d&#248;ende." header="Reversible tilstander" question_text="Alle mulige reversible &#229;rsaker til pasientens tilstand er vurdert." optional="0" enumeration_uid="10440" group_id="LS1_IRREVERSIBEL" />
<question item_id="10441" mid="LS1_TVERRFAGLIGHET" datatype="ORD" page_number="1" page_title="Kriterier for &#229; bruke tiltaksplanen" page_introduction="Bruk av denne planen forutsetter kommunikasjon med pasienten og de p&#229;r&#248;rende slik at deres &#248;nsker og behov er kartlagt og de er informert om at pasienten er d&#248;ende." header="Tverrfaglig enighet" question_text="Behandlingsteamet, minimum lege og sykepleier, er enige om at pasienten er d&#248;ende." optional="0" enumeration_uid="10441" group_id="LS1_TVERRFAGLIGHET" />
<question item_id="1020" mid="LS1_SENG" datatype="ORD" page_number="2" page_title="Tilleggskriterier" page_introduction="I tillegg vil minst to av f&#248;lgende punkter vanligvis v&#230;re oppfylt." question_text="Pasienten er sengeliggende." optional="0" enumeration_uid="1020" group_id="LS1_SENG" />
<question item_id="1021" mid="LS1_KONTAKT" datatype="ORD" page_number="2" page_title="Tilleggskriterier" page_introduction="I tillegg vil minst to av f&#248;lgende punkter vanligvis v&#230;re oppfylt." question_text="Pasienten er i lengre perioder ikke kontaktbar." optional="0" enumeration_uid="1021" group_id="LS1_KONTAKT" />
<question item_id="10442" mid="LS1_DRIKKE" datatype="ORD" page_number="2" page_title="Tilleggskriterier" page_introduction="I tillegg vil minst to av f&#248;lgende punkter vanligvis v&#230;re oppfylt." question_text="Pasienten klarer bare &#229; drikke sm&#229; slurker." optional="0" enumeration_uid="10442" group_id="LS1_DRIKKE" />
<question item_id="10443" mid="LS1_TABLETT" datatype="ORD" page_number="2" page_title="Tilleggskriterier" page_introduction="I tillegg vil minst to av f&#248;lgende punkter vanligvis v&#230;re oppfylt." question_text="Pasienten kan ikke lenger svelge tabletter." optional="0" enumeration_uid="10443" group_id="LS1_TABLETT" />
<question item_id="1022" mid="LS1_TILLEGG_OPPFYLT" datatype="ORD" page_number="2" page_title="Tilleggskriterier" page_introduction="I tillegg vil minst to av f&#248;lgende punkter vanligvis v&#230;re oppfylt." question_text="To eller flere kriterier oppfylt" optional="0" expression="2-ISPOS( ISNULL(LS1_SENG-1) + ISNULL(LS1_KONTAKT-1) + ISNULL(LS1_DRIKKE-1) + ISNULL(LS1_TABLETT-1) - 1 )" enumeration_uid="1022" group_id="LS1_TILLEGG_OPPFYLT" />
<question item_id="1004" mid="VAR1004" datatype="MSG" page_number="2" page_title="Tilleggskriterier" page_introduction="I tillegg vil minst to av f&#248;lgende punkter vanligvis v&#230;re oppfylt." header="Viktig" question_text="N&#229;r denne planen settes i gang, erstatter den annen dokumentasjon og blir eneste form for rapport som brukes.  Dokumentasjon av medikamentordinasjon og -utlevering f&#248;lger sykehjemmets vanlige regler.

" optional="1" />
<question item_id="10444" mid="VAR10444" datatype="MSG" page_number="2" page_title="Tilleggskriterier" page_introduction="I tillegg vil minst to av f&#248;lgende punkter vanligvis v&#230;re oppfylt." header="Revurdering" question_text="Bruk av planen skal vurderes fortl&#248;pende og alltid revurderes dersom:
* Pasientens tilstand bedres.
* Det uttrykkes tvil, bekymkring eller uenighet til bruken av planen.
* Planen er brukt i inntil tre d&#248;gn.

" optional="1" />
<question item_id="4085" mid="GBD_INNDATO" datatype="DATE" page_number="3" page_title="Beslutning" header="Ankom" question_text="N&#229;r kom pasienten kom inn p&#229; sykehjemmet?" optional="0" visible="-1" carry_forward="1" min_value="DOB" max_value="FORMDATE+7" help_text="Gjelder aktuelt opphold." group_id="GBD_INNDATO" />
<question item_id="1016" mid="LS1_HOVEDDIAGNOSE" datatype="NAR" page_number="3" page_title="Beslutning" header="Hoveddiagnose" question_text="Hva er hoved&#229;rsaken til at pasienten er d&#248;ende?" optional="0" multiline="0" group_id="LS1_HOVEDDIAGNOSE" />
<question item_id="1017" mid="LS1_BIDIAGNOSER" datatype="NAR" page_number="3" page_title="Beslutning" header="Bidiagnoser" question_text="Andre alvorlige tilstander" optional="0" multiline="1" group_id="LS1_BIDIAGNOSER" />
<question item_id="1006" mid="LS1_BESLUTNING_TATT" datatype="NAR" page_number="3" page_title="Beslutning" question_text="Beslutning om bruk tatt" optional="0" multiline="0" help_text="Dato og klokkeslett for n&#229;r bruken av planen ble bestemt." group_id="LS1_BESLUTNING_TATT" />
<question item_id="1018" mid="LS1_BESLUTNINGSTAKERE" datatype="NAR" page_number="3" page_title="Beslutning" header="Beslutningstakere" question_text="Hvem inng&#229;r i det tverrfaglige teamet som tar beslutningen?" optional="0" multiline="1" help_text="Minst &#233;n sykepleier og &#233;n lege." group_id="LS1_BESLUTNINGSTAKERE" />
<question item_id="10445" mid="LS1_SVELG" datatype="ORD" page_number="4" page_title="Inklusjonsvurdering - symptomer og funn" question_text="Er i stand til &#229; svelge" optional="0" enumeration_uid="10445" group_id="LS1_SVELG" />
<question item_id="1009" mid="LS1_KVALM" datatype="ORD" page_number="4" page_title="Inklusjonsvurdering - symptomer og funn" question_text="Kvalm" optional="0" enumeration_uid="1009" group_id="LS1_KVALM" />
<question item_id="10446" mid="LS1_BREKNINGER" datatype="ORD" page_number="4" page_title="Inklusjonsvurdering - symptomer og funn" question_text="Brekninger, oppkast" optional="0" enumeration_uid="10446" group_id="LS1_BREKNINGER" />
<question item_id="1010" mid="LS1_OBSTIPERT" datatype="ORD" page_number="4" page_title="Inklusjonsvurdering - symptomer og funn" question_text="Obstipert" optional="0" enumeration_uid="1010" group_id="LS1_OBSTIPERT" />
<question item_id="1023" mid="LS1_FORVIRRET" datatype="ORD" page_number="4" page_title="Inklusjonsvurdering - symptomer og funn" question_text="Forvirret" optional="0" enumeration_uid="1023" group_id="LS1_FORVIRRET" />
<question item_id="10447" mid="LS1_UROLIG" datatype="ORD" page_number="4" page_title="Inklusjonsvurdering - symptomer og funn" question_text="Urolig / agitert" optional="0" enumeration_uid="10447" group_id="LS1_UROLIG" />
<question item_id="10448" mid="LS1_RASTLOS" datatype="ORD" page_number="4" page_title="Inklusjonsvurdering - symptomer og funn" question_text="Rastl&#248;s" optional="0" enumeration_uid="10448" group_id="LS1_RASTLOS" />
<question item_id="1068" mid="LS1_ANSPENT" datatype="ORD" page_number="4" page_title="Inklusjonsvurdering - symptomer og funn" question_text="Anspent / engstelig" optional="0" enumeration_uid="1068" group_id="LS1_ANSPENT" />
<question item_id="1019" mid="LS1_VAAKEN" datatype="ORD" page_number="5" question_text="V&#229;ken" optional="0" enumeration_uid="1019" group_id="LS1_VAAKEN" />
<question item_id="1069" mid="LS1_BEVISST" datatype="ORD" page_number="5" question_text="Bevisst" optional="0" enumeration_uid="1069" group_id="LS1_BEVISST" />
<question item_id="10450" mid="LS1_VANNLATINGSPROBLEM" datatype="ORD" page_number="5" question_text="Vannlatingsbesv&#230;r, UVI" optional="0" enumeration_uid="10450" group_id="LS1_VANNLATINGSPROBLEM" />
<question item_id="1024" mid="LS1_KATETERISERT" datatype="ORD" page_number="5" question_text="Kateterisert" optional="0" enumeration_uid="1024" group_id="LS1_KATETERISERT" />
<question item_id="1025" mid="LS1_SURKLING" datatype="ORD" page_number="5" question_text="Surkling i luftveiene" optional="0" enumeration_uid="1025" group_id="LS1_SURKLING" />
<question item_id="1026" mid="LS1_DYSPNE" datatype="ORD" page_number="5" question_text="Dyspne" optional="0" enumeration_uid="1026" group_id="LS1_DYSPNE" />
<question item_id="1027" mid="LS1_SMERTE" datatype="ORD" page_number="5" question_text="Smerte" optional="0" enumeration_uid="1027" group_id="LS1_SMERTE" />
<question item_id="1011" mid="LS1_ANNET_SYMPTOM" datatype="ORD" page_number="5" question_text="Annet" optional="0" enumeration_uid="1011" help_text="For eksempel &#248;demer, kl&#248;e." group_id="LS1_ANNET_SYMPTOM" />
<question item_id="10472" mid="LS1_ANNET_TEKST" datatype="NAR" page_number="6" header="Beskrivelse" question_text="Beskriv kort andre symptomer og funn" optional="0" multiline="1" group_id="LS1_ANNET_TEKST" />
<question item_id="1028" mid="VAR1028" datatype="ORD" page_number="7" page_title="M&#229;l 1 - Medikamentvurdering" page_introduction="M&#229;l: Aktuell medikasjon er vurdert og ikke-essensielle medikamenter seponert." question_text="Aktuell medikasjon er vurdert og ikke-essensielle medikamenter seponert" optional="0" enumeration_uid="1028" help_text="Hensiktsmessig peroral medikasjon er endret til subkutan, og subkutan pumpe er satt i gang hvis hensiktsmessig. Uhensiktsmessig medikasjon er seponert." />
<question item_id="1013" mid="VAR1013" datatype="ORD" page_number="8" page_title="M&#229;l 2 - Behovsmedikasjon" page_introduction="M&#229;l: Behovsmedikasjon til subkutan administrasjon er ordinert for smerter, uro/agitasjon, surkling, kvalme/brekninger og dyspne etter avdelingens prosedyrer." question_text="Eventuell subkutan medikasjon for SMERTER er ordinert" optional="0" enumeration_uid="1013" />
<question item_id="1031" mid="VAR1031" datatype="ORD" page_number="8" page_title="M&#229;l 2 - Behovsmedikasjon" page_introduction="M&#229;l: Behovsmedikasjon til subkutan administrasjon er ordinert for smerter, uro/agitasjon, surkling, kvalme/brekninger og dyspne etter avdelingens prosedyrer." question_text="Eventuell subkutan medikasjon for URO / AGITASJON er ordinert" optional="0" enumeration_uid="1031" />
<question item_id="1014" mid="VAR1014" datatype="ORD" page_number="8" page_title="M&#229;l 2 - Behovsmedikasjon" page_introduction="M&#229;l: Behovsmedikasjon til subkutan administrasjon er ordinert for smerter, uro/agitasjon, surkling, kvalme/brekninger og dyspne etter avdelingens prosedyrer." question_text="Eventuell subkutan medikasjon for SURKLING I LUFTVEIENE er ordinert" optional="0" enumeration_uid="1014" />
<question item_id="1032" mid="VAR1032" datatype="ORD" page_number="8" page_title="M&#229;l 2 - Behovsmedikasjon" page_introduction="M&#229;l: Behovsmedikasjon til subkutan administrasjon er ordinert for smerter, uro/agitasjon, surkling, kvalme/brekninger og dyspne etter avdelingens prosedyrer." question_text="Eventuell subkutan medikasjon for KVALME OG  BREKNINGER er ordinert" optional="0" enumeration_uid="1032" />
<question item_id="1015" mid="VAR1015" datatype="ORD" page_number="8" page_title="M&#229;l 2 - Behovsmedikasjon" page_introduction="M&#229;l: Behovsmedikasjon til subkutan administrasjon er ordinert for smerter, uro/agitasjon, surkling, kvalme/brekninger og dyspne etter avdelingens prosedyrer." question_text="Eventuell subkutan medikasjon for DYSPNE er ordinert" optional="0" enumeration_uid="1015" />
<question item_id="1029" mid="LS1_SEP_BLODPROVER" datatype="ORD" page_number="9" page_title="M&#229;l 3 - Uhensiktsmessige tiltak er seponert" page_introduction="Beslutningene bygger p&#229; grundig vurdering av alle aktuelle tiltak" question_text="Blodpr&#248;ver seponert" optional="0" enumeration_uid="1029" group_id="LS1_SEP_BLODPROVER" />
<question item_id="1030" mid="LS1_SEP_ANTIBIOTIKA" datatype="ORD" page_number="9" page_title="M&#229;l 3 - Uhensiktsmessige tiltak er seponert" page_introduction="Beslutningene bygger p&#229; grundig vurdering av alle aktuelle tiltak" question_text="Antibiotika seponert" optional="0" enumeration_uid="1030" group_id="LS1_SEP_ANTIBIOTIKA" />
<question item_id="1033" mid="LS1_SEP_VAESKE" datatype="ORD" page_number="9" page_title="M&#229;l 3 - Uhensiktsmessige tiltak er seponert" page_introduction="Beslutningene bygger p&#229; grundig vurdering av alle aktuelle tiltak" question_text="V&#230;skebehandling seponert" optional="0" enumeration_uid="1033" group_id="LS1_SEP_VAESKE" />
<question item_id="1034" mid="LS1_SEP_ERNAERING" datatype="ORD" page_number="9" page_title="M&#229;l 3 - Uhensiktsmessige tiltak er seponert" page_introduction="Beslutningene bygger p&#229; grundig vurdering av alle aktuelle tiltak" question_text="Ern&#230;ringsbehandling seponert" optional="0" enumeration_uid="1034" group_id="LS1_SEP_ERNAERING" />
<question item_id="1035" mid="LCD1_SEP_HLR" datatype="ORD" page_number="9" page_title="M&#229;l 3 - Uhensiktsmessige tiltak er seponert" page_introduction="Beslutningene bygger p&#229; grundig vurdering av alle aktuelle tiltak" question_text="Journalf&#248;rt at hjerte- lungeredning ikke er aktuelt (HLR-)" optional="0" enumeration_uid="1035" help_text="(jfr. &quot;Beslutninger&quot; skjema)" group_id="LCD1_SEP_HLR" />
<question item_id="10469" mid="LS1_ICD_DEAKTIVERT" datatype="ORD" page_number="10" question_text="Deaktivering av implantert defibrillator (ICD)" optional="0" enumeration_uid="10469" help_text="Kontakt pasientens kardiolog.  Henvis til lokale retningslinjer og prosedyrer.  Gi evt. informasjonsbrosjyre til pasient/p&#229;r&#248;rende." group_id="LS1_ICD_DEAKTIVERT" />
<question item_id="10470" mid="LS1_ICD_LEGE" datatype="NAR" page_number="11" question_text="Legens navn" optional="0" multiline="0" group_id="LS1_ICD_LEGE" />
<question item_id="10471" mid="LS1_ICD_TIDSPUNKT" datatype="NAR" page_number="11" question_text="Dato og klokkeslett" optional="0" multiline="0" group_id="LS1_ICD_TIDSPUNKT" />
<question item_id="1036" mid="VAR1036" datatype="ORD" page_number="12" page_title="M&#229;l 3a - Det er tatt en avgj&#248;relse om &#229; avslutte uhensiktsmessig" question_text="Det er tatt avgj&#248;relse om &#229; avslutte ikke-hensiktsmessige pleietiltak" optional="0" enumeration_uid="1036" help_text="Skal en ha et regime for &#229; snu pasienten, eller bare ved behov, vurder anti-decubitus madrass, skal en fortsette &#229; ta BT, puls, temp, osv...?" />
<question item_id="10468" mid="VAR10468" datatype="ORD" page_number="13" page_title="M&#229;l 3b - Subkutan pumpe" question_text="Subkutan pumpe er satt i gang innen 4 timer etter at det er forordnet av legen" optional="0" enumeration_uid="10468" />
<question item_id="10466" mid="LS1_PUMPE_SYKEPLEIER" datatype="NAR" page_number="14" question_text="Sykepleierens navn" optional="0" multiline="0" group_id="LS1_PUMPE_SYKEPLEIER" />
<question item_id="10467" mid="LS1_PUMPE_TIDSPUNKT" datatype="NAR" page_number="14" question_text="Dato og klokkeslett" optional="0" multiline="0" group_id="LS1_PUMPE_TIDSPUNKT" />
<question item_id="1037" mid="LS1_KOMM_PASIENT" datatype="ORD" page_number="15" page_title="M&#229;l 4 - Evne til &#229; kommunisere p&#229; norsk er vurdert som adekvat" question_text="Evnen til &#229; kommunisere p&#229; norsk er vurdert som adekvat hos PASIENTEN" optional="0" enumeration_uid="1037" group_id="LS1_KOMM_PASIENT" />
<question item_id="1038" mid="LS1_KOMM_PARORENDE" datatype="ORD" page_number="15" page_title="M&#229;l 4 - Evne til &#229; kommunisere p&#229; norsk er vurdert som adekvat" question_text="Evnen til &#229; kommunisere p&#229; norsk er vurdert som adekvat hos P&#197;R&#216;RENDE" optional="0" enumeration_uid="1038" group_id="LS1_KOMM_PARORENDE" />
<question item_id="1039" mid="VAR1039" datatype="ORD" page_number="16" page_title="M&#229;l 5 - Innsikt i pasientens tilstand er vurdert" question_text="PASIENTEN er klar over diagnosen" optional="0" enumeration_uid="1039" />
<question item_id="1040" mid="VAR1040" datatype="ORD" page_number="16" page_title="M&#229;l 5 - Innsikt i pasientens tilstand er vurdert" question_text="P&#197;R&#216;RENDE er klar over pasientens diagnose" optional="0" enumeration_uid="1040" />
<question item_id="1041" mid="VAR1041" datatype="ORD" page_number="16" page_title="M&#229;l 5 - Innsikt i pasientens tilstand er vurdert" question_text="PASIENTEN er klar over at han / hun er d&#248;ende" optional="0" enumeration_uid="1041" />
<question item_id="1042" mid="VAR1042" datatype="ORD" page_number="16" page_title="M&#229;l 5 - Innsikt i pasientens tilstand er vurdert" question_text="P&#197;R&#216;RENDE er klar over at pasienten er d&#248;ende" optional="0" enumeration_uid="1042" />
<question item_id="1043" mid="VAR1043" datatype="ORD" page_number="16" page_title="M&#229;l 5 - Innsikt i pasientens tilstand er vurdert" question_text="Behov hos barn/ungdom som p&#229;r&#248;rende er vurdert" optional="0" enumeration_uid="1043" />
<question item_id="1002" mid="VAR1002" datatype="ORD" page_number="17" page_title="M&#229;l 6 - &#197;ndelige / eksistensielle behov vurdert" page_introduction="Pasienten eller de p&#229;r&#248;rende kan v&#230;re engstelig for seg selv eller andre.  Vurder spesielle behov i forhold til familiens kulturelle bakgrunn. Vurder st&#248;tte fra prest eller annen &#229;ndelig veileder." question_text="Religi&#248;se / &#229;ndelige behov er vurdert hos PASIENTEN" optional="0" enumeration_uid="1002" />
<question item_id="1008" mid="VAR1008" datatype="ORD" page_number="17" page_title="M&#229;l 6 - &#197;ndelige / eksistensielle behov vurdert" page_introduction="Pasienten eller de p&#229;r&#248;rende kan v&#230;re engstelig for seg selv eller andre.  Vurder spesielle behov i forhold til familiens kulturelle bakgrunn. Vurder st&#248;tte fra prest eller annen &#229;ndelig veileder." question_text="Religi&#248;se / &#229;ndelige behov er vurdert hos P&#197;R&#216;RENDE" optional="0" enumeration_uid="1008" />
<question item_id="1012" mid="LS1_LIVSSYN_KJENT" datatype="ORD" page_number="17" page_title="M&#229;l 6 - &#197;ndelige / eksistensielle behov vurdert" page_introduction="Pasienten eller de p&#229;r&#248;rende kan v&#230;re engstelig for seg selv eller andre.  Vurder spesielle behov i forhold til familiens kulturelle bakgrunn. Vurder st&#248;tte fra prest eller annen &#229;ndelig veileder." question_text="Pasientens trosretning eller livssyn er kjent" optional="0" carry_forward="1" exclude_from_text="1" enumeration_uid="1012" group_id="LS1_LIVSSYN_KJENT" />
<question item_id="1044" mid="LS1_LIVSSYN" datatype="NAR" page_number="18" question_text="Pasientens trosretning eller livssyn:" optional="0" carry_forward="1" exclude_caption="1" multiline="0" group_id="LS1_LIVSSYN" />
<question item_id="10464" mid="LS1_PREST_TILBUD" datatype="ORD" page_number="19" question_text="Gitt tilbud om kontakt med prest / annen kontaktperson" optional="0" enumeration_uid="10464" group_id="LS1_PREST_TILBUD" />
<question item_id="1046" mid="LS1_PREST_NAVN" datatype="NAR" page_number="20" header="Navn" question_text="Navn p&#229; prest / kontaktperson" optional="0" multiline="0" group_id="LS1_PREST_NAVN" />
<question item_id="1047" mid="LS1_PREST_TELEFON" datatype="NAR" page_number="20" header="Telefon" question_text="Telefon-nummer til prest / kontaktperson" optional="0" multiline="0" group_id="LS1_PREST_TELEFON" />
<question item_id="1045" mid="LS1_PREST_TILBUD_DATO" datatype="DATE" page_number="20" header="Tilbudet gitt" question_text="Dato n&#229;r tilbudet ble gitt" optional="0" group_id="LS1_PREST_TILBUD_DATO" />
<question item_id="1048" mid="LS1_LIVSSYN_BEHOV" datatype="NAR" page_number="21" question_text="Eventuelle kommentarer til religi&#248;se / &#229;ndelige behov" optional="0" multiline="1" help_text="Spesielle behov n&#229;, i forbindelse med d&#248;dsfallet, etter d&#248;dsfallet" group_id="LS1_LIVSSYN_BEHOV" />
<question item_id="10462" mid="LS1_VARSLING_AVTALT" datatype="ORD" page_number="22" page_title="M&#229;l 7 - Kommunikasjon med de p&#229;r&#248;rende" question_text="Det er avtalt hvordan p&#229;r&#248;rende skal informeres ved forandring i pasientens tilstand" optional="0" enumeration_uid="10462" group_id="LS1_VARSLING_AVTALT" />
<question item_id="1049" mid="LS1_VARSLING_PLAN" datatype="ORD" page_number="23" question_text="Hvordan &#248;nsker p&#229;r&#248;rende &#229; bli informert ved forandring av pasientens tilstand?" optional="0" enumeration_uid="1049" group_id="LS1_VARSLING_PLAN" />
<question item_id="122" mid="NEXTOFKIN_TYPE" datatype="ORD" page_number="24" header="N&#230;rmeste p&#229;r&#248;rende" question_text="Hva er pasientens relasjon til n&#230;rmeste p&#229;r&#248;rende?" optional="0" carry_forward="1" enumeration_uid="122" group_id="NEXTOFKIN_TYPE" />
<question item_id="3426" mid="NEXTOFKIN_NAME" datatype="NAR" page_number="24" header="Navn*" question_text="N&#230;rmeste p&#229;r&#248;rende" optional="0" carry_forward="1" exclude_caption="1" multiline="0" group_id="NEXTOFKIN_NAME" />
<question item_id="3425" mid="NEXTOFKIN_PHONE" datatype="NAR" page_number="24" header="Telefon" question_text="Telefonnumre for n&#230;rmeste p&#229;r&#248;rende" optional="0" carry_forward="1" multiline="0" help_text="Skriv gjerne flere telefonnumre, skilt med komma." group_id="NEXTOFKIN_PHONE" />
<question item_id="1410" mid="OTHEROFKIN_DETAILS" datatype="NAR" page_number="24" header="Andre p&#229;r&#248;rende" question_text="Opplysninger om  andre p&#229;r&#248;rende" optional="0" carry_forward="1" multiline="1" help_text="Fornavn, etternavn, telefonnummer.  Gi s&#229; utfyllende opplysninger som mulig, gjerne om flere p&#229;r&#248;rende.  Skal brukes i kritiske situasjoner, skriv n&#230;rmeste p&#229;r&#248;rende f&#248;rst." group_id="OTHEROFKIN_DETAILS" />
<question item_id="10457" mid="VAR10457" datatype="ORD" page_number="25" page_title="M&#229;l 8 - P&#229;r&#248;rende er gitt informasjon om sykehjemmet" question_text="P&#229;r&#248;rende er gitt informasjon om sykehjemmet" optional="0" enumeration_uid="10457" help_text="Skriftlig informasjon om parkering, telefon, mat og drikke, overnatting og annen praktisk informasjon." />
<question item_id="1050" mid="VAR1050" datatype="ORD" page_number="26" page_title="M&#229;l 9 - Kommunikasjon med prim&#230;rhelsetjenesten" question_text="Pasientens fastlege er klar over pasientens tilstand" optional="0" enumeration_uid="1050" />
<question item_id="10461" mid="VAR10461" datatype="ORD" page_number="26" page_title="M&#229;l 9 - Kommunikasjon med prim&#230;rhelsetjenesten" question_text="Hjemmesykepleien er informert dersom de er tjenesteyter" optional="0" enumeration_uid="10461" help_text="M&#229;let er kun aktuelt dersom korttidsopphold" />
<question item_id="10460" mid="VAR10460" datatype="ORD" page_number="27" page_title="M&#229;l 10 - Plan for videre behandling og pleie er kommunisert" header="Pasienten" question_text="Planen er forklart for og dr&#248;ftet med pasienten" optional="0" enumeration_uid="10460" />
<question item_id="10459" mid="VAR10459" datatype="ORD" page_number="27" page_title="M&#229;l 10 - Plan for videre behandling og pleie er kommunisert" header="P&#229;r&#248;rende" question_text="Planen er forklart for og dr&#248;ftet med p&#229;r&#248;rende" optional="0" enumeration_uid="10459" />
<question item_id="10458" mid="VAR10458" datatype="ORD" page_number="28" page_title="M&#229;l 11 - P&#229;r&#248;rende forst&#229;r planen" page_introduction="Selve plandokumentet kan dr&#248;ftes hvis dette vurderes som hensiktsmessig.
Skriftlig informasjon kan v&#230;re aktuelt, evt. tilpasset alder og spr&#229;k." question_text="De p&#229;r&#248;rende gir uttrykk for at de forst&#229;r hva som er planen videre" optional="0" enumeration_uid="10458" help_text="P&#229;r&#248;rende er klar over at videre behandling og pleie har fokus p&#229; at pasienten er d&#248;ende. P&#229;r&#248;rende har fortalt om sine &#248;nsker og bekymringer og disse er dokumentert." />
<question item_id="1051" mid="VAR1051" datatype="MSG" page_number="29" page_title="Utdyping" header="Utdyping" question_text="Hvis du har svart &quot;Nei&quot; p&#229; noen av delm&#229;lene b&#248;r du utdype svaret i kommentarfeltet." optional="1" />

<!-- Start: Form actions, generated XML -->

<question_action master_question_mid="LS1_TVERRFAGLIGHET" detail_question_mid="LS1_SENG" enum_item_value="1" activate="1" />
<question_action master_question_mid="LS1_TVERRFAGLIGHET" detail_question_mid="LS1_KONTAKT" enum_item_value="1" activate="1" />
<question_action master_question_mid="LS1_TVERRFAGLIGHET" detail_question_mid="LS1_DRIKKE" enum_item_value="1" activate="1" />
<question_action master_question_mid="LS1_TVERRFAGLIGHET" detail_question_mid="LS1_TABLETT" enum_item_value="1" activate="1" />
<question_action master_question_mid="LS1_TVERRFAGLIGHET" detail_question_mid="LS1_TILLEGG_OPPFYLT" enum_item_value="1" activate="1" />
<question_action master_question_mid="LS1_TVERRFAGLIGHET" detail_question_mid="VAR1004" enum_item_value="1" activate="1" />
<question_action master_question_mid="LS1_TVERRFAGLIGHET" detail_question_mid="VAR10444" enum_item_value="1" activate="1" />
<question_action master_question_mid="LS1_ANNET_SYMPTOM" detail_question_mid="LS1_ANNET_TEKST" enum_item_value="1" activate="1" />
<question_action master_question_mid="VAR1028" detail_question_mid="VAR1013" enum_item_value="1" activate="1" />
<question_action master_question_mid="VAR1028" detail_question_mid="VAR1031" enum_item_value="1" activate="1" />
<question_action master_question_mid="VAR1028" detail_question_mid="VAR1014" enum_item_value="1" activate="1" />
<question_action master_question_mid="VAR1028" detail_question_mid="VAR1032" enum_item_value="1" activate="1" />
<question_action master_question_mid="VAR1028" detail_question_mid="VAR1015" enum_item_value="1" activate="1" />
<question_action master_question_mid="LS1_ICD_DEAKTIVERT" detail_question_mid="LS1_ICD_LEGE" enum_item_value="1" activate="1" />
<question_action master_question_mid="LS1_ICD_DEAKTIVERT" detail_question_mid="LS1_ICD_TIDSPUNKT" enum_item_value="1" activate="1" />
<question_action master_question_mid="VAR10468" detail_question_mid="LS1_PUMPE_SYKEPLEIER" enum_item_value="1" activate="1" />
<question_action master_question_mid="VAR10468" detail_question_mid="LS1_PUMPE_SYKEPLEIER" enum_item_value="2" activate="1" />
<question_action master_question_mid="VAR10468" detail_question_mid="LS1_PUMPE_TIDSPUNKT" enum_item_value="1" activate="1" />
<question_action master_question_mid="VAR10468" detail_question_mid="LS1_PUMPE_TIDSPUNKT" enum_item_value="2" activate="1" />
<question_action master_question_mid="LS1_LIVSSYN_KJENT" detail_question_mid="LS1_LIVSSYN" enum_item_value="1" activate="1" />
<question_action master_question_mid="LS1_PREST_TILBUD" detail_question_mid="LS1_PREST_NAVN" enum_item_value="1" activate="1" />
<question_action master_question_mid="LS1_PREST_TILBUD" detail_question_mid="LS1_PREST_TELEFON" enum_item_value="1" activate="1" />
<question_action master_question_mid="LS1_PREST_TILBUD" detail_question_mid="LS1_PREST_TILBUD_DATO" enum_item_value="1" activate="1" />
<question_action master_question_mid="LS1_VARSLING_AVTALT" detail_question_mid="LS1_VARSLING_PLAN" enum_item_value="1" activate="1" />
</form>
