<?xml version="1.0" encoding="ISO-8859-1"?>
<form form_id="411" form_uid="GbdErnaeringTiltak" title="Ern&#230;ringstiltak" calculate_invalid="False" rating_scale="False" status="Open" repeatable="1" >
<instructions></instructions>

<!-- Start: Form enums, generated XML -->

<enumeration enumeration_uid="4357">
  <enum_item value="1" text="Ja | Moset." short_code="J" answer_id="23347" />
  <enum_item value="2" text="Nei*" short_code="N" answer_id="23348" />
  <enum_item value="3" text="Kun flytende kost." answer_id="23349" />
</enumeration>

<enumeration enumeration_uid="4850">
  <enum_item value="1" text="vedlikeholde ern&#230;ringstilstanden." answer_id="27261" />
  <enum_item value="2" text="forbedre ern&#230;ringstilstanden." answer_id="27262" />
</enumeration>

<enumeration enumeration_uid="4896">
  <enum_item value="1" text="Ja" answer_id="27368" />
  <enum_item value="2" text="Nei" short_code="N" answer_id="27369" />
</enumeration>

<enumeration enumeration_uid="5207">
  <enum_item value="1" text="Ja" answer_id="28572" />
  <enum_item value="2" text="Nei" short_code="N" answer_id="28573" />
</enumeration>

<enumeration enumeration_uid="5460">
  <enum_item value="1" text="Ja | Beriket kost." short_code="J" answer_id="29543" />
  <enum_item value="2" text="Nei*" short_code="N" answer_id="29544" />
</enumeration>

<enumeration enumeration_uid="5462">
  <enum_item value="1" text="Ja*" short_code="J" answer_id="29547" />
  <enum_item value="2" text="Nei*" short_code="N" answer_id="29548" />
</enumeration>

<enumeration enumeration_uid="5464">
  <enum_item value="1" text="Ja | Skal ha fortykket drikke." short_code="J" answer_id="29555" />
  <enum_item value="2" text="Nei*" short_code="N" answer_id="29556" />
</enumeration>

<enumeration enumeration_uid="5466">
  <enum_item value="1" text="Ja | Sonde-ern&#230;ring." short_code="J" answer_id="29559" />
  <enum_item value="2" text="Nei*" short_code="N" answer_id="29560" />
</enumeration>

<enumeration enumeration_uid="5468">
  <enum_item value="1" text="Ja | Parenteral ern&#230;ring." short_code="J" answer_id="29563" />
  <enum_item value="2" text="Nei*" short_code="N" answer_id="29564" />
</enumeration>

<!-- Start: Form items, generated XML -->

<question item_id="5207" mid="KOST_StartTiltak" datatype="ORD" page_number="1" page_title="Ern&#230;ringstiltak" header="Iverksettes tiltak" question_text="Skal det iverksettes spesifikke ern&#230;ringstiltak?" optional="0" carry_forward="1" enumeration_uid="5207" group_id="KOST_StartTiltak" />
<question item_id="5206" mid="KOST_TiltakGrunn" datatype="NAR" page_number="1" page_title="Ern&#230;ringstiltak" header="Begrunnelse" question_text="Begrunnelse for at ern&#230;ringstiltak igangsettes evt. ikke igangsettes." optional="0" multiline="1" group_id="KOST_TiltakGrunn" />
<question item_id="4850" mid="KOST_TiltakHensikt" datatype="ORD" page_number="2" header="M&#229;let er &#229;" question_text="Hva er m&#229;let med tiltakene?" optional="1" enumeration_uid="4850" help_text="Spesifiser om m&#229;let med tiltakene er &#229; vedlikeholde, eller &#229; forbedre ern&#230;ringssituasjonen." group_id="KOST_TiltakHensikt" />
<question item_id="5472" mid="MAT_Egenvurdering" datatype="NAR" page_number="3" page_title="Beboers egen vurdering av tiltak" header="Egenvurdering" question_text="Beboers egen vurdering (ev. p&#229;r&#248;rendes inntrykk) av hva som skal til for &#229; bedre/opprettholde ern&#230;ringstilstanden." optional="1" multiline="1" help_text="F.eks. Bedre matlyst? Endret m&#229;ltidssituasjon?" group_id="MAT_Egenvurdering" />
<question item_id="5459" mid="MAT_Hensyn" datatype="NAR" page_number="4" page_title="Ern&#230;ringstiltak" question_text="Milj&#248;- og m&#229;ltids- hensyn" optional="1" carry_forward="1" multiline="1" help_text="Eventuelle tilpasninger i spisesituasjonen, f.eks assistanse, medspising (helsepersonell/p&#229;r&#248;rende), har skjermingsbehov, liker sm&#229; porsjoner, eller &#229; spise sent p&#229; rommet." group_id="MAT_Hensyn" />
<question item_id="5460" mid="KOST_Beriket" datatype="ORD" page_number="4" page_title="Ern&#230;ringstiltak" header="Beriket kost" question_text="Beriket kost, ern&#230;ringsdrikker eller mellom-m&#229;ltider" optional="1" carry_forward="1" enumeration_uid="5460" help_text="Pasienten f&#229;r tillegg av fl&#248;te e.l. i vanlig mat, eller tilbys jevnlig n&#230;ringsdrikk eller andre mellom-m&#229;ltid" group_id="KOST_Beriket" />
<question item_id="5461" mid="KOST_BeriketTekst" datatype="NAR" page_number="5" header="Beskrivelse" question_text="Beskrivelse av type og mengde ovenfornevnte kalori-tilskudd som tilbys eller tillages daglig" optional="1" carry_forward="1" multiline="1" group_id="KOST_BeriketTekst" />
<question item_id="5462" mid="MDS_K4c" datatype="ORD" page_number="6" header="Konsistenstilpasning" question_text="Trenger konsistens-tilpasset mat" optional="1" carry_forward="1" exclude_from_text="1" enumeration_uid="5462" help_text="Moset eller flytende mat, fortykket drikke." group_id="MDS_K4c" />
<question item_id="4357" mid="KOST_Moset" datatype="ORD" page_number="7" question_text="Moset mat" optional="1" carry_forward="1" enumeration_uid="4357" group_id="KOST_Moset" />
<question item_id="5464" mid="KOST_FortykketDrikke" datatype="ORD" page_number="8" question_text="Fortykningsmiddel i drikke" optional="1" carry_forward="1" enumeration_uid="5464" group_id="KOST_FortykketDrikke" />
<question item_id="5466" mid="MDS_K4b" datatype="ORD" page_number="9" question_text="Sonde-ern&#230;ring" optional="1" carry_forward="1" enumeration_uid="5466" help_text="Ern&#230;ring via enteral sonde, for eksempel nasogastrisk eller PEG." group_id="MDS_K4b" />
<question item_id="5467" mid="MAT_SondeTekst" datatype="NAR" page_number="10" header="Type og mengde" question_text="Type og mengde sonde-ern&#230;ring" optional="1" carry_forward="1" multiline="1" group_id="MAT_SondeTekst" />
<question item_id="5468" mid="MDS_K4a" datatype="ORD" page_number="11" question_text="Intraven&#248;s ern&#230;ring" optional="1" carry_forward="1" enumeration_uid="5468" help_text="Parenteral ern&#230;ring i perifer eller sentral vene." group_id="MDS_K4a" />
<question item_id="5469" mid="MAT_ParenteralTekst" datatype="NAR" page_number="12" header="Type og mengde" question_text="Type og mengde intraven&#248;s ern&#230;ring" optional="1" carry_forward="1" multiline="1" group_id="MAT_ParenteralTekst" />
<question item_id="4896" mid="KOST_Registrering" datatype="ORD" page_number="13" page_title="Kostregistrering" header="Kostregistrering" question_text="Skal det gjennomf&#248;res kostregistrering?" optional="1" enumeration_uid="4896" help_text="Fullstendig registrering av kalori- og v&#230;ske-inntak p&#229; eget skjema, i en avgrenset periode. Standard registreringsperiode er TO dager. Registreringen skal ha et klart m&#229;l, og f&#248;rer automatisk til revurdering av tiltak etter endt registrering." group_id="KOST_Registrering" />
<question item_id="4897" mid="KOST_NyEvalDato" datatype="DATE" page_number="14" page_title="Revurderingsdato" question_text="Ny evaluering innen..." optional="0" help_text="Oppgi dato for neste evaluering av ern&#230;ringstiltak" group_id="KOST_NyEvalDato" />
<question item_id="5478" mid="WEIGHT_DueDate" datatype="DATE" page_number="14" page_title="Revurderingsdato" question_text="Dato for neste vekt-kontroll" optional="1" group_id="WEIGHT_DueDate" />

<!-- Start: Form actions, generated XML -->

<question_action master_question_mid="KOST_StartTiltak" detail_question_mid="KOST_TiltakHensikt" enum_item_value="1" activate="1" />
<question_action master_question_mid="KOST_StartTiltak" detail_question_mid="MAT_Hensyn" enum_item_value="1" activate="1" />
<question_action master_question_mid="KOST_StartTiltak" detail_question_mid="KOST_Beriket" enum_item_value="1" activate="1" />
<question_action master_question_mid="KOST_Beriket" detail_question_mid="KOST_BeriketTekst" enum_item_value="1" activate="1" />
<question_action master_question_mid="KOST_StartTiltak" detail_question_mid="MDS_K4c" enum_item_value="1" activate="1" />
<question_action master_question_mid="MDS_K4c" detail_question_mid="KOST_Moset" enum_item_value="1" activate="1" />
<question_action master_question_mid="KOST_StartTiltak" detail_question_mid="KOST_FortykketDrikke" enum_item_value="1" activate="1" />
<question_action master_question_mid="KOST_StartTiltak" detail_question_mid="MDS_K4b" enum_item_value="1" activate="1" />
<question_action master_question_mid="MDS_K4b" detail_question_mid="MAT_SondeTekst" enum_item_value="1" activate="1" />
<question_action master_question_mid="KOST_StartTiltak" detail_question_mid="MDS_K4a" enum_item_value="1" activate="1" />
<question_action master_question_mid="MDS_K4a" detail_question_mid="MAT_ParenteralTekst" enum_item_value="1" activate="1" />
</form>
