<?xml version="1.0" encoding="ISO-8859-1"?>
<form form_id="408" form_uid="GbdSaar" title="S&#229;rprosedyre" calculate_invalid="False" rating_scale="False" status="Open" repeatable="1" >
<instructions></instructions>

<!-- Start: Form enums, generated XML -->

<enumeration enumeration_uid="4837">
  <enum_item value="1" text="Trykks&#229;r" answer_id="27178" />
  <enum_item value="2" text="Ven&#248;st leggs&#229;r" answer_id="27179" />
  <enum_item value="3" text="Arterielt leggs&#229;r" answer_id="27374" />
  <enum_item value="4" text="Diabetisk s&#229;r" answer_id="27375" />
</enumeration>

<enumeration enumeration_uid="4838">
  <enum_item value="1" text="Ja" answer_id="27194" />
  <enum_item value="2" text="Nei" short_code="N" answer_id="27195" />
</enumeration>

<enumeration enumeration_uid="4840">
  <enum_item value="1" text="Stadium I (Avgrenset r&#248;dt hudomr&#229;de p&#229; intakt hud: varseltegnet p&#229; s&#229;rdannelse:  R&#248;dme vedvarer utover 30-45 minutter etter  trykkavlastning.)" answer_id="27202" />
  <enum_item value="2" text="Stadium II (Delvis tap av hudlaget som omfatter overhud (epidermis) og deler av  l&#230;rhud (dermis). Trykks&#229;ret er overfladisk og  ser klinisk ut som avskrapning, blemme eller overfladisk fordypning (kavitet).)" answer_id="27203" />
  <enum_item value="3" text="Stadium III (Tap av hele hudlaget med irreversibel skade av underhud (subkutant  vev), og hvor skaden strekker seg ned til det  underliggende sene/muskellaget. Trykks&#229;ret  er en s&#229;rdannelse som klinisk ser ut som et  dypt hulrom.)" answer_id="27204" />
  <enum_item value="4" text="Stadium IV (Tap av hele hudlaget med  omfattende skade og eller nekrose av muskel,  bensubstans, sener og leddkapsel. NB!  Dannelse av s&#229;rlommer kan ogs&#229; v&#230;re tilstede ved stadium IV)" answer_id="27205" />
</enumeration>

<enumeration enumeration_uid="4899">
  <enum_item value="1" text="Ja" answer_id="27384" />
  <enum_item value="2" text="Nei" short_code="N" answer_id="27385" />
</enumeration>

<enumeration enumeration_uid="4900">
  <enum_item value="1" text="Ja" answer_id="27388" />
  <enum_item value="2" text="Nei" short_code="N" answer_id="27389" />
</enumeration>

<enumeration enumeration_uid="4901">
  <enum_item value="1" text="Trykks&#229;r" answer_id="27390" />
  <enum_item value="2" text="Ven&#248;st leggs&#229;r" answer_id="27391" />
  <enum_item value="3" text="Arterielt leggs&#229;r" answer_id="27392" />
  <enum_item value="4" text="Diabetisk s&#229;r" answer_id="27393" />
</enumeration>

<enumeration enumeration_uid="4902">
  <enum_item value="1" text="Stadium I (Avgrenset r&#248;dt hudomr&#229;de p&#229;  intakt hud: varseltegnet p&#229; s&#229;rdannelse:  R&#248;dme vedvarer utover 30-45 minutter etter trykkavlastning.)" answer_id="27394" />
  <enum_item value="2" text="Stadium II (Delvis tap av hudlaget som omfatter overhud (epidermis) og deler av  l&#230;rhud (dermis). Trykks&#229;ret er overfladisk og  ser klinisk ut som avskrapning, blemme eller overfladisk fordypning (kavitet).)" answer_id="27395" />
  <enum_item value="3" text="Stadium III (Tap av hele hudlaget med irreversibel skade av underhud (subkutant  vev), og hvor skaden strekker seg ned til det  underliggende sene/muskellaget. Trykks&#229;ret  er en s&#229;rdannelse som klinisk ser ut som et dypt hulrom.)" answer_id="27396" />
  <enum_item value="4" text="Stadium IV (Tap av hele hudlaget med  omfattende skade og eller nekrose av muskel,  bensubstans, sener og leddkapsel. NB!  Dannelse av s&#229;rlommer kan ogs&#229; v&#230;re tilstede ved stadium IV)" answer_id="27397" />
</enumeration>

<enumeration enumeration_uid="4904">
  <enum_item value="1" text="Ja" answer_id="27398" />
  <enum_item value="2" text="Nei" short_code="N" answer_id="27399" />
</enumeration>

<enumeration enumeration_uid="4905">
  <enum_item value="1" text="Ja" answer_id="27400" />
  <enum_item value="2" text="Nei" short_code="N" answer_id="27401" />
</enumeration>

<enumeration enumeration_uid="5310">
  <enum_item value="1" text="Ja" answer_id="28873" />
  <enum_item value="2" text="Nei" short_code="N" answer_id="28874" />
  <enum_item value="3" text="Ja, men forsiktig OBS" answer_id="28877" />
</enumeration>

<enumeration enumeration_uid="5361">
  <enum_item value="1" text="Ja" answer_id="29436" />
  <enum_item value="2" text="Nei" short_code="N" answer_id="29437" />
</enumeration>

<enumeration enumeration_uid="5833">
  <enum_item value="1" text="Ja" answer_id="31110" />
  <enum_item value="2" text="Nei" short_code="N" answer_id="31111" />
</enumeration>

<!-- Start: Form items, generated XML -->

<question item_id="4838" mid="ulcer_any" datatype="ORD" page_number="1" page_title="S&#229;rskjema" page_introduction="Beskrivelse og prosedyre for pasientens s&#229;r" question_text="Har pasienten s&#229;r ved dagens unders&#248;kelse?" optional="1" enumeration_uid="4838" group_id="ulcer_any" />
<question item_id="4901" mid="VAR4901" datatype="ORD" page_number="2" page_title="S&#229;r 1 (viktigste/st&#248;rste) s&#229;r" question_text="Type s&#229;r" optional="1" carry_forward="1" enumeration_uid="4901" />
<question item_id="4904" mid="VAR4904" datatype="ORD" page_number="2" page_title="S&#229;r 1 (viktigste/st&#248;rste) s&#229;r" question_text="Er s&#229;ret infisert?" optional="1" enumeration_uid="4904" help_text="Sekresjon, r&#248;dhet omkring, &#248;mhet..." />
<question item_id="4905" mid="VAR4905" datatype="ORD" page_number="2" page_title="S&#229;r 1 (viktigste/st&#248;rste) s&#229;r" question_text="Er s&#229;ret nekrotisk?" optional="1" enumeration_uid="4905" />
<question item_id="4906" mid="VAR4906" datatype="NAR" page_number="2" page_title="S&#229;r 1 (viktigste/st&#248;rste) s&#229;r" question_text="Ytterligere beskrivelse, f.eks lokalisering, utbredelse" optional="1" carry_forward="1" multiline="1" />
<question item_id="4902" mid="VAR4902" datatype="ORD" page_number="2" page_title="S&#229;r 1 (viktigste/st&#248;rste) s&#229;r" question_text="Trykks&#229;r stadium" optional="1" enumeration_uid="4902" help_text="Alvorlighetsgrad/dybde" />
<question item_id="4903" mid="VAR4903" datatype="NAR" page_number="2" page_title="S&#229;r 1 (viktigste/st&#248;rste) s&#229;r" question_text="S&#229;rprosedyre" optional="1" carry_forward="1" multiline="1" help_text="Beskriv s&#229;rbehandlingen" />
<question item_id="5361" mid="ulcer" datatype="ORD" page_number="2" page_title="S&#229;r 1 (viktigste/st&#248;rste) s&#229;r" header="Ytterligere s&#229;r?" question_text="Har pasienten ytterligere s&#229;r?" optional="1" enumeration_uid="5361" group_id="ulcer" />
<question item_id="4837" mid="ulcer_type" datatype="ORD" page_number="3" page_title="S&#229;r 2 (NEST viktigste/st&#248;rste) s&#229;r" question_text="Type s&#229;r" optional="1" carry_forward="1" enumeration_uid="4837" group_id="ulcer_type" />
<question item_id="4899" mid="VAR4899" datatype="ORD" page_number="3" page_title="S&#229;r 2 (NEST viktigste/st&#248;rste) s&#229;r" question_text="Er s&#229;ret infisert?" optional="1" enumeration_uid="4899" />
<question item_id="4900" mid="VAR4900" datatype="ORD" page_number="3" page_title="S&#229;r 2 (NEST viktigste/st&#248;rste) s&#229;r" question_text="Er s&#229;ret nekrotisk?" optional="1" enumeration_uid="4900" />
<question item_id="4907" mid="VAR4907" datatype="NAR" page_number="3" page_title="S&#229;r 2 (NEST viktigste/st&#248;rste) s&#229;r" question_text="Ytterligere beskrivelse, f.eks. lokalisering, utbredelse" optional="1" carry_forward="1" multiline="1" />
<question item_id="4840" mid="pressulcer_stad" datatype="ORD" page_number="3" page_title="S&#229;r 2 (NEST viktigste/st&#248;rste) s&#229;r" question_text="Trykks&#229;r stadium" optional="1" enumeration_uid="4840" help_text="Alvorlighetsgrad/dybde" group_id="pressulcer_stad" />
<question item_id="4843" mid="VAR4843" datatype="NAR" page_number="3" page_title="S&#229;r 2 (NEST viktigste/st&#248;rste) s&#229;r" question_text="S&#229;rprosedyre" optional="1" carry_forward="1" multiline="1" help_text="Beskriv s&#229;rbehandlingen" />
<question item_id="5833" mid="VAR5833" datatype="ORD" page_number="3" page_title="S&#229;r 2 (NEST viktigste/st&#248;rste) s&#229;r" header="Ytterligere s&#229;r?" question_text="Har pasienten ytterligere s&#229;r?" optional="1" enumeration_uid="5833" />
<question item_id="4908" mid="VAR4908" datatype="NAR" page_number="4" page_title="Ytterligere s&#229;r" question_text="Beskrivelse av eventuelle mindre prioriterte s&#229;r" optional="1" carry_forward="1" multiline="1" />
<question item_id="1816" mid="REFBP" datatype="QN" page_number="5" page_title="Videre unders&#248;kelse ved mistanke om arterielt s&#229;r" question_text="Referanseblodtrykk for indekser (mmHg)" optional="1" min_value="50" max_value="300" units="mmHg" help_text="Systolisk blodtrykk m&#229;lt p&#229; armen like f&#248;r ankeltrykksm&#229;ling" group_id="REFBP" />
<question item_id="1817" mid="ANKLEPRESSLEFT" datatype="QN" page_number="5" page_title="Videre unders&#248;kelse ved mistanke om arterielt s&#229;r" question_text="Ankeltrykk venstre (mmHg)" optional="1" min_value="0" max_value="300" units="mmHg" group_id="ANKLEPRESSLEFT" />
<question item_id="1818" mid="ANKLEPRESSRIGHT" datatype="QN" page_number="5" page_title="Videre unders&#248;kelse ved mistanke om arterielt s&#229;r" question_text="Ankeltrykk h&#248;yre (mmHg)" optional="1" min_value="0" max_value="300" units="mmHg" group_id="ANKLEPRESSRIGHT" />
<question item_id="1819" mid="ABILEFT" datatype="QN" page_number="5" page_title="Videre unders&#248;kelse ved mistanke om arterielt s&#229;r" question_text="Ankel-brachial indeks - venstre" optional="1" decimals="2" expression="ANKLEPRESSLEFT/REFBP" group_id="ABILEFT" />
<question item_id="1820" mid="ABIRIGHT" datatype="QN" page_number="5" page_title="Videre unders&#248;kelse ved mistanke om arterielt s&#229;r" question_text="Ankel-brachial indeks - h&#248;yre" optional="1" decimals="2" expression="ANKLEPRESSRIGHT/REFBP" group_id="ABIRIGHT" />
<question item_id="5310" mid="VAR5310" datatype="ORD" page_number="5" page_title="Videre unders&#248;kelse ved mistanke om arterielt s&#229;r" question_text="Kompresjon" optional="1" enumeration_uid="5310" />
<question item_id="5834" mid="ULCER_EVAL_DATE" datatype="DATE" page_number="6" page_title="Planlagt ny vurdering" question_text="Ny vurdering" optional="1" group_id="ULCER_EVAL_DATE" />

<!-- Start: Form actions, generated XML -->

<question_action master_question_mid="ulcer_any" detail_question_mid="VAR4901" enum_item_value="1" activate="1" />
<question_action master_question_mid="ulcer_any" detail_question_mid="VAR4904" enum_item_value="1" activate="1" />
<question_action master_question_mid="ulcer_any" detail_question_mid="VAR4905" enum_item_value="1" activate="1" />
<question_action master_question_mid="ulcer_any" detail_question_mid="VAR4906" enum_item_value="1" activate="1" />
<question_action master_question_mid="ulcer_any" detail_question_mid="VAR4902" enum_item_value="1" activate="1" />
<question_action master_question_mid="ulcer_any" detail_question_mid="VAR4903" enum_item_value="1" activate="1" />
<question_action master_question_mid="ulcer_any" detail_question_mid="ulcer" enum_item_value="1" activate="1" />
<question_action master_question_mid="ulcer" detail_question_mid="ulcer_type" enum_item_value="1" activate="1" />
<question_action master_question_mid="ulcer" detail_question_mid="VAR4899" enum_item_value="1" activate="1" />
<question_action master_question_mid="ulcer" detail_question_mid="VAR4900" enum_item_value="1" activate="1" />
<question_action master_question_mid="ulcer" detail_question_mid="VAR4907" enum_item_value="1" activate="1" />
<question_action master_question_mid="ulcer" detail_question_mid="pressulcer_stad" enum_item_value="1" activate="1" />
<question_action master_question_mid="ulcer" detail_question_mid="VAR4843" enum_item_value="1" activate="1" />
<question_action master_question_mid="ulcer" detail_question_mid="VAR5833" enum_item_value="1" activate="1" />
<question_action master_question_mid="VAR5833" detail_question_mid="VAR4908" enum_item_value="1" activate="1" />
<question_action master_question_mid="ulcer_any" detail_question_mid="REFBP" enum_item_value="1" activate="1" />
<question_action master_question_mid="ulcer_any" detail_question_mid="ANKLEPRESSLEFT" enum_item_value="1" activate="1" />
<question_action master_question_mid="ulcer_any" detail_question_mid="ANKLEPRESSRIGHT" enum_item_value="1" activate="1" />
<question_action master_question_mid="ulcer_any" detail_question_mid="ABILEFT" enum_item_value="1" activate="1" />
<question_action master_question_mid="ulcer_any" detail_question_mid="ABIRIGHT" enum_item_value="1" activate="1" />
<question_action master_question_mid="ulcer_any" detail_question_mid="VAR5310" enum_item_value="1" activate="1" />
<question_action master_question_mid="ulcer_any" detail_question_mid="ULCER_EVAL_DATE" enum_item_value="1" activate="1" />
</form>
