<?xml version="1.0" encoding="ISO-8859-1"?>
<form form_id="877" form_uid="ESAS_R" title="ESAS-r" calculate_invalid="False" rating_scale="False" status="Open" repeatable="1" >
<instructions></instructions>

<!-- Start: Form enums, generated XML -->

<enumeration enumeration_uid="10335">
  <enum_item value="1" text="pasient." answer_id="57919" />
  <enum_item value="2" text="p&#229;r&#248;rende." answer_id="57920" />
  <enum_item value="3" text="helsepersonell." answer_id="57921" />
  <enum_item value="4" text="pasient med hjelp fra p&#229;r&#248;rende." answer_id="57922" />
  <enum_item value="5" text="pasient med hjelp fra helsepersonell." answer_id="57923" />
</enumeration>

<!-- Start: Form items, generated XML -->

<question item_id="10321" mid="ESASR_01" datatype="QN" page_number="1" page_title="Edmonton Symptom Assessment System, revidert versjon (ESAS-r)" page_introduction="Vennligst sett ring rundt det tallet som best beskriver hvordan du har det N&#197;." question_text="Smerte" optional="0" min_value="0" max_value="10" help_text="0 = Ingen smerte, 10 = Verst tenkelig smerte." group_id="ESASR_01" />
<question item_id="10322" mid="ESASR_02" datatype="QN" page_number="1" page_title="Edmonton Symptom Assessment System, revidert versjon (ESAS-r)" page_introduction="Vennligst sett ring rundt det tallet som best beskriver hvordan du har det N&#197;." question_text="Slapphet" optional="0" min_value="0" max_value="10" help_text="Mangel p&#229; krefter. 0 = Ingen slapphet, 10 = Verst tenkelig slapphet." group_id="ESASR_02" />
<question item_id="10323" mid="ESASR_03" datatype="QN" page_number="1" page_title="Edmonton Symptom Assessment System, revidert versjon (ESAS-r)" page_introduction="Vennligst sett ring rundt det tallet som best beskriver hvordan du har det N&#197;." question_text="D&#248;sighet" optional="0" min_value="0" max_value="10" help_text="&#197; f&#248;le seg s&#248;vnig. 0 = Ingen d&#248;sighet, 10 = Verst tenkelig d&#248;sighet." group_id="ESASR_03" />
<question item_id="10324" mid="ESASR_04" datatype="QN" page_number="1" page_title="Edmonton Symptom Assessment System, revidert versjon (ESAS-r)" page_introduction="Vennligst sett ring rundt det tallet som best beskriver hvordan du har det N&#197;." question_text="Kvalme" optional="0" min_value="0" max_value="10" help_text="0 = Ingen kvalme, 10 = Verst tenkelig kvalme." group_id="ESASR_04" />
<question item_id="10325" mid="ESASR_05" datatype="QN" page_number="1" page_title="Edmonton Symptom Assessment System, revidert versjon (ESAS-r)" page_introduction="Vennligst sett ring rundt det tallet som best beskriver hvordan du har det N&#197;." question_text="Matlyst" optional="0" min_value="0" max_value="10" help_text="0 = Ingen nedsatt matlyst, 10 = Verst tenkelig nedsatt matlyst." group_id="ESASR_05" />
<question item_id="10326" mid="ESASR_06" datatype="QN" page_number="1" page_title="Edmonton Symptom Assessment System, revidert versjon (ESAS-r)" page_introduction="Vennligst sett ring rundt det tallet som best beskriver hvordan du har det N&#197;." question_text="Tung pust" optional="0" min_value="0" max_value="10" help_text="0 = Ingen tung pust, 10 = Verst tenkelig tung pust." group_id="ESASR_06" />
<question item_id="10327" mid="ESASR_07" datatype="QN" page_number="1" page_title="Edmonton Symptom Assessment System, revidert versjon (ESAS-r)" page_introduction="Vennligst sett ring rundt det tallet som best beskriver hvordan du har det N&#197;." question_text="Depresjon" optional="0" min_value="0" max_value="10" help_text="&#197; f&#248;le seg nedstemt. 0 = Ingen depresjon, 10 = Verst tenkelig depresjon." group_id="ESASR_07" />
<question item_id="10328" mid="ESASR_08" datatype="QN" page_number="1" page_title="Edmonton Symptom Assessment System, revidert versjon (ESAS-r)" page_introduction="Vennligst sett ring rundt det tallet som best beskriver hvordan du har det N&#197;." question_text="Angst" optional="0" min_value="0" max_value="10" help_text="&#197; f&#248;le seg urolig. 0 = Ingen angst, 10 = Verst tenkelig angst." group_id="ESASR_08" />
<question item_id="10329" mid="ESASR_09" datatype="QN" page_number="1" page_title="Edmonton Symptom Assessment System, revidert versjon (ESAS-r)" page_introduction="Vennligst sett ring rundt det tallet som best beskriver hvordan du har det N&#197;." question_text="Velv&#230;re" optional="0" min_value="0" max_value="10" help_text="Hvordan du har det, alt tatt i betraktning. 0 = Best tenkelig velv&#230;re, 10 = Verst tenkelig velv&#230;re." group_id="ESASR_09" />
<question item_id="10330" mid="ESASR_10" datatype="QN" page_number="1" page_title="Edmonton Symptom Assessment System, revidert versjon (ESAS-r)" page_introduction="Vennligst sett ring rundt det tallet som best beskriver hvordan du har det N&#197;." question_text="Annet problem" optional="0" min_value="0" max_value="10" help_text="F.eks. forstoppelse. 0 = Ingen, 10 = Verst tenkelig. Utdyp i kommentarfeltet." group_id="ESASR_10" />
<question item_id="10320" mid="ESASR_SUM" datatype="QN" page_number="1" page_title="Edmonton Symptom Assessment System, revidert versjon (ESAS-r)" page_introduction="Vennligst sett ring rundt det tallet som best beskriver hvordan du har det N&#197;." question_text="ESAS Score (poeng)" optional="0" min_value="0" max_value="100" units="poeng" expression="ESASR_01 + ESASR_02 + ESASR_03 + ESASR_04 + ESASR_05 + ESASR_06+ ESASR_07 + ESASR_08 + ESASR_09 + ESASR_10" group_id="ESASR_SUM" />
<question item_id="10335" mid="ESASR_REPORTER" datatype="ORD" page_number="2" page_title="Kilde til opplysninger" question_text="Fylt ut av" optional="1" enumeration_uid="10335" group_id="ESASR_REPORTER" />

<!-- Start: Form actions, generated XML -->

</form>
