<?xml version="1.0" encoding="ISO-8859-1"?>
<form form_id="850" form_uid="GBD_MATKORTv2" title="Ern&#230;ringsplan" calculate_invalid="False" rating_scale="False" status="Open" repeatable="1" >
<instructions></instructions>

<!-- Start: Form enums, generated XML -->

<enumeration enumeration_uid="4353">
  <enum_item value="1" text="Ja*" short_code="J" answer_id="23333" />
  <enum_item value="2" text="Nei | Vanlig kost." short_code="N" answer_id="23334" />
</enumeration>

<enumeration enumeration_uid="4354">
  <enum_item value="1" text="Ja | Diabeteskost." short_code="J" answer_id="23335" />
  <enum_item value="2" text="Nei*" short_code="N" answer_id="23336" />
</enumeration>

<enumeration enumeration_uid="4355">
  <enum_item value="1" text="Ja | Melkefri." short_code="J" answer_id="23339" />
  <enum_item value="2" text="Nei*" short_code="N" answer_id="23340" />
</enumeration>

<enumeration enumeration_uid="4356">
  <enum_item value="1" text="Ja | Fettfattig." short_code="J" answer_id="23343" />
  <enum_item value="2" text="Nei*" short_code="N" answer_id="23344" />
</enumeration>

<enumeration enumeration_uid="4357">
  <enum_item value="1" text="Ja | Moset." short_code="J" answer_id="23347" />
  <enum_item value="2" text="Nei*" short_code="N" answer_id="23348" />
  <enum_item value="3" text="Kun flytende kost." answer_id="23349" />
</enumeration>

<enumeration enumeration_uid="4529">
  <enum_item value="1" text="Ja | Glutenfri." short_code="J" answer_id="24032" />
  <enum_item value="2" text="Nei*" short_code="N" answer_id="24033" />
</enumeration>

<enumeration enumeration_uid="4896">
  <enum_item value="1" text="Ja" answer_id="27368" />
  <enum_item value="2" text="Nei" short_code="N" answer_id="27369" />
</enumeration>

<enumeration enumeration_uid="5460">
  <enum_item value="1" text="Ja | Beriket kost." short_code="J" answer_id="29543" />
  <enum_item value="2" text="Nei*" short_code="N" answer_id="29544" />
</enumeration>

<enumeration enumeration_uid="5462">
  <enum_item value="1" text="Ja*" short_code="J" answer_id="29547" />
  <enum_item value="2" text="Nei*" short_code="N" answer_id="29548" />
</enumeration>

<enumeration enumeration_uid="5464">
  <enum_item value="1" text="Ja | Skal ha fortykket drikke." short_code="J" answer_id="29555" />
  <enum_item value="2" text="Nei*" short_code="N" answer_id="29556" />
</enumeration>

<enumeration enumeration_uid="5466">
  <enum_item value="1" text="Ja | Sonde-ern&#230;ring." short_code="J" answer_id="29559" />
  <enum_item value="2" text="Nei*" short_code="N" answer_id="29560" />
</enumeration>

<enumeration enumeration_uid="5468">
  <enum_item value="1" text="Ja | Parenteral ern&#230;ring." short_code="J" answer_id="29563" />
  <enum_item value="2" text="Nei*" short_code="N" answer_id="29564" />
</enumeration>

<enumeration enumeration_uid="5473">
  <enum_item value="1" text="morgen." answer_id="29589" />
  <enum_item value="2" text="formiddag." answer_id="29590" />
  <enum_item value="3" text="ettermiddag." answer_id="29591" />
  <enum_item value="4" text="kveld." answer_id="29592" />
</enumeration>

<enumeration enumeration_uid="5474">
  <enum_item value="1" text="Ja | Har tyggeproblemer." short_code="J" answer_id="29595" />
  <enum_item value="2" text="Nei | Ingen tyggeproblemer." short_code="N" answer_id="29596" />
</enumeration>

<enumeration enumeration_uid="5475">
  <enum_item value="1" text="Ja | Har svelgproblemer." ICD10="R13" short_code="J" answer_id="29599" />
  <enum_item value="2" text="Nei | Ingen svelgproblemer." short_code="N" answer_id="29600" />
</enumeration>

<enumeration enumeration_uid="5507">
  <enum_item value="1" text="Ja*" short_code="J" answer_id="29711" />
  <enum_item value="2" text="Nei | Ingen spesielle bekymringer." short_code="N" answer_id="29712" />
</enumeration>

<enumeration enumeration_uid="5637">
  <enum_item value="1" text="Ja | Saltredusert." short_code="J" answer_id="30203" />
  <enum_item value="2" text="Nei*" short_code="N" answer_id="30204" />
</enumeration>

<enumeration enumeration_uid="5640">
  <enum_item value="1" text="Ja | Laktoseredusert." short_code="J" answer_id="30243" />
  <enum_item value="2" text="Nei*" short_code="N" answer_id="30244" />
</enumeration>

<enumeration enumeration_uid="5642">
  <enum_item value="1" text="Ja" answer_id="30253" />
  <enum_item value="2" text="Nei" short_code="N" answer_id="30254" />
</enumeration>

<enumeration enumeration_uid="8792">
  <enum_item value="1" text="Ja | Matvareallergi/intoleranse." short_code="J" answer_id="49675" />
  <enum_item value="2" text="Nei | Ingen matvareallergi/intoleranse." short_code="N" answer_id="49676" />
  <enum_item value="3" text="Usikker | Mulig matvareallergi/intoleranse." short_code="U" answer_id="49697" />
</enumeration>

<!-- Start: Form items, generated XML -->

<question item_id="3225" mid="HEIGHT" datatype="QN" page_number="1" page_title="Basisdata" page_introduction="MNA screening hentes inn fra siste registrering.  Finnes p&#229; kostsamtale ved innkomst eller eget MNA-skjema." question_text="H&#248;yde (cm)" optional="0" carry_forward="1" min_value="50" max_value="220" units="cm" help_text="Uten sko." group_id="HEIGHT" />
<question item_id="3224" mid="WEIGHT" datatype="QN" page_number="1" page_title="Basisdata" page_introduction="MNA screening hentes inn fra siste registrering.  Finnes p&#229; kostsamtale ved innkomst eller eget MNA-skjema." question_text="Vekt (kg)" optional="0" min_value="10" max_value="400" units="kg" decimals="1" help_text="Uten sko og yttert&#248;y." group_id="WEIGHT" />
<question item_id="3310" mid="BMI" datatype="QN" page_number="1" page_title="Basisdata" page_introduction="MNA screening hentes inn fra siste registrering.  Finnes p&#229; kostsamtale ved innkomst eller eget MNA-skjema." question_text="BMI (kg/m2)" optional="1" min_value="5" max_value="150" units="kg/m2" decimals="1" expression="WEIGHT/((HEIGHT/100)*(HEIGHT/100)) * ISPOS(WEIGHT)*ISPOS(HEIGHT)" help_text="Beregnes automatisk" group_id="BMI" />
<question item_id="4771" mid="MNA_PART1" datatype="QN" page_number="1" page_title="Basisdata" page_introduction="MNA screening hentes inn fra siste registrering.  Finnes p&#229; kostsamtale ved innkomst eller eget MNA-skjema." question_text="Sum MNA del 1: (poeng)" optional="1" carry_forward="1" read_only="1" min_value="0" max_value="14" units="poeng" help_text="Maksimalt 14 poeng" group_id="MNA_PART1" />
<question item_id="10222" mid="KcalPerDay" datatype="QN" page_number="2" page_title="Beregninger av behov" page_introduction="Beregningene er basert p&#229; pasientens vekt og er tommelfingerregler. Ved v&#230;skerestriksjon, snakk med lege!" header="Energibehov" question_text="Energibehov per d&#248;gn (kcal/d)" optional="1" units="kcal/d" expression="30*WEIGHT*ISPOS(WEIGHT)" help_text="Dette er et ansl&#229;tt minimumsbehov for sengeliggende pasient." group_id="KcalPerDay" />
<question item_id="10223" mid="FluidsPerDay" datatype="QN" page_number="2" page_title="Beregninger av behov" page_introduction="Beregningene er basert p&#229; pasientens vekt og er tommelfingerregler. Ved v&#230;skerestriksjon, snakk med lege!" header="V&#230;skebehov" question_text="V&#230;skebehov per d&#248;gn (mL/d)" optional="1" units="mL/d" expression="30 * WEIGHT * ISPOS(WEIGHT) * ISPOS(30*WEIGHT*ISPOS(WEIGHT)-1500) + 1500 * ( 1-ISPOS(30*WEIGHT*ISPOS(WEIGHT)-1500) )" help_text="Ved oppkast, feber og diar&#233; er behovet &#248;kt." group_id="FluidsPerDay" />
<question item_id="10224" mid="ProteinPerDay" datatype="QN" page_number="2" page_title="Beregninger av behov" page_introduction="Beregningene er basert p&#229; pasientens vekt og er tommelfingerregler. Ved v&#230;skerestriksjon, snakk med lege!" header="Proteinbehov" question_text="Proteinbehov per d&#248;gn (g/d)" optional="1" min_value="20" max_value="1000" units="g/d" expression="WEIGHT*1.2*ISPOS(WEIGHT)" help_text="Proteinbehovet for eldre og syke er 1,2-1,5 g/kg/d&#248;gn.  Denne beregningen er basert p&#229; 1,2 g/kg/d&#248;gn." group_id="ProteinPerDay" />
<question item_id="5507" mid="KOST_Bekymring" datatype="ORD" page_number="3" page_title="Bekymring" page_introduction="Bekymring vedr&#248;rerende ern&#230;ringsstatus for pasienten" header="Bekymring" question_text="Bekymring vedr&#248;rende ern&#230;rings-status?" optional="0" carry_forward="1" enumeration_uid="5507" help_text="Bekymring hos beboer selv, p&#229;r&#248;rende eller andre som kjenner beboer." group_id="KOST_Bekymring" />
<question item_id="5472" mid="MAT_Egenvurdering" datatype="NAR" page_number="4" header="Egenvurdering" question_text="Beboers egen vurdering (ev. p&#229;r&#248;rendes inntrykk) av hva som skal til for &#229; bedre/opprettholde ern&#230;ringstilstanden." optional="1" multiline="1" help_text="F.eks. Bedre matlyst? Endret m&#229;ltidssituasjon?" group_id="MAT_Egenvurdering" />
<question item_id="5474" mid="MAT_Tyggeproblemer" datatype="ORD" page_number="5" page_title="Faktorer som p&#229;virker matinntaket" header="Tyggeproblemer" question_text="Har beboer tyggeproblemer?" optional="0" carry_forward="1" enumeration_uid="5474" group_id="MAT_Tyggeproblemer" />
<question item_id="5475" mid="MDS_K1" datatype="ORD" page_number="5" page_title="Faktorer som p&#229;virker matinntaket" header="Svelgproblemer" question_text="Har beboer tegn til svelgproblemer?" optional="0" carry_forward="1" enumeration_uid="5475" help_text="(Mister mat fra munnen, hoster eller klager over smerter ved svelging. Restmat i munnen.)" group_id="MDS_K1" />
<question item_id="10221" mid="VAR10221" datatype="NAR" page_number="6" header="Andre faktorer" question_text="Andre faktorer som kan p&#229;virke matinntaket" optional="1" carry_forward="1" multiline="1" help_text="Eks: Sykdom, symptomer, kvalme, smerter, medikamenter, bivirkninger, tann- og munnstatus (s&#229;r, protese, t&#248;rrhet), psykososiale forhold, familie, ensomhet, sorg, fysisk funksjon, balanse, gangfunksjon, s&#248;vn, forstoppelse, diare." />
<question item_id="5473" mid="MAT_MestSulten" datatype="ORD" page_number="7" page_title="Preferanser" page_introduction="Husk &#229; ta med mengder i teksten, eks. 4 br&#248;dskiver." header="Mest sulten" question_text="Tidspunkt beboer er mest sulten" optional="0" carry_forward="1" enumeration_uid="5473" group_id="MAT_MestSulten" />
<question item_id="5249" mid="MAT_Frokost" datatype="NAR" page_number="7" page_title="Preferanser" page_introduction="Husk &#229; ta med mengder i teksten, eks. 4 br&#248;dskiver." question_text="Frokost" optional="0" carry_forward="1" multiline="1" help_text="Eksempler fast f&#248;de: fine eller grove skiver, havre- eller semule-gr&#248;t, frokostblanding, egg. Eksempler drikke: melk, juice, vann, kaffe, te." group_id="MAT_Frokost" />
<question item_id="5250" mid="MAT_Lunsj" datatype="NAR" page_number="7" page_title="Preferanser" page_introduction="Husk &#229; ta med mengder i teksten, eks. 4 br&#248;dskiver." question_text="Lunsj" optional="0" carry_forward="1" multiline="1" help_text="Eksempler fast f&#248;de: Fine eller grove skiver, havre- eller semulegr&#248;t, suppe, frukt, egg. Eksempler drikke: melk, juice, vann, kaffe, eller te." group_id="MAT_Lunsj" />
<question item_id="5251" mid="MAT_Middag" datatype="NAR" page_number="7" page_title="Preferanser" page_introduction="Husk &#229; ta med mengder i teksten, eks. 4 br&#248;dskiver." question_text="Middag" optional="0" carry_forward="1" multiline="1" help_text="Eksempler fast f&#248;de: kj&#248;tt, fisk, gr&#248;nnsaker, supper, dessert. Eksempler drikke: melk, juice, vann, kaffe, eller te." group_id="MAT_Middag" />
<question item_id="5252" mid="MAT_Kvelds" datatype="NAR" page_number="7" page_title="Preferanser" page_introduction="Husk &#229; ta med mengder i teksten, eks. 4 br&#248;dskiver." question_text="Kvelds" optional="0" carry_forward="1" multiline="1" help_text="Eksempler fast f&#248;de: fine eller grove skiver, havre- eller semule-gr&#248;t, frokostblanding. Eksempler drikke: melk, juice, kaffe, te, vann." group_id="MAT_Kvelds" />
<question item_id="10218" mid="MAT_Ekstra" datatype="NAR" page_number="7" page_title="Preferanser" page_introduction="Husk &#229; ta med mengder i teksten, eks. 4 br&#248;dskiver." header="Ekstram&#229;ltid" question_text="Reduksjon av nattfaste, tidlig frokost eller sen kvelds" optional="0" carry_forward="1" multiline="1" help_text="Eksempler: Beriket drikke, E+, &quot;Rett i koppen&quot; suppe eller kakao. Fine eller grove skiver, havre- eller semule-gr&#248;t, frokostblanding." group_id="MAT_Ekstra" />
<question item_id="10219" mid="MAT_Ikke" datatype="NAR" page_number="7" page_title="Preferanser" page_introduction="Husk &#229; ta med mengder i teksten, eks. 4 br&#248;dskiver." header="&#216;nsker ikke" question_text="Finnes det matvarer som pasienten ikke &#248;nsker &#229; spise?" optional="0" carry_forward="1" multiline="1" help_text="Eksempel: P&#229;leggstyper, middagsretter etc." group_id="MAT_Ikke" />
<question item_id="5459" mid="MAT_Hensyn" datatype="NAR" page_number="8" page_title="Andre ern&#230;ringstiltak" question_text="Milj&#248;- og m&#229;ltids- hensyn" optional="1" carry_forward="1" multiline="1" help_text="Eventuelle tilpasninger i spisesituasjonen, f.eks assistanse, medspising (helsepersonell/p&#229;r&#248;rende), har skjermingsbehov, liker sm&#229; porsjoner, eller &#229; spise sent p&#229; rommet." group_id="MAT_Hensyn" />
<question item_id="5460" mid="KOST_Beriket" datatype="ORD" page_number="8" page_title="Andre ern&#230;ringstiltak" header="Beriket kost" question_text="Beriket kost, ern&#230;ringsdrikker eller mellom-m&#229;ltider" optional="0" carry_forward="1" enumeration_uid="5460" help_text="Pasienten f&#229;r tillegg av fl&#248;te e.l. i vanlig mat, eller tilbys jevnlig n&#230;ringsdrikk eller andre mellom-m&#229;ltid" group_id="KOST_Beriket" />
<question item_id="5461" mid="KOST_BeriketTekst" datatype="NAR" page_number="10" header="Beskrivelse" question_text="Beskrivelse av type og mengde ovenfornevnte kalori-tilskudd som tilbys eller tillages daglig" optional="0" carry_forward="1" multiline="1" group_id="KOST_BeriketTekst" />
<question item_id="4357" mid="KOST_Moset" datatype="ORD" page_number="11" page_title="Konsistenstilpasning" question_text="Moset mat" optional="0" carry_forward="1" enumeration_uid="4357" group_id="KOST_Moset" />
<question item_id="5464" mid="KOST_FortykketDrikke" datatype="ORD" page_number="11" page_title="Konsistenstilpasning" question_text="Fortykningsmiddel i drikke" optional="0" carry_forward="1" enumeration_uid="5464" group_id="KOST_FortykketDrikke" />
<question item_id="5462" mid="MDS_K4c" datatype="ORD" page_number="11" page_title="Konsistenstilpasning" header="Konsistenstilpasning" question_text="Trenger konsistens-tilpasset mat" optional="0" visible="-1" exclude_from_text="1" expression="2 - ISPOS( ISNULL( KOST_Moset - 1 ) + ISNULL( KOST_FortykketDrikke - 1 ) )" enumeration_uid="5462" help_text="Moset eller flytende mat, fortykket drikke." group_id="MDS_K4c" />
<question item_id="4353" mid="KOST_SPESIAL" datatype="ORD" page_number="12" page_title="Spesialkost" question_text="Spesialkost" optional="1" carry_forward="1" enumeration_uid="4353" help_text="Diabeteskost, fettfattig, saltredusert, laktoseredusert, melkefri, glutenfri, moset el.l." group_id="KOST_SPESIAL" />
<question item_id="4354" mid="KOST_Diabetes" datatype="ORD" page_number="13" question_text="Diabeteskost" optional="1" carry_forward="1" enumeration_uid="4354" group_id="KOST_Diabetes" />
<question item_id="4356" mid="KOST_Fettfattig" datatype="ORD" page_number="13" question_text="Fettfattig kost" optional="1" carry_forward="1" enumeration_uid="4356" group_id="KOST_Fettfattig" />
<question item_id="5637" mid="KOST_Saltredusert" datatype="ORD" page_number="13" question_text="Saltredusert kost" optional="1" carry_forward="1" enumeration_uid="5637" group_id="KOST_Saltredusert" />
<question item_id="5640" mid="KOST_Laktoseredusert" datatype="ORD" page_number="13" question_text="Laktoseredusert kost" optional="1" carry_forward="1" enumeration_uid="5640" group_id="KOST_Laktoseredusert" />
<question item_id="4529" mid="KOST_Glutenfri" datatype="ORD" page_number="13" question_text="Glutenfri kost" optional="1" carry_forward="1" enumeration_uid="4529" group_id="KOST_Glutenfri" />
<question item_id="4355" mid="KOST_Melkefri" datatype="ORD" page_number="13" question_text="Melkefri kost" optional="1" carry_forward="1" enumeration_uid="4355" group_id="KOST_Melkefri" />
<question item_id="8792" mid="MAT_Intoleranse" datatype="ORD" page_number="14" question_text="Matvareallergi/intoleranse" optional="0" carry_forward="1" enumeration_uid="8792" group_id="MAT_Intoleranse" />
<question item_id="8793" mid="MAT_IntoleranseTekst" datatype="NAR" page_number="15" header="Kommentar*" question_text="Kommentar til matvareallergi/intoleranse" optional="0" carry_forward="1" exclude_caption="1" multiline="1" group_id="MAT_IntoleranseTekst" />
<question item_id="10220" mid="VAR10220" datatype="MSG" page_number="15" header="Alvorlig reaksjon?" question_text="Alvorlige reaksjoner p&#229; matvarer skal ogs&#229; registreres under CAVE." optional="1" />
<question item_id="5466" mid="MDS_K4b" datatype="ORD" page_number="16" page_title="Medisinske ern&#230;ringstiltak" question_text="Sonde-ern&#230;ring" optional="0" carry_forward="1" enumeration_uid="5466" help_text="Ern&#230;ring via enteral sonde, for eksempel nasogastrisk eller PEG." group_id="MDS_K4b" />
<question item_id="5467" mid="MAT_SondeTekst" datatype="NAR" page_number="17" header="Type og mengde" question_text="Type og mengde sonde-ern&#230;ring" optional="0" carry_forward="1" multiline="1" group_id="MAT_SondeTekst" />
<question item_id="5468" mid="MDS_K4a" datatype="ORD" page_number="18" question_text="Intraven&#248;s ern&#230;ring" optional="0" carry_forward="1" enumeration_uid="5468" help_text="Parenteral ern&#230;ring i perifer eller sentral vene." group_id="MDS_K4a" />
<question item_id="5469" mid="MAT_ParenteralTekst" datatype="NAR" page_number="19" header="Type og mengde" question_text="Type og mengde intraven&#248;s ern&#230;ring" optional="0" carry_forward="1" multiline="1" group_id="MAT_ParenteralTekst" />
<question item_id="10225" mid="VAR10225" datatype="NAR" page_number="20" question_text="Andre medisinske ern&#230;ringstiltak" optional="1" multiline="1" help_text="N&#230;ringsdrikker, Calogen (skal st&#229; i medisinkurve), Energipulver, proteinpulver.  Tilskudd av vitamin/mineral/tran (snakk med lege)." />
<question item_id="5586" mid="MAT_RevisjonsDato" datatype="DATE" page_number="21" page_title="Revisjonsdato" question_text="Skal vurderes p&#229; nytt" optional="0" group_id="MAT_RevisjonsDato" />
<question item_id="5478" mid="WEIGHT_DueDate" datatype="DATE" page_number="21" page_title="Revisjonsdato" question_text="Dato for neste vekt-kontroll" optional="0" group_id="WEIGHT_DueDate" />
<question item_id="4896" mid="KOST_Registrering" datatype="ORD" page_number="21" page_title="Revisjonsdato" header="Kostregistrering" question_text="Skal det gjennomf&#248;res kostregistrering?" optional="0" enumeration_uid="4896" help_text="Fullstendig registrering av kalori- og v&#230;ske-inntak p&#229; eget skjema, i en avgrenset periode. Standard registreringsperiode er TO dager. Registreringen skal ha et klart m&#229;l, og f&#248;rer automatisk til revurdering av tiltak etter endt registrering." group_id="KOST_Registrering" />
<question item_id="10227" mid="VAR10227" datatype="QN" page_number="22" header="Kostregistrering" question_text="Hvor mange dager skal kostregistrering gjennomf&#248;res? (dager)" optional="0" min_value="1" max_value="7" units="dager" />
<question item_id="10226" mid="VAR10226" datatype="DATE" page_number="22" header="Startdato" question_text="Startdato for kostregistrering" optional="0" />
<question item_id="5642" mid="KOST_KunstigErnaering" datatype="ORD" page_number="23" question_text="Kunstig ern&#230;ring" optional="1" visible="-1" expression="2-ISPOS( ISNULL( MDS_K4a - 1 ) + ISNULL( MDS_K4b - 1 ) )" enumeration_uid="5642" group_id="KOST_KunstigErnaering" />

<!-- Start: Form actions, generated XML -->

<question_action master_question_mid="KOST_Bekymring" detail_question_mid="MAT_Egenvurdering" enum_item_value="1" activate="1" />
<question_action master_question_mid="KOST_Beriket" detail_question_mid="KOST_BeriketTekst" enum_item_value="1" activate="1" />
<question_action master_question_mid="KOST_SPESIAL" detail_question_mid="KOST_Diabetes" enum_item_value="1" activate="1" />
<question_action master_question_mid="KOST_SPESIAL" detail_question_mid="KOST_Fettfattig" enum_item_value="1" activate="1" />
<question_action master_question_mid="KOST_SPESIAL" detail_question_mid="KOST_Saltredusert" enum_item_value="1" activate="1" />
<question_action master_question_mid="KOST_SPESIAL" detail_question_mid="KOST_Laktoseredusert" enum_item_value="1" activate="1" />
<question_action master_question_mid="KOST_SPESIAL" detail_question_mid="KOST_Glutenfri" enum_item_value="1" activate="1" />
<question_action master_question_mid="KOST_SPESIAL" detail_question_mid="KOST_Melkefri" enum_item_value="1" activate="1" />
<question_action master_question_mid="MAT_Intoleranse" detail_question_mid="MAT_IntoleranseTekst" enum_item_value="1" activate="1" />
<question_action master_question_mid="MAT_Intoleranse" detail_question_mid="MAT_IntoleranseTekst" enum_item_value="3" activate="1" />
<question_action master_question_mid="MAT_Intoleranse" detail_question_mid="VAR10220" enum_item_value="1" activate="1" />
<question_action master_question_mid="MAT_Intoleranse" detail_question_mid="VAR10220" enum_item_value="3" activate="1" />
<question_action master_question_mid="MDS_K4b" detail_question_mid="MAT_SondeTekst" enum_item_value="1" activate="1" />
<question_action master_question_mid="MDS_K4a" detail_question_mid="MAT_ParenteralTekst" enum_item_value="1" activate="1" />
<question_action master_question_mid="KOST_Registrering" detail_question_mid="VAR10227" enum_item_value="1" activate="1" />
<question_action master_question_mid="KOST_Registrering" detail_question_mid="VAR10226" enum_item_value="1" activate="1" />
</form>
