<?xml version="1.0" encoding="ISO-8859-1"?>
<form form_id="443" form_uid="LANGTID_SJEKK1" title="Sjekkliste f&#248;r innkomst (langtidsplass)" calculate_invalid="False" rating_scale="False" status="Open" repeatable="1" >
<instructions></instructions>

<!-- Start: Form enums, generated XML -->

<enumeration enumeration_uid="5372">
  <enum_item value="1" text="Ja" answer_id="29458" />
  <enum_item value="2" text="Nei" short_code="N" answer_id="29459" />
</enumeration>

<enumeration enumeration_uid="5373">
  <enum_item value="1" text="Ja" answer_id="29460" />
  <enum_item value="2" text="Nei" short_code="N" answer_id="29461" />
</enumeration>

<enumeration enumeration_uid="5374">
  <enum_item value="1" text="Ja" answer_id="29462" />
  <enum_item value="2" text="Nei" short_code="N" answer_id="29463" />
</enumeration>

<enumeration enumeration_uid="5375">
  <enum_item value="1" text="Ja" answer_id="29464" />
  <enum_item value="2" text="Nei" short_code="N" answer_id="29465" />
</enumeration>

<enumeration enumeration_uid="5376">
  <enum_item value="1" text="Ja" answer_id="29466" />
  <enum_item value="2" text="Nei" short_code="N" answer_id="29467" />
</enumeration>

<enumeration enumeration_uid="5377">
  <enum_item value="1" text="Ja" answer_id="29468" />
  <enum_item value="2" text="Nei" short_code="N" answer_id="29469" />
</enumeration>

<enumeration enumeration_uid="5378">
  <enum_item value="1" text="Ja" answer_id="29470" />
  <enum_item value="2" text="Nei" short_code="N" answer_id="29471" />
</enumeration>

<enumeration enumeration_uid="5379">
  <enum_item value="1" text="Ja" answer_id="29472" />
  <enum_item value="2" text="Nei" short_code="N" answer_id="29473" />
</enumeration>

<!-- Start: Form items, generated XML -->

<question item_id="5372" mid="VAR5372" datatype="ORD" page_number="1" header="Innkomst opplysninger" question_text="Sjekket at opplysninger fra hjemmesykepleie, lege, dagsenter og lignende er p&#229; plass" optional="1" carry_forward="1" enumeration_uid="5372" />
<question item_id="5373" mid="VAR5373" datatype="ORD" page_number="1" header="Bes&#248;kstilbud" question_text="Tatt kontakt med ny beboer / p&#229;r&#248;rende, gitt tilbud om at de kan komme p&#229; bes&#248;k f&#248;r innflytting, avtale tidspunkt innkomstdagen." optional="1" carry_forward="1" enumeration_uid="5373" />
<question item_id="5374" mid="VAR5374" datatype="ORD" page_number="1" header="Bestilt spesialkost" question_text="Dersom det er spesialkost, bestilt mat fra Gullst&#248;ltunet / VIP" optional="1" carry_forward="1" enumeration_uid="5374" />
<question item_id="5375" mid="VAR5375" datatype="ORD" page_number="1" header="Ankomst-tidspunkt rapportert" question_text="Gitt melding til resepsjonen om n&#229;r ny beboer kommer" optional="1" carry_forward="1" enumeration_uid="5375" />
<question item_id="5376" mid="VAR5376" datatype="ORD" page_number="1" question_text="Alle papirer klare til mottakssamtale" optional="1" carry_forward="1" enumeration_uid="5376" />
<question item_id="5377" mid="VAR5377" datatype="ORD" page_number="1" question_text="Avsatt tid til mottaket av beboeren og p&#229;r&#248;rende" optional="1" carry_forward="1" enumeration_uid="5377" />
<question item_id="5378" mid="VAR5378" datatype="ORD" page_number="1" question_text="Informert medbeboere" optional="1" carry_forward="1" enumeration_uid="5378" />
<question item_id="5379" mid="VAR5379" datatype="ORD" page_number="1" header="Rom klargjort." question_text="Klargjort rommet evt. satt inn en &#8220;velkomstblomst&#8221;. Navneskilt p&#229; d&#248;ren." optional="1" carry_forward="1" enumeration_uid="5379" />

<!-- Start: Form actions, generated XML -->

</form>
