<?xml version="1.0" encoding="ISO-8859-1"?>
<form form_id="878" form_uid="LMG" title="Legemiddelgjennomgang" calculate_invalid="False" rating_scale="False" status="Open" repeatable="1" >
<instructions></instructions>

<!-- Start: Form enums, generated XML -->

<enumeration enumeration_uid="187">
  <enum_item value="1" text="Regelmessig puls." short_code="R" answer_id="288" />
  <enum_item value="2" text="Uregelmessig puls som ved atrieflimmer." short_code="AF" answer_id="289" />
  <enum_item value="3" text="Uregelmessig puls som ved ekstrasystoli." short_code="ES" answer_id="290" />
</enumeration>

<enumeration enumeration_uid="199">
  <enum_item value="1" text="Ingen dyspnoe." answer_id="317" />
  <enum_item value="2" text="Lett dyspnoe." answer_id="318" />
  <enum_item value="3" text="Sv&#230;r dyspnoe." answer_id="319" />
</enumeration>

<enumeration enumeration_uid="221">
  <enum_item value="1" text="Ingen ankel&#248;demer." answer_id="367" />
  <enum_item value="2" text="Lette ankel&#248;demer." answer_id="368" />
  <enum_item value="3" text="Betydelige ankel&#248;demer." answer_id="369" />
</enumeration>

<enumeration enumeration_uid="722">
  <enum_item value="1" score="0" text="Ingen angina." answer_id="1133" />
  <enum_item value="2" score="1" text="Lett angina." answer_id="1134" />
  <enum_item value="3" score="2" text="Moderat angina." answer_id="1135" />
  <enum_item value="4" score="3" text="Alvorlig angina." answer_id="1136" />
  <enum_item value="5" score="4" text="Ikke vurderbart." answer_id="17381" />
</enumeration>

<enumeration enumeration_uid="723">
  <enum_item value="1" score="0" text="Ingen andre smertetilstander." answer_id="1137" />
  <enum_item value="2" score="1" text="Moderate | Moderate smerter." answer_id="1138" />
  <enum_item value="3" score="2" text="Alvorlig | Alvorlige smerter." answer_id="1139" />
  <enum_item value="4" score="3" text="Morfintrengende | Morfintrengende smerter." answer_id="17385" />
</enumeration>

<enumeration enumeration_uid="724">
  <enum_item value="1" score="0" text="Normal avf&#248;ring." answer_id="1140" />
  <enum_item value="2" score="1" text="Diare (to eller flere ganger daglig, flere ganger i uken)." answer_id="1141" />
  <enum_item value="3" score="2" text="Periodisk diare (noen f&#229; dager i m&#229;neden)." answer_id="1142" />
  <enum_item value="4" score="3" text="Varierende fra diare til obstipasjon." answer_id="1143" />
  <enum_item value="5" score="4" text="Trenger avf&#248;ringsmidler (regelmessig)." answer_id="1144" />
  <enum_item value="6" score="5" text="Trenger klyster (flere ganger i m&#229;neden)." answer_id="17391" />
</enumeration>

<enumeration enumeration_uid="726">
  <enum_item value="1" score="0" text="Kontinent for urin." answer_id="1148" />
  <enum_item value="2" score="1" text="Er inkontinent for urin (bruker bleie)." answer_id="1149" />
  <enum_item value="3" score="2" text="Periodevis inkontinent for urin." answer_id="1150" />
  <enum_item value="4" score="3" text="Bruker uridom." answer_id="1151" />
  <enum_item value="5" score="4" text="Har inneliggende kateter." answer_id="17596" />
</enumeration>

<enumeration enumeration_uid="734">
  <enum_item value="1" score="0" text="uten hjelp/st&#248;tte." answer_id="1191" />
  <enum_item value="2" score="1" text="med noe hjelp (stokk, krykker el.l.)." answer_id="1192" />
  <enum_item value="3" score="2" text="med mye hjelp (levende st&#248;tte el. rullator)." answer_id="1193" />
  <enum_item value="4" score="3" text="Forflytter seg selv i rullestol." answer_id="1194" />
  <enum_item value="5" score="4" text="Sitter i en stol om dagen, kan ikke bruke rullestol." answer_id="1195" />
  <enum_item value="6" score="5" text="Bundet til sengen." answer_id="15955" />
</enumeration>

<enumeration enumeration_uid="3613">
  <enum_item value="1" text="Ja | Har falt siste 12 mnd." short_code="J" answer_id="18497" />
  <enum_item value="2" text="Nei | Ikke falt siste 12 mnd." short_code="N" answer_id="18498" />
</enumeration>

<enumeration enumeration_uid="3614">
  <enum_item value="1" text="Ja | Balanse/gangproblem." short_code="J" answer_id="18499" />
  <enum_item value="2" text="Nei | Ikke balanse/gangproblem." short_code="N" answer_id="18500" />
</enumeration>

<enumeration enumeration_uid="4533">
  <enum_item value="0" score="0" text="Ikke til stede" answer_id="24062" />
  <enum_item value="1" score="1" text="Moderat eller bare periodevis til stede" answer_id="24063" />
  <enum_item value="2" score="2" text="Mye til stede" answer_id="24064" />
  <enum_item value="3" score="0" text="Lar seg ikke evaluere" short_code="n/a" answer_id="24061" />
</enumeration>

<enumeration enumeration_uid="4534">
  <enum_item value="0" score="0" text="Ikke til stede" answer_id="24070" />
  <enum_item value="1" score="1" text="Moderat eller periodevis til stede" answer_id="24071" />
  <enum_item value="2" score="2" text="Mye til stede" answer_id="24072" />
  <enum_item value="3" score="0" text="Lar seg ikke evaluere" short_code="n/a" answer_id="24069" />
</enumeration>

<enumeration enumeration_uid="4537">
  <enum_item value="0" score="0" text="Ikke til stede" answer_id="24090" />
  <enum_item value="1" score="1" text="Moderat eller periodevis til stede" answer_id="24091" />
  <enum_item value="2" score="2" text="Mye til stede" answer_id="24092" />
  <enum_item value="3" score="0" text="Lar seg ikke evaluere" short_code="n/a" answer_id="24089" />
</enumeration>

<enumeration enumeration_uid="4545">
  <enum_item value="0" score="0" text="Ikke til stede" answer_id="24162" />
  <enum_item value="1" score="1" text="Moderat eller periodevis til stede" answer_id="24163" />
  <enum_item value="2" score="2" text="Mye til stede" answer_id="24164" />
  <enum_item value="3" score="0" text="Lar seg ikke evaluere" short_code="n/a" answer_id="24161" />
</enumeration>

<enumeration enumeration_uid="4546">
  <enum_item value="0" score="0" text="Ikke til stede" answer_id="24170" />
  <enum_item value="1" score="1" text="Moderat eller periodevis til stede" answer_id="24171" />
  <enum_item value="2" score="2" text="Mye til stede" answer_id="24172" />
  <enum_item value="3" score="0" text="Lar seg ikke evaluere" short_code="n/a" answer_id="24169" />
</enumeration>

<enumeration enumeration_uid="4547">
  <enum_item value="0" score="0" text="Ikke til stede" answer_id="24178" />
  <enum_item value="1" score="1" text="Moderat eller periodevis til stede" answer_id="24179" />
  <enum_item value="2" score="2" text="Mye til stede" answer_id="24180" />
  <enum_item value="3" score="0" text="Lar seg ikke evaluere" short_code="n/a" answer_id="24177" />
</enumeration>

<enumeration enumeration_uid="5475">
  <enum_item value="1" text="Ja | Har svelgproblemer." ICD10="R13" short_code="J" answer_id="29599" />
  <enum_item value="2" text="Nei | Ingen svelgproblemer." short_code="N" answer_id="29600" />
</enumeration>

<enumeration enumeration_uid="5671">
  <enum_item value="1" text="Ja | Ortostatisk svimmelhet." short_code="J" answer_id="30327" />
  <enum_item value="2" text="Nei | Ingen ortostatisk svimmelhet." short_code="N" answer_id="30328" />
  <enum_item value="3" text="Usikker" short_code="U" answer_id="36118" />
</enumeration>

<enumeration enumeration_uid="5886">
  <enum_item value="1" text="Obstruksjon i urinvegene" answer_id="31555" />
  <enum_item value="2" text="Infeksjon" answer_id="31556" />
  <enum_item value="3" text="Bivirkning av medikament" answer_id="31557" />
  <enum_item value="4" text="Nevrologiske &#229;rsaker" answer_id="31558" />
  <enum_item value="5" text="Annet" answer_id="31559" />
</enumeration>

<enumeration enumeration_uid="8339">
  <enum_item value="1" text="Ja | Tabletter m&#229; knuses." short_code="J" answer_id="44989" />
  <enum_item value="2" text="Nei | Ikke n&#248;dvendig &#229; knuse tabletter." short_code="N" answer_id="44990" />
  <enum_item value="3" text="Usikker" short_code="U" answer_id="44996" />
</enumeration>

<enumeration enumeration_uid="8340">
  <enum_item value="1" text="Ja | Motsetter seg legemidler." short_code="J" answer_id="44999" />
  <enum_item value="2" text="Nei" short_code="N" answer_id="45000" />
  <enum_item value="3" text="Usikker" short_code="U" answer_id="45001" />
</enumeration>

<enumeration enumeration_uid="8341">
  <enum_item value="1" text="Ja | Urinretensjon." ICD10="R33" short_code="J" answer_id="45008" />
  <enum_item value="2" text="Nei | Ingen urinretensjon." short_code="N" answer_id="45009" />
  <enum_item value="3" text="Ukjent" short_code="U" answer_id="45010" />
</enumeration>

<enumeration enumeration_uid="8342">
  <enum_item value="1" text="Innkomst" answer_id="45011" />
  <enum_item value="2" text="&#197;rskontroll" answer_id="45012" />
  <enum_item value="3" text="Halv&#229;rskontroll" answer_id="45013" />
  <enum_item value="4" text="Mistanke om bivirkninger" answer_id="45014" />
  <enum_item value="9" text="Annet" answer_id="45015" />
</enumeration>

<enumeration enumeration_uid="8422">
  <enum_item value="1" text="Ja | Lege." short_code="J" answer_id="45983" />
  <enum_item value="2" text="Nei" short_code="N" answer_id="45984" />
</enumeration>

<enumeration enumeration_uid="8423">
  <enum_item value="1" text="Ja | Sykepleier." short_code="J" answer_id="45987" />
  <enum_item value="2" text="Nei" short_code="N" answer_id="45988" />
</enumeration>

<enumeration enumeration_uid="8424">
  <enum_item value="1" text="Ja | Farmas&#248;yt." short_code="J" answer_id="45993" />
  <enum_item value="2" text="Nei" short_code="N" answer_id="45994" />
</enumeration>

<enumeration enumeration_uid="8425">
  <enum_item value="1" text="Ja" answer_id="46003" />
  <enum_item value="2" text="Nei | Ingen endringer." short_code="N" answer_id="46004" />
</enumeration>

<enumeration enumeration_uid="10331">
  <enum_item value="1" text="Ikke til stede" answer_id="57901" />
  <enum_item value="2" text="Moderat eller periodevis til stede" answer_id="57902" />
  <enum_item value="3" text="Mye til stede" ICD10="R682" answer_id="57903" />
  <enum_item value="4" text="Lar seg ikke evaluere" answer_id="57904" />
</enumeration>

<enumeration enumeration_uid="10332">
  <enum_item value="1" text="Ja" answer_id="57884" />
  <enum_item value="2" text="Nei" answer_id="57885" />
</enumeration>

<enumeration enumeration_uid="10334">
  <enum_item value="1" text="Ikke til stede" answer_id="57907" />
  <enum_item value="2" text="Moderat eller periodevis til stede" answer_id="57908" />
  <enum_item value="3" text="Mye til stede" ICD10="R11" answer_id="57909" />
  <enum_item value="4" text="Lar seg ikke evaluere" answer_id="57910" />
</enumeration>

<enumeration enumeration_uid="10336">
  <enum_item value="0" text="Ikke til stede" answer_id="57931" />
  <enum_item value="1" text="Moderat eller periodevis til stede" answer_id="57932" />
  <enum_item value="2" text="Mye til stede" answer_id="57933" />
  <enum_item value="3" text="Lar seg ikke evaluere" answer_id="57934" />
</enumeration>

<!-- Start: Form items, generated XML -->

<question item_id="10332" mid="VAR10332" datatype="ORD" page_number="1" page_title="Situasjon og samtykke" page_introduction="Fra Status Presens + 1 ny." question_text="Samtykkekompetanse til legemiddelbehandling" optional="0" enumeration_uid="10332" />
<question item_id="10333" mid="VAR10333" datatype="NAR" page_number="1" page_title="Situasjon og samtykke" page_introduction="Fra Status Presens + 1 ny." question_text="Begrunnelse for vurderingen" optional="0" multiline="1" />
<question item_id="8342" mid="VAR8342" datatype="ORD" page_number="1" page_title="Situasjon og samtykke" page_introduction="Fra Status Presens + 1 ny." question_text="Bakgrunn for gjennomgangen" optional="0" enumeration_uid="8342" />
<question item_id="8422" mid="VAR8422" datatype="ORD" page_number="2" page_title="Deltagere" question_text="Lege tilstede" optional="1" enumeration_uid="8422" />
<question item_id="8423" mid="VAR8423" datatype="ORD" page_number="2" page_title="Deltagere" question_text="Sykepleier tilstede" optional="1" enumeration_uid="8423" />
<question item_id="8424" mid="VAR8424" datatype="ORD" page_number="2" page_title="Deltagere" question_text="Farmas&#248;yt tilstede" optional="1" enumeration_uid="8424" />
<question item_id="186" mid="PULSE_RATE" datatype="QN" page_number="3" page_title="Sirkulasjon/respirasjon" page_introduction="Fra Kurvenotat og Status Presens m.fl." question_text="Puls (slag/min)" optional="0" min_value="30" max_value="200" units="slag/min" group_id="PULSE_RATE" />
<question item_id="187" mid="PULSE_QUALITY" datatype="ORD" page_number="3" page_title="Sirkulasjon/respirasjon" page_introduction="Fra Kurvenotat og Status Presens m.fl." question_text="Pulskvalitet" optional="0" enumeration_uid="187" group_id="PULSE_QUALITY" />
<question item_id="4380" mid="O2_SATURATION" datatype="QN" page_number="3" page_title="Sirkulasjon/respirasjon" page_introduction="Fra Kurvenotat og Status Presens m.fl." question_text="O2-metning (%)" optional="1" min_value="80" max_value="100" units="%" decimals="1" group_id="O2_SATURATION" />
<question item_id="3556" mid="SBP_UNSPEC" datatype="QN" page_number="3" page_title="Sirkulasjon/respirasjon" page_introduction="Fra Kurvenotat og Status Presens m.fl." question_text="Systolisk BT (mmHg)" optional="0" min_value="50" max_value="250" units="mmHg" help_text="Sittende eller liggende." group_id="SBP_UNSPEC" />
<question item_id="3555" mid="DBP_UNSPEC" datatype="QN" page_number="3" page_title="Sirkulasjon/respirasjon" page_introduction="Fra Kurvenotat og Status Presens m.fl." question_text="Diastolisk BT (mmHg)" optional="0" min_value="30" max_value="130" units="mmHg" help_text="Sittende eller liggende." group_id="DBP_UNSPEC" />
<question item_id="199" mid="LUNG_DYSPNOEA" datatype="ORD" page_number="3" page_title="Sirkulasjon/respirasjon" page_introduction="Fra Kurvenotat og Status Presens m.fl." question_text="Dyspnoe" optional="0" enumeration_uid="199" group_id="LUNG_DYSPNOEA" />
<question item_id="221" mid="LEG_EDEMAS" datatype="ORD" page_number="3" page_title="Sirkulasjon/respirasjon" page_introduction="Fra Kurvenotat og Status Presens m.fl." question_text="Ankel&#248;demer" optional="0" enumeration_uid="221" group_id="LEG_EDEMAS" />
<question item_id="10321" mid="ESASR_01" datatype="QN" page_number="4" page_title="Smerter" page_introduction="Fra ESAS" question_text="Smerte" optional="0" min_value="0" max_value="10" help_text="0 = Ingen smerte, 10 = Verst tenkelig smerte." group_id="ESASR_01" />
<question item_id="722" mid="HULTEN_ANGINA" datatype="ORD" page_number="5" page_title="Smerter" page_introduction="Fra Hulten" question_text="Klager over angina pectoris" optional="0" enumeration_uid="722" group_id="HULTEN_ANGINA" />
<question item_id="723" mid="HULTEN_SMERTER" datatype="ORD" page_number="5" page_title="Smerter" page_introduction="Fra Hulten" question_text="Andre smertetilstander" optional="0" enumeration_uid="723" group_id="HULTEN_SMERTER" />
<question item_id="726" mid="HULTEN_URININKONTINENS" datatype="ORD" page_number="6" page_title="Eliminasjon" page_introduction="Fra Hulten og Bl&#230;rescanning + 1 ny" question_text="Urininkontinens" optional="0" enumeration_uid="726" group_id="HULTEN_URININKONTINENS" />
<question item_id="8341" mid="ICD10_R33" datatype="ORD" page_number="7" question_text="Urinretensjon" optional="0" enumeration_uid="8341" group_id="ICD10_R33" />
<question item_id="5886" mid="VAR5886" datatype="ORD" page_number="8" question_text="Sannsynlig &#229;rsak til urinretensjon hos pasienten" optional="0" enumeration_uid="5886" />
<question item_id="724" mid="HULTEN_AVFOERING" datatype="ORD" page_number="9" question_text="Avf&#248;ring" optional="0" enumeration_uid="724" group_id="HULTEN_AVFOERING" />
<question item_id="3225" mid="HEIGHT" datatype="QN" page_number="10" page_title="Ern&#230;ring" question_text="H&#248;yde (cm)" optional="0" carry_forward="1" min_value="50" max_value="220" units="cm" help_text="Uten sko." group_id="HEIGHT" />
<question item_id="3224" mid="WEIGHT" datatype="QN" page_number="10" page_title="Ern&#230;ring" question_text="Vekt (kg)" optional="0" min_value="10" max_value="400" units="kg" decimals="1" help_text="Uten sko og yttert&#248;y." group_id="WEIGHT" />
<question item_id="3310" mid="BMI" datatype="QN" page_number="10" page_title="Ern&#230;ring" question_text="BMI (kg/m2)" optional="0" min_value="5" max_value="150" units="kg/m2" decimals="1" expression="WEIGHT/((HEIGHT/100)*(HEIGHT/100)) * ISPOS(WEIGHT)*ISPOS(HEIGHT)" help_text="Beregnes automatisk" group_id="BMI" />
<question item_id="10331" mid="VAR10331" datatype="ORD" page_number="10" page_title="Ern&#230;ring" question_text="Munnt&#248;rrhet" optional="0" enumeration_uid="10331" />
<question item_id="10334" mid="VAR10334" datatype="ORD" page_number="10" page_title="Ern&#230;ring" question_text="Kvalme" optional="0" enumeration_uid="10334" />
<question item_id="734" mid="HULTEN_GANGE" datatype="ORD" page_number="11" page_title="Fysisk funksjonsniv&#229;" page_introduction="Gangfunksjon fra &quot;Hulten pleietyngde&quot;, fallrisiko fra &quot;Fallrisikovurdering&quot;, Ortostatisme fra &quot;Addisons Sykdom&quot;" header="Gangfunksjon" question_text="G&#229;r..." optional="0" enumeration_uid="734" group_id="HULTEN_GANGE" />
<question item_id="3613" mid="FALL_SISTE12MND" datatype="ORD" page_number="12" page_introduction="Aktualiseres for pasienter som kan g&#229;." question_text="Har pasienten falt minst en gang i l&#248;pet av siste &#229;r?" optional="0" enumeration_uid="3613" group_id="FALL_SISTE12MND" />
<question item_id="3614" mid="FALL_BALANSE" datatype="ORD" page_number="12" page_introduction="Aktualiseres for pasienter som kan g&#229;." question_text="Har pasienten balanse- eller gangproblemer, men er fortsatt i stand til &#229; g&#229;?" optional="0" enumeration_uid="3614" group_id="FALL_BALANSE" />
<question item_id="5671" mid="Ortostatisme" datatype="ORD" page_number="12" page_introduction="Aktualiseres for pasienter som kan g&#229;." question_text="Ortostatisk svimmelhet" optional="0" enumeration_uid="5671" group_id="Ortostatisme" />
<question item_id="4533" mid="CORNELL_A1" datatype="ORD" page_number="14" page_title="Psykisk funksjonsniv&#229;" page_introduction="Fra Cornell Depresjonsskala" question_text="Angst, engstelig uttrykk, grubling, bekymring" optional="0" enumeration_uid="4533" group_id="CORNELL_A1" />
<question item_id="4534" mid="CORNELL_A2" datatype="ORD" page_number="14" page_title="Psykisk funksjonsniv&#229;" page_introduction="Fra Cornell Depresjonsskala" question_text="Tristhet, trist stemme, tar til t&#229;rene" optional="0" enumeration_uid="4534" group_id="CORNELL_A2" />
<question item_id="4537" mid="CORNELL_B5" datatype="ORD" page_number="14" page_title="Psykisk funksjonsniv&#229;" page_introduction="Fra Cornell Depresjonsskala" question_text="Agitert, rastl&#248;s, vrir hendene, river seg i h&#229;ret" optional="0" enumeration_uid="4537" group_id="CORNELL_B5" />
<question item_id="10336" mid="VAR10336" datatype="ORD" page_number="14" page_title="Psykisk funksjonsniv&#229;" page_introduction="Fra Cornell Depresjonsskala" question_text="Tretthet p&#229; dagtid" optional="0" enumeration_uid="10336" help_text="Tenk spesielt p&#229; tretthet som kan skyldes medisiner.  Angi i fritekstfeltet i hvilke situasjoner pasienten er trett" />
<question item_id="4545" mid="CORNELL_D13" datatype="ORD" page_number="15" page_title="S&#248;vn" page_introduction="Fra Cornell Depresjonsskala" question_text="Innsovningsvansker, sovner senere enn det som er vanlig for pasienten" optional="0" enumeration_uid="4545" group_id="CORNELL_D13" />
<question item_id="4546" mid="CORNELL_D14" datatype="ORD" page_number="15" page_title="S&#248;vn" page_introduction="Fra Cornell Depresjonsskala" question_text="Hyppige oppv&#229;kninger i l&#248;pet av natten" optional="0" enumeration_uid="4546" group_id="CORNELL_D14" />
<question item_id="4547" mid="CORNELL_D15" datatype="ORD" page_number="15" page_title="S&#248;vn" page_introduction="Fra Cornell Depresjonsskala" question_text="Tidlig morgen-oppv&#229;kning, tidligere enn vanlig for denne pasienten" optional="0" enumeration_uid="4547" group_id="CORNELL_D15" />
<question item_id="5475" mid="MDS_K1" datatype="ORD" page_number="16" page_title="Funksjonsniv&#229; ved inntak av legemidler" page_introduction="Fra MDS + 2 nye" header="Svelgproblemer" question_text="Har beboer tegn til svelgproblemer?" optional="0" carry_forward="1" enumeration_uid="5475" help_text="(Mister mat fra munnen, hoster eller klager over smerter ved svelging. Restmat i munnen.)" group_id="MDS_K1" />
<question item_id="8339" mid="VAR8339" datatype="ORD" page_number="17" question_text="Tabletter m&#229; knuses" optional="0" enumeration_uid="8339" />
<question item_id="8340" mid="VAR8340" datatype="ORD" page_number="18" question_text="Motsetter seg legemidler" optional="0" enumeration_uid="8340" />
<question item_id="8425" mid="VAR8425" datatype="ORD" page_number="19" page_title="Tiltak" question_text="Ble det gjort endringer ved gjennomgangen" optional="1" enumeration_uid="8425" />
<question item_id="8426" mid="VAR8426" datatype="NAR" page_number="20" question_text="Endringer gjennomf&#248;rt" optional="1" multiline="1" help_text="Beskriv endringer som ble gjort som et resultat av gjennomgangen" />

<!-- Start: Form actions, generated XML -->

<question_action master_question_mid="HULTEN_URININKONTINENS" detail_question_mid="ICD10_R33" enum_item_value="5" activate="6" />
<question_action master_question_mid="ICD10_R33" detail_question_mid="VAR5886" enum_item_value="1" activate="1" />
<question_action master_question_mid="HULTEN_GANGE" detail_question_mid="FALL_SISTE12MND" enum_item_value="1" activate="1" />
<question_action master_question_mid="HULTEN_GANGE" detail_question_mid="FALL_SISTE12MND" enum_item_value="2" activate="1" />
<question_action master_question_mid="HULTEN_GANGE" detail_question_mid="FALL_SISTE12MND" enum_item_value="3" activate="1" />
<question_action master_question_mid="HULTEN_GANGE" detail_question_mid="FALL_BALANSE" enum_item_value="1" activate="1" />
<question_action master_question_mid="HULTEN_GANGE" detail_question_mid="FALL_BALANSE" enum_item_value="2" activate="1" />
<question_action master_question_mid="HULTEN_GANGE" detail_question_mid="FALL_BALANSE" enum_item_value="3" activate="1" />
<question_action master_question_mid="HULTEN_GANGE" detail_question_mid="Ortostatisme" enum_item_value="1" activate="1" />
<question_action master_question_mid="HULTEN_GANGE" detail_question_mid="Ortostatisme" enum_item_value="2" activate="1" />
<question_action master_question_mid="HULTEN_GANGE" detail_question_mid="Ortostatisme" enum_item_value="3" activate="1" />
<question_action master_question_mid="MDS_K1" detail_question_mid="VAR8339" enum_item_value="1" activate="1" />
</form>
