<?xml version="1.0" encoding="ISO-8859-1"?>
<FEST.GruppeVilkar>
<row Id="{B209311F-9485-41EA-A278-3B863BBCE8B8}" RefRefusjonsgruppe="RID_131141" RefVilkar="ID_5010"/>
<row Id="{C851C59F-5675-4F85-9E7A-62E58DBF0022}" RefRefusjonsgruppe="RID_131142" RefVilkar="ID_5010"/>
<row Id="{29AF41ED-5168-4388-8168-D14E87582CE8}" RefRefusjonsgruppe="RID_131143" RefVilkar="ID_5010"/>
<row Id="{8A099F67-DA60-47FA-9DB0-7049815BDF4C}" RefRefusjonsgruppe="RID_131189" RefVilkar="ID_5010"/>
<row Id="{D3B85348-B356-4BF3-82E3-60F74120924B}" RefRefusjonsgruppe="RID_131190" RefVilkar="ID_5010"/>
<row Id="{AF59828A-1B3D-4233-8BFF-F926E7A6C157}" RefRefusjonsgruppe="RID_131191" RefVilkar="ID_5010"/>
<row Id="{C9434B2B-E5AD-4B06-8A95-43BEABDBF2C1}" RefRefusjonsgruppe="RID_131192" RefVilkar="ID_5010"/>
<row Id="{132F191F-EA86-490A-911A-7A2E0ECFFBB7}" RefRefusjonsgruppe="RID_131193" RefVilkar="ID_5010"/>
<row Id="{1B477F6F-44D2-414B-AAAD-09104997EF58}" RefRefusjonsgruppe="RID_131194" RefVilkar="ID_5010"/>
<row Id="{9B72A72A-3C4B-4F8E-B5E7-7E4F5C527064}" RefRefusjonsgruppe="RID_131195" RefVilkar="ID_5010"/>
<row Id="{22A831DC-C771-4910-880C-F68472090313}" RefRefusjonsgruppe="RID_131248" RefVilkar="ID_5010"/>
<row Id="{11E9DF78-CD9B-4791-8564-ECE22B6A1B38}" RefRefusjonsgruppe="RID_131249" RefVilkar="ID_5010"/>
<row Id="{C46EC372-D9AD-4C12-B5F4-B216B08C1FA3}" RefRefusjonsgruppe="RID_131250" RefVilkar="ID_5010"/>
<row Id="{BF646478-F077-43F0-A984-1922C0B3204D}" RefRefusjonsgruppe="RID_131251" RefVilkar="ID_5010"/>
<row Id="{76AA77DE-B389-4DD8-AF81-2C1577F0DDA0}" RefRefusjonsgruppe="RID_131252" RefVilkar="ID_5010"/>
<row Id="{B748D733-6EBE-4A31-A422-1978CCE2975C}" RefRefusjonsgruppe="RID_131253" RefVilkar="ID_5010"/>
<row Id="{7A9243E6-A77C-4005-ADBC-8F4D7F11B3FE}" RefRefusjonsgruppe="RID_131254" RefVilkar="ID_5010"/>
<row Id="{D1EE775F-BC7B-44CE-8B14-473CD209A9AF}" RefRefusjonsgruppe="RID_131258" RefVilkar="ID_5010"/>
<row Id="{C6EB7D39-C36A-4F62-8EF6-893EA2C9B34C}" RefRefusjonsgruppe="RID_131259" RefVilkar="ID_5010"/>
<row Id="{40A2F476-474F-4987-B96A-32E48A1101D4}" RefRefusjonsgruppe="RID_131260" RefVilkar="ID_5010"/>
<row Id="{50BC38E2-B810-4F82-8858-77F878D2B17A}" RefRefusjonsgruppe="RID_131261" RefVilkar="ID_5010"/>
<row Id="{3536F32E-085C-450E-9D49-B2EE070BD1CF}" RefRefusjonsgruppe="RID_131262" RefVilkar="ID_5010"/>
<row Id="{D475BAC7-202B-4F3A-86A8-C1FF73AE1FD8}" RefRefusjonsgruppe="RID_131263" RefVilkar="ID_5010"/>
<row Id="{DB5FEB14-7FC8-46D6-8CC0-CA34F35042F8}" RefRefusjonsgruppe="RID_131264" RefVilkar="ID_5010"/>
<row Id="{EBC28263-AE63-4F0A-8B3E-E8B6B81A16E8}" RefRefusjonsgruppe="RID_131265" RefVilkar="ID_5010"/>
<row Id="{C0EDC2ED-47C4-484D-BC6F-FF187C0ECE03}" RefRefusjonsgruppe="RID_131266" RefVilkar="ID_5010"/>
<row Id="{BE66B1C4-A0DA-4453-9F17-D375A14FEE34}" RefRefusjonsgruppe="RID_131267" RefVilkar="ID_5010"/>
<row Id="{684F1024-E1A5-462A-867A-E9CB1AC8A7C0}" RefRefusjonsgruppe="RID_131268" RefVilkar="ID_5010"/>
<row Id="{DC40A01F-546C-4125-A17D-69F97E69AA83}" RefRefusjonsgruppe="RID_131269" RefVilkar="ID_5010"/>
<row Id="{20E22B41-A610-4265-8A57-73BC057D3CBC}" RefRefusjonsgruppe="RID_131270" RefVilkar="ID_5010"/>
<row Id="{F9688045-63E9-4757-AF1C-280E289A1F71}" RefRefusjonsgruppe="RID_131271" RefVilkar="ID_5010"/>
<row Id="{EB298A83-61AA-465E-8D86-082A5AE3628E}" RefRefusjonsgruppe="RID_131272" RefVilkar="ID_5010"/>
<row Id="{692336EB-22F1-4390-9398-5C3957A66462}" RefRefusjonsgruppe="RID_131273" RefVilkar="ID_5010"/>
<row Id="{2E103DE0-B773-44E9-8F90-184D2DA19DB0}" RefRefusjonsgruppe="RID_131274" RefVilkar="ID_5010"/>
<row Id="{EB14A300-212B-4299-9888-1A66802F949C}" RefRefusjonsgruppe="RID_136048" RefVilkar="ID_5010"/>
<row Id="{08AB3801-F01E-49BF-A988-92CFF4051D1A}" RefRefusjonsgruppe="RID_138608" RefVilkar="ID_5010"/>
<row Id="{99F80C0C-412B-4784-8EF3-E6C670A28E40}" RefRefusjonsgruppe="RID_1422749" RefVilkar="ID_5010"/>
<row Id="{A5CF5492-3C89-4EFF-8951-0F473185361A}" RefRefusjonsgruppe="RID_2384761" RefVilkar="ID_5010"/>
<row Id="{44A12E0F-A556-4ED5-A4D8-7460EDF8FE28}" RefRefusjonsgruppe="RID_131141" RefVilkar="ID_5011"/>
<row Id="{3A8DB831-D1A2-4F4A-AAEA-03AB2F27CBB3}" RefRefusjonsgruppe="RID_131142" RefVilkar="ID_5011"/>
<row Id="{9549DC27-8DD0-4A20-A3CA-1157881525DA}" RefRefusjonsgruppe="RID_131143" RefVilkar="ID_5011"/>
<row Id="{5F4A10DB-359C-4496-AB67-732830886608}" RefRefusjonsgruppe="RID_131189" RefVilkar="ID_5011"/>
<row Id="{3E8D4B60-9311-450A-A4F8-D8C09FE4A276}" RefRefusjonsgruppe="RID_131190" RefVilkar="ID_5011"/>
<row Id="{B765A947-024A-4498-98C9-1F3501626CFF}" RefRefusjonsgruppe="RID_131191" RefVilkar="ID_5011"/>
<row Id="{ADA14153-6670-4981-A42D-FF990A3EE109}" RefRefusjonsgruppe="RID_131192" RefVilkar="ID_5011"/>
<row Id="{D78E44B3-F44F-4098-9DFC-743A7E5DE1F3}" RefRefusjonsgruppe="RID_131193" RefVilkar="ID_5011"/>
<row Id="{D991B358-6E1A-4EE8-BB8D-B5273A6F31F8}" RefRefusjonsgruppe="RID_131194" RefVilkar="ID_5011"/>
<row Id="{101588CA-4399-4AE4-86EA-5F45BD2ECDE8}" RefRefusjonsgruppe="RID_131195" RefVilkar="ID_5011"/>
<row Id="{6A5EC446-A4D1-43D4-90BA-9FF1EC1F2A44}" RefRefusjonsgruppe="RID_131248" RefVilkar="ID_5011"/>
<row Id="{46770BDA-DFDB-4751-9EAD-B5370053E496}" RefRefusjonsgruppe="RID_131249" RefVilkar="ID_5011"/>
<row Id="{421D9F91-6924-49C8-ABEF-FD4F534503B3}" RefRefusjonsgruppe="RID_131250" RefVilkar="ID_5011"/>
<row Id="{A5CCA739-63D9-42D5-B7A9-F11572BC0AE2}" RefRefusjonsgruppe="RID_131251" RefVilkar="ID_5011"/>
<row Id="{8201345D-250D-4337-93BF-9358C90B4E7A}" RefRefusjonsgruppe="RID_131252" RefVilkar="ID_5011"/>
<row Id="{50E0A2D7-4C12-4B0F-859E-0050B3626E80}" RefRefusjonsgruppe="RID_131253" RefVilkar="ID_5011"/>
<row Id="{50BBCFC2-71CF-45AC-A1BE-848A53767377}" RefRefusjonsgruppe="RID_131254" RefVilkar="ID_5011"/>
<row Id="{2C5D8CB8-89D5-447D-BF14-5EB28F1FB451}" RefRefusjonsgruppe="RID_131258" RefVilkar="ID_5011"/>
<row Id="{83066729-AD13-4047-A11C-7B772EB26C41}" RefRefusjonsgruppe="RID_131259" RefVilkar="ID_5011"/>
<row Id="{0DD725A3-F993-4079-B91A-6160720E02EB}" RefRefusjonsgruppe="RID_131260" RefVilkar="ID_5011"/>
<row Id="{B0608228-2924-4043-A409-648DFC37C9D9}" RefRefusjonsgruppe="RID_131261" RefVilkar="ID_5011"/>
<row Id="{A155AC7E-806D-4B29-AB11-6719AC83F10C}" RefRefusjonsgruppe="RID_131262" RefVilkar="ID_5011"/>
<row Id="{F342F22F-EB49-4667-93EB-240BF785DEBB}" RefRefusjonsgruppe="RID_131263" RefVilkar="ID_5011"/>
<row Id="{D21B1E1F-EAF1-4FE5-A8FC-F44D1904D4D1}" RefRefusjonsgruppe="RID_131264" RefVilkar="ID_5011"/>
<row Id="{D5EE657B-1048-46EF-A1DB-8ABD7179ECB2}" RefRefusjonsgruppe="RID_131265" RefVilkar="ID_5011"/>
<row Id="{1FA05DA8-2D6A-4B32-8E9B-E37ABBEBC2C7}" RefRefusjonsgruppe="RID_131266" RefVilkar="ID_5011"/>
<row Id="{7BD0A012-9D18-4ABC-931A-B5D43B97F140}" RefRefusjonsgruppe="RID_131267" RefVilkar="ID_5011"/>
<row Id="{A61C0BCE-9F82-447E-8250-A9DB5FFDDC74}" RefRefusjonsgruppe="RID_131268" RefVilkar="ID_5011"/>
<row Id="{B635BD3C-628D-4BC6-9DDB-CE363DEC3E7C}" RefRefusjonsgruppe="RID_131269" RefVilkar="ID_5011"/>
<row Id="{00D05D94-0ACB-4B2B-8572-993541A2C73E}" RefRefusjonsgruppe="RID_131270" RefVilkar="ID_5011"/>
<row Id="{56F5E729-EA25-4371-A19D-D91FE88A009C}" RefRefusjonsgruppe="RID_131271" RefVilkar="ID_5011"/>
<row Id="{A6343038-27F6-497C-82B1-A3FE2DE54BA9}" RefRefusjonsgruppe="RID_131272" RefVilkar="ID_5011"/>
<row Id="{54BC99D7-9F4D-4675-91AD-042FFDE710F6}" RefRefusjonsgruppe="RID_131273" RefVilkar="ID_5011"/>
<row Id="{EC9358F3-A70A-4C21-92A9-98CA259FF533}" RefRefusjonsgruppe="RID_131274" RefVilkar="ID_5011"/>
<row Id="{83A0B6D1-818D-45ED-9337-AE7F246541BF}" RefRefusjonsgruppe="RID_136048" RefVilkar="ID_5011"/>
<row Id="{A509E82C-F819-4715-A462-96F40A8A6A73}" RefRefusjonsgruppe="RID_138608" RefVilkar="ID_5011"/>
<row Id="{DF254EDD-FE1E-4729-AF7F-2E2004D12653}" RefRefusjonsgruppe="RID_1422749" RefVilkar="ID_5011"/>
<row Id="{CE2A1B53-219F-481C-8163-C791A7199BA2}" RefRefusjonsgruppe="RID_2384761" RefVilkar="ID_5011"/>
<row Id="{2B8F4B65-3AB3-4DF2-A6E2-321583CDB318}" RefRefusjonsgruppe="RID_131258" RefVilkar="ID_5013"/>
<row Id="{90563309-0AA7-4165-991E-229F8CFC8287}" RefRefusjonsgruppe="RID_131323" RefVilkar="ID_5016"/>
<row Id="{CEA95271-F4D8-4F3B-9015-7E17BEA4859D}" RefRefusjonsgruppe="RID_131324" RefVilkar="ID_5016"/>
<row Id="{79AFE9B2-32C5-4B8D-B271-48D2B7305E49}" RefRefusjonsgruppe="RID_131326" RefVilkar="ID_5016"/>
<row Id="{74CF8741-897F-462E-B9D3-E265DB0DCA9E}" RefRefusjonsgruppe="RID_131413" RefVilkar="ID_5016"/>
<row Id="{16ED5997-4ADA-4B73-94EC-0107B1F96C7C}" RefRefusjonsgruppe="RID_1422749" RefVilkar="ID_5016"/>
<row Id="{3E49B8A5-4F38-4AA3-A921-77EB9D527242}" RefRefusjonsgruppe="RID_348956" RefVilkar="ID_5016"/>
<row Id="{DCBDE936-D322-4434-95DF-5D2C102614C2}" RefRefusjonsgruppe="RID_936952" RefVilkar="ID_5016"/>
<row Id="{95672F0A-77DC-4EAF-A498-2ACDB7AC45B5}" RefRefusjonsgruppe="RID_131141" RefVilkar="ID_5017"/>
<row Id="{AB0E694A-8310-4FC5-A379-84B553D85E8E}" RefRefusjonsgruppe="RID_131142" RefVilkar="ID_5017"/>
<row Id="{9DFACEE7-7EEB-4F0B-91B3-C763CDA83CDD}" RefRefusjonsgruppe="RID_131192" RefVilkar="ID_5017"/>
<row Id="{4518DD34-2100-4AA9-A829-18EE2DDC46E3}" RefRefusjonsgruppe="RID_131194" RefVilkar="ID_5017"/>
<row Id="{109FAD34-1C7D-4759-9945-27ADD65EF485}" RefRefusjonsgruppe="RID_131170" RefVilkar="ID_5018"/>
<row Id="{34C48E9A-A33E-49E9-928E-D5262DAFABF7}" RefRefusjonsgruppe="RID_131196" RefVilkar="ID_5018"/>
<row Id="{18DB786A-5C6C-47BC-A4AA-B58AE4B98926}" RefRefusjonsgruppe="RID_268951" RefVilkar="ID_5018"/>
<row Id="{3E79137E-4A68-45D5-AB25-BD2D44261E63}" RefRefusjonsgruppe="RID_131173" RefVilkar="ID_5019"/>
<row Id="{EEE74384-00B8-47DC-849E-C872E1CA14E9}" RefRefusjonsgruppe="RID_131213" RefVilkar="ID_5019"/>
<row Id="{67D05C2C-FEA6-4DDE-8B17-B8FFE76A2858}" RefRefusjonsgruppe="RID_131170" RefVilkar="ID_5020"/>
<row Id="{430FAE36-728E-470E-A757-8757E0EF6B8F}" RefRefusjonsgruppe="RID_131196" RefVilkar="ID_5020"/>
<row Id="{8C613B4C-399E-423B-91D6-D246322CBAD1}" RefRefusjonsgruppe="RID_131409" RefVilkar="ID_5020"/>
<row Id="{9BAC96F8-8F23-410B-A818-930485C9180E}" RefRefusjonsgruppe="RID_131410" RefVilkar="ID_5020"/>
<row Id="{53C1493A-4CAD-4CEA-B358-F205159FFCBC}" RefRefusjonsgruppe="RID_131411" RefVilkar="ID_5020"/>
<row Id="{F638E6FA-30AE-4AE0-8E11-DBE0B874E3B9}" RefRefusjonsgruppe="RID_131412" RefVilkar="ID_5020"/>
<row Id="{292361CD-0BA9-4AA7-9088-E69A3C527C22}" RefRefusjonsgruppe="RID_131413" RefVilkar="ID_5020"/>
<row Id="{18A8FB87-96AB-4105-A279-23141D7D8A88}" RefRefusjonsgruppe="RID_131414" RefVilkar="ID_5020"/>
<row Id="{17D0CB0C-5461-4F7D-99A3-8071CD03C552}" RefRefusjonsgruppe="RID_131415" RefVilkar="ID_5020"/>
<row Id="{D24882D3-4AE3-406A-9421-C9723A5D243D}" RefRefusjonsgruppe="RID_131416" RefVilkar="ID_5020"/>
<row Id="{067F0077-0277-444A-B1BD-D7D7E10402DB}" RefRefusjonsgruppe="RID_131417" RefVilkar="ID_5020"/>
<row Id="{9D0CE8DF-F76C-4366-A952-81BFAA93F0AA}" RefRefusjonsgruppe="RID_131418" RefVilkar="ID_5020"/>
<row Id="{6B102369-6F18-4C93-881E-3A1294DF7A5F}" RefRefusjonsgruppe="RID_131419" RefVilkar="ID_5020"/>
<row Id="{41705CE1-F80E-45A4-9D68-85968FCB0D14}" RefRefusjonsgruppe="RID_131420" RefVilkar="ID_5020"/>
<row Id="{5BD7C19B-8EA9-43F1-9A3F-3BC699C5CAFD}" RefRefusjonsgruppe="RID_131421" RefVilkar="ID_5020"/>
<row Id="{19A1B4BA-C286-4ED6-8BDB-E401934EDC31}" RefRefusjonsgruppe="RID_1562749" RefVilkar="ID_5020"/>
<row Id="{DC79F117-E12E-4865-B27F-29B62A923FA2}" RefRefusjonsgruppe="RID_268951" RefVilkar="ID_5020"/>
<row Id="{E2892993-8E00-4C0D-BFC8-E21EE6D78DBD}" RefRefusjonsgruppe="RID_268952" RefVilkar="ID_5020"/>
<row Id="{C3E165F6-AFAB-43C6-B66A-85A2B9F87294}" RefRefusjonsgruppe="RID_268953" RefVilkar="ID_5020"/>
<row Id="{679C9D72-4F80-4D86-B0B7-4902824E5B56}" RefRefusjonsgruppe="RID_268954" RefVilkar="ID_5020"/>
<row Id="{51EBB8AB-98C6-40CD-8FE0-6922D1B26C82}" RefRefusjonsgruppe="RID_268955" RefVilkar="ID_5020"/>
<row Id="{F0B27FBA-1DAC-47AB-A362-BE6FBAFC4D43}" RefRefusjonsgruppe="RID_268956" RefVilkar="ID_5020"/>
<row Id="{7F63F982-29B6-44AF-A2ED-565EDDCA01E3}" RefRefusjonsgruppe="RID_268957" RefVilkar="ID_5020"/>
<row Id="{9172F71B-6718-4D93-9299-DD382113C823}" RefRefusjonsgruppe="RID_268958" RefVilkar="ID_5020"/>
<row Id="{F58A079E-3DFA-495C-A0A1-8CC4FE50969A}" RefRefusjonsgruppe="RID_348956" RefVilkar="ID_5020"/>
<row Id="{F0893313-7E7E-4D2E-86FF-0B4F4B34C903}" RefRefusjonsgruppe="RID_131417" RefVilkar="ID_5021"/>
<row Id="{4012AA09-D7E6-4920-83B7-1312F383F0A6}" RefRefusjonsgruppe="RID_131418" RefVilkar="ID_5021"/>
<row Id="{7CF8A29E-1133-43AA-9498-D4ABD7C74C94}" RefRefusjonsgruppe="RID_348956" RefVilkar="ID_5022"/>
<row Id="{B6441352-EF7B-4888-B0DA-9DB1D359B2F7}" RefRefusjonsgruppe="RID_348956" RefVilkar="ID_5023"/>
<row Id="{C58EE84A-D92E-466E-87CB-25914252E607}" RefRefusjonsgruppe="RID_131413" RefVilkar="ID_5026"/>
<row Id="{AB375ABD-8D7E-4C2B-BBC5-6EA4906792DE}" RefRefusjonsgruppe="RID_131171" RefVilkar="ID_5030"/>
<row Id="{FEC0E222-CEAE-4BA5-8CBE-EB140F9B4CE8}" RefRefusjonsgruppe="RID_131197" RefVilkar="ID_5030"/>
<row Id="{B69B934C-8BBB-429B-A1DB-FD0AF3CFE2FF}" RefRefusjonsgruppe="RID_131376" RefVilkar="ID_5030"/>
<row Id="{735030BB-C202-4FE8-8003-C7F4D6978770}" RefRefusjonsgruppe="RID_131377" RefVilkar="ID_5030"/>
<row Id="{E9DB09EE-1373-4C4C-9671-EA27F502D550}" RefRefusjonsgruppe="RID_131378" RefVilkar="ID_5030"/>
<row Id="{50FA512E-3E1B-4029-B81E-5F515AB58112}" RefRefusjonsgruppe="RID_131379" RefVilkar="ID_5030"/>
<row Id="{CEAFC8B1-3B1F-4915-BD0D-1BEC28F17AA3}" RefRefusjonsgruppe="RID_131380" RefVilkar="ID_5030"/>
<row Id="{FFE8938E-65D5-405D-BA75-75F2FCF7A933}" RefRefusjonsgruppe="RID_131381" RefVilkar="ID_5030"/>
<row Id="{2E756AD8-FF6F-47A1-93DC-C3B9EB1A5684}" RefRefusjonsgruppe="RID_131382" RefVilkar="ID_5030"/>
<row Id="{F66184E3-46C1-414B-BC2B-40822A06A563}" RefRefusjonsgruppe="RID_131172" RefVilkar="ID_5040"/>
<row Id="{E246AA4B-1AAB-4D15-B512-D2F2BA955B47}" RefRefusjonsgruppe="RID_131198" RefVilkar="ID_5040"/>
<row Id="{98FAE077-B22A-48F9-9A84-8E899EA3D75E}" RefRefusjonsgruppe="RID_131199" RefVilkar="ID_5040"/>
<row Id="{4BD08597-562A-42BE-9472-2BE4AE8ABE06}" RefRefusjonsgruppe="RID_131200" RefVilkar="ID_5040"/>
<row Id="{58210CD1-4E2A-45A8-8EF1-CC7F773274DE}" RefRefusjonsgruppe="RID_131201" RefVilkar="ID_5040"/>
<row Id="{659F6FCD-073A-4D94-81F1-97E8F3B6ECDA}" RefRefusjonsgruppe="RID_131202" RefVilkar="ID_5040"/>
<row Id="{DC296BA0-B455-4BD5-B17F-7BC4148C154A}" RefRefusjonsgruppe="RID_131203" RefVilkar="ID_5040"/>
<row Id="{A7DD84CF-D5D8-4591-ACF0-79D21D5CB6DB}" RefRefusjonsgruppe="RID_131204" RefVilkar="ID_5040"/>
<row Id="{ED4546CF-EAF7-4A87-9891-045107115856}" RefRefusjonsgruppe="RID_131397" RefVilkar="ID_5040"/>
<row Id="{4DC24FE8-3EBF-41A6-8C2A-4DCA74BC0230}" RefRefusjonsgruppe="RID_131398" RefVilkar="ID_5040"/>
<row Id="{0BCDA5E9-1F37-46EE-BB69-40E3F64302D1}" RefRefusjonsgruppe="RID_131399" RefVilkar="ID_5040"/>
<row Id="{F6C62578-5304-4F25-A901-DE6ED267F916}" RefRefusjonsgruppe="RID_131400" RefVilkar="ID_5040"/>
<row Id="{1E4315C5-7AE3-4DDE-A55E-2EA014DD9CB0}" RefRefusjonsgruppe="RID_131401" RefVilkar="ID_5040"/>
<row Id="{7D6D538F-FBD9-46C3-B4DC-058E74511E6C}" RefRefusjonsgruppe="RID_131402" RefVilkar="ID_5040"/>
<row Id="{B0439495-130E-43E6-BDC6-3663F750FD42}" RefRefusjonsgruppe="RID_131403" RefVilkar="ID_5040"/>
<row Id="{5258574B-1D43-42D2-91A6-0C53D05129BA}" RefRefusjonsgruppe="RID_131404" RefVilkar="ID_5040"/>
<row Id="{5971450A-3274-4B66-9B18-B777F13B1553}" RefRefusjonsgruppe="RID_131405" RefVilkar="ID_5040"/>
<row Id="{6D340855-B830-413D-A557-D05860A2BEB7}" RefRefusjonsgruppe="RID_131406" RefVilkar="ID_5040"/>
<row Id="{EB378777-CF08-4619-9AE9-CCE4247AD9AB}" RefRefusjonsgruppe="RID_131408" RefVilkar="ID_5040"/>
<row Id="{2931B071-A6AF-4AC8-81B2-8A2B3E68317B}" RefRefusjonsgruppe="RID_131172" RefVilkar="ID_5043"/>
<row Id="{3EC6DF15-E291-43D3-840F-623A3AD4FCDC}" RefRefusjonsgruppe="RID_131397" RefVilkar="ID_5044"/>
<row Id="{2D94E572-67CA-4AF5-98FD-77EF66335F65}" RefRefusjonsgruppe="RID_131198" RefVilkar="ID_5045"/>
<row Id="{A19620D7-4060-4191-8FFF-1C21343BCD87}" RefRefusjonsgruppe="RID_131397" RefVilkar="ID_5045"/>
<row Id="{7BCD6A4B-C7C7-475F-A143-BEB64165281A}" RefRefusjonsgruppe="RID_1112952" RefVilkar="ID_5050"/>
<row Id="{5D937C06-F588-444B-936A-DD10B907986F}" RefRefusjonsgruppe="RID_131173" RefVilkar="ID_5050"/>
<row Id="{55BBDDF4-521E-449F-AF1C-CE82D505FDA7}" RefRefusjonsgruppe="RID_131205" RefVilkar="ID_5050"/>
<row Id="{79AACDDA-75CE-40BF-BAEE-53E2771FB593}" RefRefusjonsgruppe="RID_131206" RefVilkar="ID_5050"/>
<row Id="{B7F9F782-5079-4249-9ED5-CDAB2F0251C6}" RefRefusjonsgruppe="RID_131207" RefVilkar="ID_5050"/>
<row Id="{4737D8CA-FF4F-44FC-919C-10788826C42D}" RefRefusjonsgruppe="RID_131208" RefVilkar="ID_5050"/>
<row Id="{041BB4DF-6F60-44A5-BE76-E7569349A660}" RefRefusjonsgruppe="RID_131209" RefVilkar="ID_5050"/>
<row Id="{42D9107D-2DEB-4DDB-8AE1-5F5858682703}" RefRefusjonsgruppe="RID_131210" RefVilkar="ID_5050"/>
<row Id="{F60D75B7-5A49-498F-A05D-B0712157BE6D}" RefRefusjonsgruppe="RID_131211" RefVilkar="ID_5050"/>
<row Id="{BDF96688-5585-470B-A1E5-F99A536D4BD7}" RefRefusjonsgruppe="RID_131212" RefVilkar="ID_5050"/>
<row Id="{FF515FE4-128B-46FD-819C-D128F875E3BB}" RefRefusjonsgruppe="RID_131213" RefVilkar="ID_5050"/>
<row Id="{8C6AC3F9-6B61-4B9E-A37E-2DD14BD43709}" RefRefusjonsgruppe="RID_131214" RefVilkar="ID_5050"/>
<row Id="{A1B93018-1BC0-4847-9B3C-D54EC8B0478C}" RefRefusjonsgruppe="RID_131215" RefVilkar="ID_5050"/>
<row Id="{332B3BE1-91D1-47FB-8E0F-A5FCE864BBB8}" RefRefusjonsgruppe="RID_131216" RefVilkar="ID_5050"/>
<row Id="{E03F5577-AD91-4BE5-AEFD-93F12CE14D2E}" RefRefusjonsgruppe="RID_131217" RefVilkar="ID_5050"/>
<row Id="{F78531C8-B990-4019-88FB-ED4BA7C328DB}" RefRefusjonsgruppe="RID_131218" RefVilkar="ID_5050"/>
<row Id="{8DB933EF-0DC3-456C-8658-ADE51EF6A28E}" RefRefusjonsgruppe="RID_131219" RefVilkar="ID_5050"/>
<row Id="{C934CBB1-A2B5-4DFC-B3C2-AB4F204A70B4}" RefRefusjonsgruppe="RID_131220" RefVilkar="ID_5050"/>
<row Id="{72775486-02A8-4E92-B501-7409D20AF12E}" RefRefusjonsgruppe="RID_131221" RefVilkar="ID_5050"/>
<row Id="{94596016-42D6-42AC-BAA4-20B3EE17AB73}" RefRefusjonsgruppe="RID_131222" RefVilkar="ID_5050"/>
<row Id="{9E11DF9C-43CC-4081-94B8-3D8A8584331A}" RefRefusjonsgruppe="RID_131223" RefVilkar="ID_5050"/>
<row Id="{3A2AA10F-DC18-45B6-947C-0AB3582F7E37}" RefRefusjonsgruppe="RID_131224" RefVilkar="ID_5050"/>
<row Id="{1A2EEA90-BF91-4334-ACDF-CCC00B09CAED}" RefRefusjonsgruppe="RID_131225" RefVilkar="ID_5050"/>
<row Id="{89613648-8F76-440A-B6EB-FC67E1FAE723}" RefRefusjonsgruppe="RID_131276" RefVilkar="ID_5050"/>
<row Id="{0E529DA8-DF16-4E61-89D8-2581C9B8B4E2}" RefRefusjonsgruppe="RID_131277" RefVilkar="ID_5050"/>
<row Id="{09F1CA5D-9594-4669-98F2-84BA77A5575E}" RefRefusjonsgruppe="RID_131278" RefVilkar="ID_5050"/>
<row Id="{5DFCCA91-F49F-47E3-AAC9-D3B62A7A6DAD}" RefRefusjonsgruppe="RID_131279" RefVilkar="ID_5050"/>
<row Id="{FF9C8811-13CA-4C51-B0D7-B7E25532CB1A}" RefRefusjonsgruppe="RID_131280" RefVilkar="ID_5050"/>
<row Id="{3E8E7128-C2FD-4623-B828-81754613B66B}" RefRefusjonsgruppe="RID_131281" RefVilkar="ID_5050"/>
<row Id="{0FD82CB4-5D6D-4B4F-A70F-EA011947118C}" RefRefusjonsgruppe="RID_131283" RefVilkar="ID_5050"/>
<row Id="{868413E3-0100-4F1A-A0E8-109767D7D7EB}" RefRefusjonsgruppe="RID_131284" RefVilkar="ID_5050"/>
<row Id="{D3036986-D246-428A-BD4E-A245A1F4FDFD}" RefRefusjonsgruppe="RID_131285" RefVilkar="ID_5050"/>
<row Id="{42EF7AED-9D68-44D1-ACFE-B08D9FF07E85}" RefRefusjonsgruppe="RID_131286" RefVilkar="ID_5050"/>
<row Id="{5DC87578-F814-4CBD-A768-9DB6162A788E}" RefRefusjonsgruppe="RID_131287" RefVilkar="ID_5050"/>
<row Id="{58B23C14-D1BE-46C4-8774-3C44A2E85C3F}" RefRefusjonsgruppe="RID_131288" RefVilkar="ID_5050"/>
<row Id="{3B664D45-44E8-43EA-BB8A-1E5E37823F88}" RefRefusjonsgruppe="RID_131289" RefVilkar="ID_5050"/>
<row Id="{9C1F92AE-2377-49D8-A2A2-4F6A17552C09}" RefRefusjonsgruppe="RID_131290" RefVilkar="ID_5050"/>
<row Id="{C333878C-D275-4CE9-A03E-46C2FAE3F914}" RefRefusjonsgruppe="RID_131291" RefVilkar="ID_5050"/>
<row Id="{A1F1DAD0-869A-4942-8164-76D2EAC4979E}" RefRefusjonsgruppe="RID_131292" RefVilkar="ID_5050"/>
<row Id="{54E00EA7-08BB-4D73-9C57-CA5FE563AE3C}" RefRefusjonsgruppe="RID_131294" RefVilkar="ID_5050"/>
<row Id="{BEAAE51F-A87A-4149-B32C-2B9EDBB7575D}" RefRefusjonsgruppe="RID_131295" RefVilkar="ID_5050"/>
<row Id="{80F50D58-309A-400D-A460-931D1DED4750}" RefRefusjonsgruppe="RID_131296" RefVilkar="ID_5050"/>
<row Id="{4E2EEC51-B5DC-4849-A3B0-CA3C1132BDCB}" RefRefusjonsgruppe="RID_131297" RefVilkar="ID_5050"/>
<row Id="{D8B06B11-F7E8-4217-9B15-15B283CE21F7}" RefRefusjonsgruppe="RID_131298" RefVilkar="ID_5050"/>
<row Id="{79D9F822-1C6D-4E8F-9819-05EE1EDF68A8}" RefRefusjonsgruppe="RID_131300" RefVilkar="ID_5050"/>
<row Id="{C75F1CA4-8BFF-4C47-865E-C6BEF3398AA4}" RefRefusjonsgruppe="RID_131301" RefVilkar="ID_5050"/>
<row Id="{403A316B-1EC3-410C-ADB0-29A1FC91FC80}" RefRefusjonsgruppe="RID_131302" RefVilkar="ID_5050"/>
<row Id="{BEC08EAC-3F53-49D7-9F9D-03687D64260A}" RefRefusjonsgruppe="RID_131304" RefVilkar="ID_5050"/>
<row Id="{CF1383F4-6F11-4701-8EAD-076C3C54BA7E}" RefRefusjonsgruppe="RID_131306" RefVilkar="ID_5050"/>
<row Id="{1EE408CD-5593-4902-83CF-24D655299CCE}" RefRefusjonsgruppe="RID_131307" RefVilkar="ID_5050"/>
<row Id="{8DB305D5-EE48-4F63-BD33-AD7DD39B6509}" RefRefusjonsgruppe="RID_131308" RefVilkar="ID_5050"/>
<row Id="{538659FB-F486-4E0E-AE08-F4E82023F908}" RefRefusjonsgruppe="RID_131309" RefVilkar="ID_5050"/>
<row Id="{D2D2CF3F-7637-4EFD-9DD4-01473CC67A1E}" RefRefusjonsgruppe="RID_131310" RefVilkar="ID_5050"/>
<row Id="{7DF46019-0858-4C1A-861B-4BB83F6E49E3}" RefRefusjonsgruppe="RID_131311" RefVilkar="ID_5050"/>
<row Id="{902BF0B1-77C9-42E5-B5BB-90E9E6F0E0FE}" RefRefusjonsgruppe="RID_131312" RefVilkar="ID_5050"/>
<row Id="{7149A274-B65D-42D2-9E63-0DAF52F8FA4F}" RefRefusjonsgruppe="RID_131313" RefVilkar="ID_5050"/>
<row Id="{4B79FFF0-100D-4EA9-9AC9-A932B0E15B21}" RefRefusjonsgruppe="RID_131314" RefVilkar="ID_5050"/>
<row Id="{6DF216DF-2909-494B-BF1B-05016B222DBD}" RefRefusjonsgruppe="RID_131315" RefVilkar="ID_5050"/>
<row Id="{892347B1-D959-4D11-A5E1-F40F328C658E}" RefRefusjonsgruppe="RID_131316" RefVilkar="ID_5050"/>
<row Id="{C3CE70FF-95E4-41B3-9168-BD67A4F9B1E0}" RefRefusjonsgruppe="RID_131317" RefVilkar="ID_5050"/>
<row Id="{4E650056-8199-4F2A-AD5B-EA33C6F45F9B}" RefRefusjonsgruppe="RID_131320" RefVilkar="ID_5050"/>
<row Id="{BA714807-3D79-478E-AE5C-8A052AD6305C}" RefRefusjonsgruppe="RID_131321" RefVilkar="ID_5050"/>
<row Id="{2F1A1C31-7A5C-44F5-AB23-9D7F8853CA15}" RefRefusjonsgruppe="RID_131322" RefVilkar="ID_5050"/>
<row Id="{7B500C33-C052-4504-B754-0A253E778B15}" RefRefusjonsgruppe="RID_131323" RefVilkar="ID_5050"/>
<row Id="{11405B68-9776-41F1-8151-C4B5A6704F6F}" RefRefusjonsgruppe="RID_131324" RefVilkar="ID_5050"/>
<row Id="{36290182-8E22-4046-B24E-78E10DA7C930}" RefRefusjonsgruppe="RID_131326" RefVilkar="ID_5050"/>
<row Id="{0C428D2C-7C33-4F77-A2FF-BF23787D32E1}" RefRefusjonsgruppe="RID_131331" RefVilkar="ID_5050"/>
<row Id="{1316820C-CF1D-4751-B8CB-66D027AC4917}" RefRefusjonsgruppe="RID_131332" RefVilkar="ID_5050"/>
<row Id="{05808264-91B2-4C82-B74D-0B536E7E3BD7}" RefRefusjonsgruppe="RID_131333" RefVilkar="ID_5050"/>
<row Id="{9775C389-D1F6-4613-B15E-0F122475ACA6}" RefRefusjonsgruppe="RID_131334" RefVilkar="ID_5050"/>
<row Id="{521E087B-E43B-44BF-8880-AABEC29E1F0C}" RefRefusjonsgruppe="RID_131335" RefVilkar="ID_5050"/>
<row Id="{61EE5222-646A-472F-9AB4-B1ED71C30368}" RefRefusjonsgruppe="RID_131336" RefVilkar="ID_5050"/>
<row Id="{B53E1821-823E-4606-AA01-D6CF9E5E5B2F}" RefRefusjonsgruppe="RID_131337" RefVilkar="ID_5050"/>
<row Id="{66BB1319-8137-46E3-A4A9-297414AF2599}" RefRefusjonsgruppe="RID_131338" RefVilkar="ID_5050"/>
<row Id="{26681C4B-C325-470E-8175-3EB511B3FED4}" RefRefusjonsgruppe="RID_131339" RefVilkar="ID_5050"/>
<row Id="{77B22EC8-B05F-4C72-A3E3-5862FD42BBBC}" RefRefusjonsgruppe="RID_131341" RefVilkar="ID_5050"/>
<row Id="{82A59330-9716-40B3-AB42-2D38CADBAAB4}" RefRefusjonsgruppe="RID_131342" RefVilkar="ID_5050"/>
<row Id="{692EC29A-C335-4CFE-B52A-218FF8A494D0}" RefRefusjonsgruppe="RID_131343" RefVilkar="ID_5050"/>
<row Id="{1BEDB6D5-FB62-4720-87D7-CD56CC282337}" RefRefusjonsgruppe="RID_131344" RefVilkar="ID_5050"/>
<row Id="{9F9AC541-DF07-4CD6-9637-72A41428FE39}" RefRefusjonsgruppe="RID_131345" RefVilkar="ID_5050"/>
<row Id="{45216F21-C690-46B6-9AD2-C63F74B5910B}" RefRefusjonsgruppe="RID_131346" RefVilkar="ID_5050"/>
<row Id="{57B54A79-067D-4E57-8AB0-A4D5165EDB6E}" RefRefusjonsgruppe="RID_131347" RefVilkar="ID_5050"/>
<row Id="{13F082FD-7097-475A-B5FC-A4C19A5539F0}" RefRefusjonsgruppe="RID_131348" RefVilkar="ID_5050"/>
<row Id="{8C2EABCC-776D-4049-9792-1BCE3C468BBA}" RefRefusjonsgruppe="RID_131349" RefVilkar="ID_5050"/>
<row Id="{2150D19B-A3C5-44A3-B45C-B9AAABD14B8A}" RefRefusjonsgruppe="RID_131350" RefVilkar="ID_5050"/>
<row Id="{33B7B211-F552-405C-885D-658192796C99}" RefRefusjonsgruppe="RID_131351" RefVilkar="ID_5050"/>
<row Id="{B2AFE0E7-63AF-4B3C-8E27-BF5D3CBB7E37}" RefRefusjonsgruppe="RID_131352" RefVilkar="ID_5050"/>
<row Id="{B0780439-1399-4471-BDD0-C4588E24D5CC}" RefRefusjonsgruppe="RID_131353" RefVilkar="ID_5050"/>
<row Id="{7E8D0C0C-2575-4AEC-B30F-CD50BC6263B2}" RefRefusjonsgruppe="RID_131354" RefVilkar="ID_5050"/>
<row Id="{13545E19-8C4A-483F-A275-FED8A826FB73}" RefRefusjonsgruppe="RID_131355" RefVilkar="ID_5050"/>
<row Id="{A5713C79-0404-42B7-AA7B-71DA62ED8CDE}" RefRefusjonsgruppe="RID_131356" RefVilkar="ID_5050"/>
<row Id="{B58AFA7E-A5ED-4826-AEC1-0FE3059BFE01}" RefRefusjonsgruppe="RID_131357" RefVilkar="ID_5050"/>
<row Id="{E60855FD-5CB4-440D-AD22-62B09AFD2EFD}" RefRefusjonsgruppe="RID_131358" RefVilkar="ID_5050"/>
<row Id="{DF066D40-0942-4E6A-ABDB-FAAEC6EAA27F}" RefRefusjonsgruppe="RID_131359" RefVilkar="ID_5050"/>
<row Id="{5B045363-A066-493F-853D-B7E1E9E61687}" RefRefusjonsgruppe="RID_131360" RefVilkar="ID_5050"/>
<row Id="{2707A113-BA0D-4140-BB22-551F0185039B}" RefRefusjonsgruppe="RID_131361" RefVilkar="ID_5050"/>
<row Id="{3E536A60-6DE6-4401-9CCF-FE8B3195F799}" RefRefusjonsgruppe="RID_131362" RefVilkar="ID_5050"/>
<row Id="{6C32C4FB-1022-4E1F-8AD0-EDCFAAC51903}" RefRefusjonsgruppe="RID_131363" RefVilkar="ID_5050"/>
<row Id="{EFBB8345-30EC-43C5-B127-9D8061EE40E3}" RefRefusjonsgruppe="RID_131364" RefVilkar="ID_5050"/>
<row Id="{B64F12F2-36C7-4921-A890-A686C6B3A260}" RefRefusjonsgruppe="RID_131365" RefVilkar="ID_5050"/>
<row Id="{A1B2C8A3-F829-41AC-AEBE-EE737136679B}" RefRefusjonsgruppe="RID_131366" RefVilkar="ID_5050"/>
<row Id="{ACAABCDA-65E4-4A64-98C1-C969FFF57B25}" RefRefusjonsgruppe="RID_131367" RefVilkar="ID_5050"/>
<row Id="{1ABC1536-C8F9-4B8A-A022-7B2952B6340D}" RefRefusjonsgruppe="RID_131368" RefVilkar="ID_5050"/>
<row Id="{96D6F6F4-AF01-481B-81BF-3929DBC0B684}" RefRefusjonsgruppe="RID_131369" RefVilkar="ID_5050"/>
<row Id="{EFA3B272-E70D-4C5D-A6AB-8F315C62D397}" RefRefusjonsgruppe="RID_131370" RefVilkar="ID_5050"/>
<row Id="{B84995E1-7D53-4421-97E2-55318584F61F}" RefRefusjonsgruppe="RID_131371" RefVilkar="ID_5050"/>
<row Id="{C5E24391-6A41-4323-A5AA-6046031163C7}" RefRefusjonsgruppe="RID_131372" RefVilkar="ID_5050"/>
<row Id="{2ECF5142-0538-45B5-A13C-6472856BBE3C}" RefRefusjonsgruppe="RID_131373" RefVilkar="ID_5050"/>
<row Id="{EC660B3A-79E8-4A9B-86F3-3F32803E100D}" RefRefusjonsgruppe="RID_131374" RefVilkar="ID_5050"/>
<row Id="{EF9D15EC-0278-4821-A3BB-9DFB15D8D361}" RefRefusjonsgruppe="RID_131375" RefVilkar="ID_5050"/>
<row Id="{5A495AF5-CDC7-4F66-8004-518452733701}" RefRefusjonsgruppe="RID_136005" RefVilkar="ID_5050"/>
<row Id="{838CEA98-7DCA-417E-8AE5-EA417700A96B}" RefRefusjonsgruppe="RID_136007" RefVilkar="ID_5050"/>
<row Id="{69BCE3D0-32EA-4E64-93FF-77E2A82D2FBE}" RefRefusjonsgruppe="RID_1802749" RefVilkar="ID_5050"/>
<row Id="{302C2080-08E9-457F-A607-CA9D830134D9}" RefRefusjonsgruppe="RID_1802750" RefVilkar="ID_5050"/>
<row Id="{254F83B6-32CF-48D5-82E7-E331AB8DC938}" RefRefusjonsgruppe="RID_2384762" RefVilkar="ID_5050"/>
<row Id="{1E9F4C5A-1F2E-4885-AEC7-B283BBC036E4}" RefRefusjonsgruppe="RID_2384763" RefVilkar="ID_5050"/>
<row Id="{B9122297-651A-4DDC-9225-63ECEFDBED26}" RefRefusjonsgruppe="RID_264955" RefVilkar="ID_5050"/>
<row Id="{EAE16A51-814F-4BC0-B9CF-84F83004C0C7}" RefRefusjonsgruppe="RID_267951" RefVilkar="ID_5050"/>
<row Id="{1287CD7A-E4EA-4107-8A99-B6C0806B4B68}" RefRefusjonsgruppe="RID_936952" RefVilkar="ID_5050"/>
<row Id="{2513EFAE-4775-4BBC-A93B-E4A98B42BB8A}" RefRefusjonsgruppe="RID_131323" RefVilkar="ID_5051"/>
<row Id="{07555558-E69B-45EC-B6CE-EDCAC104FEB0}" RefRefusjonsgruppe="RID_936952" RefVilkar="ID_5051"/>
<row Id="{B92AE735-5ABD-45AB-9E01-600B94D9DF70}" RefRefusjonsgruppe="RID_131323" RefVilkar="ID_5053"/>
<row Id="{44B40EDA-EA1E-419A-B223-EA2BD7F76B15}" RefRefusjonsgruppe="RID_936952" RefVilkar="ID_5054"/>
<row Id="{646E0A79-6398-4FFD-B942-A0D557F8C1C7}" RefRefusjonsgruppe="RID_131324" RefVilkar="ID_5055"/>
<row Id="{4649C5EA-72DB-40C5-8AD2-7403EB911174}" RefRefusjonsgruppe="RID_131326" RefVilkar="ID_5056"/>
<row Id="{EB4A0072-7B94-423D-AA73-509CBEECB33B}" RefRefusjonsgruppe="RID_2384763" RefVilkar="ID_5057"/>
<row Id="{C806F9CF-3118-4A0F-B9E4-D0EE3548E18F}" RefRefusjonsgruppe="RID_131174" RefVilkar="ID_5060"/>
<row Id="{13DCE6A6-BDA1-4B37-821F-D18A972BAA1B}" RefRefusjonsgruppe="RID_131226" RefVilkar="ID_5060"/>
<row Id="{0F39D80D-BB0A-4DCD-BCBE-528E23BC5F98}" RefRefusjonsgruppe="RID_131383" RefVilkar="ID_5060"/>
<row Id="{0C669DF8-B160-4275-AF25-CDBD07B07B8B}" RefRefusjonsgruppe="RID_131384" RefVilkar="ID_5060"/>
<row Id="{12AE22DB-9FAA-446F-B9F8-4C2CC4091EF0}" RefRefusjonsgruppe="RID_131385" RefVilkar="ID_5060"/>
<row Id="{0DCA80CC-A296-4974-B9C4-C50AAF41683A}" RefRefusjonsgruppe="RID_131386" RefVilkar="ID_5060"/>
<row Id="{0E882D4E-78BC-4E2C-B763-B572361D6FE7}" RefRefusjonsgruppe="RID_131387" RefVilkar="ID_5060"/>
<row Id="{654788D4-D682-4696-B9E3-5DFC32ABCF7E}" RefRefusjonsgruppe="RID_131388" RefVilkar="ID_5060"/>
<row Id="{8743438F-5553-4DB4-998F-368DB433095D}" RefRefusjonsgruppe="RID_131175" RefVilkar="ID_5070"/>
<row Id="{DA450E08-D96D-4BFC-BDCD-D61B4CE72E35}" RefRefusjonsgruppe="RID_131227" RefVilkar="ID_5070"/>
<row Id="{C744EE2D-1FE0-4C2D-B71D-E091AA2C0F04}" RefRefusjonsgruppe="RID_131389" RefVilkar="ID_5070"/>
<row Id="{459EDCE0-7F84-495D-91F3-24C213C89BFD}" RefRefusjonsgruppe="RID_131390" RefVilkar="ID_5070"/>
<row Id="{90D5E6A9-1851-4B58-943C-9AA012E8E221}" RefRefusjonsgruppe="RID_131391" RefVilkar="ID_5070"/>
<row Id="{46325164-A81B-48B9-9C34-B49F34E1318D}" RefRefusjonsgruppe="RID_131392" RefVilkar="ID_5070"/>
<row Id="{383620AC-64E2-42EB-BF7D-CDB5A5EA5449}" RefRefusjonsgruppe="RID_131393" RefVilkar="ID_5070"/>
<row Id="{3DF17C2C-0857-4D1E-9F39-9D924C5E7C3D}" RefRefusjonsgruppe="RID_131394" RefVilkar="ID_5070"/>
<row Id="{2C27A4C9-2773-49BD-96E7-1ECD6402AD21}" RefRefusjonsgruppe="RID_136028" RefVilkar="ID_5070"/>
<row Id="{EF27D7AA-AB41-444A-8F82-CC942440BE49}" RefRefusjonsgruppe="RID_131389" RefVilkar="ID_5071"/>
<row Id="{4627A811-8816-4A3F-A5A3-00C0F1D7AEA3}" RefRefusjonsgruppe="RID_131176" RefVilkar="ID_5080"/>
<row Id="{054A24A0-FE33-4343-BBB7-C51DBEE4629B}" RefRefusjonsgruppe="RID_131228" RefVilkar="ID_5080"/>
<row Id="{8E676720-2504-4C55-901F-E3085722A171}" RefRefusjonsgruppe="RID_131395" RefVilkar="ID_5080"/>
<row Id="{04740D2E-368C-410A-BB0A-25C655A4AF22}" RefRefusjonsgruppe="RID_131177" RefVilkar="ID_5090"/>
<row Id="{8D320C34-4F9D-4913-8A70-56C990F065B7}" RefRefusjonsgruppe="RID_131229" RefVilkar="ID_5090"/>
<row Id="{83DBD14B-31D3-4230-93B2-47DB8AC99FB6}" RefRefusjonsgruppe="RID_131396" RefVilkar="ID_5090"/>
<row Id="{E7F87A64-5631-48C2-9CB4-760AEFC27035}" RefRefusjonsgruppe="RID_131177" RefVilkar="ID_5091"/>
<row Id="{B12C20F1-6066-47FE-9487-31AC07407595}" RefRefusjonsgruppe="RID_131229" RefVilkar="ID_5091"/>
<row Id="{192B0BC4-1E1B-4A5B-8C70-925E03CCF611}" RefRefusjonsgruppe="RID_131396" RefVilkar="ID_5091"/>
<row Id="{F220F239-4C97-436C-9B5D-4473DE28B974}" RefRefusjonsgruppe="RID_131178" RefVilkar="ID_5100"/>
<row Id="{0222F335-F5CA-4269-A189-B5922D2CC1D5}" RefRefusjonsgruppe="RID_131230" RefVilkar="ID_5100"/>
<row Id="{771CD8FF-FF60-4C5D-ACEA-47D6AFB3B3C1}" RefRefusjonsgruppe="RID_131422" RefVilkar="ID_5100"/>
<row Id="{9241134B-30B6-41F6-98A2-4BC661FB1C78}" RefRefusjonsgruppe="RID_131178" RefVilkar="ID_5101"/>
<row Id="{3165FBB2-5524-4881-A2C3-9206C3873A89}" RefRefusjonsgruppe="RID_131230" RefVilkar="ID_5101"/>
<row Id="{8CE0C612-A22E-4B71-91F6-327C7C6AE4BE}" RefRefusjonsgruppe="RID_131422" RefVilkar="ID_5101"/>
<row Id="{49738095-0190-46C8-8154-A6953C816462}" RefRefusjonsgruppe="RID_833954" RefVilkar="ID_5110"/>
<row Id="{2F61FD4C-F0AF-41B0-A628-F6D69A78DFB7}" RefRefusjonsgruppe="RID_833955" RefVilkar="ID_5110"/>
<row Id="{AA182914-95BD-444C-9F8E-D4422F3395A2}" RefRefusjonsgruppe="RID_833956" RefVilkar="ID_5110"/>
<row Id="{4E22A667-0F89-4A3A-B511-71EE3C014BFF}" RefRefusjonsgruppe="RID_833957" RefVilkar="ID_5110"/>
<row Id="{7DC825D3-DC00-407B-A808-21E0BEFE302C}" RefRefusjonsgruppe="RID_833958" RefVilkar="ID_5110"/>
<row Id="{B64F0897-3117-4FF8-A1E7-0AD4804E3D01}" RefRefusjonsgruppe="RID_833959" RefVilkar="ID_5110"/>
<row Id="{B6C01E90-E91D-411B-9864-233FD366E0B5}" RefRefusjonsgruppe="RID_833960" RefVilkar="ID_5110"/>
<row Id="{FFC03FEB-4AAC-43CD-B557-E02ADED913DF}" RefRefusjonsgruppe="RID_833961" RefVilkar="ID_5110"/>
<row Id="{A5F288A6-FA46-4CC5-A7A9-09CD874E72D4}" RefRefusjonsgruppe="RID_1954759" RefVilkar="ID_5120"/>
<row Id="{2269989E-DE20-4373-A5F7-8C8566E1D59A}" RefRefusjonsgruppe="RID_1957759" RefVilkar="ID_5120"/>
<row Id="{ED82D837-BC11-4A5C-86C5-C565BB24B728}" RefRefusjonsgruppe="RID_1957760" RefVilkar="ID_5120"/>
<row Id="{EA11C293-DC5C-4110-B166-B472EA8B4C9C}" RefRefusjonsgruppe="RID_2089760" RefVilkar="ID_5130"/>
<row Id="{9DA4D079-BE78-4DDB-859E-25F59F267CD5}" RefRefusjonsgruppe="RID_2089761" RefVilkar="ID_5130"/>
<row Id="{BD855C9D-111E-48CE-BF41-64044533698B}" RefRefusjonsgruppe="RID_2089762" RefVilkar="ID_5130"/>
<row Id="{AD566D90-0259-4B79-A64E-659DB7AD67BC}" RefRefusjonsgruppe="RID_2244761" RefVilkar="ID_5140"/>
<row Id="{7E1A4A21-FADA-47B6-BA7F-5F05E9D00D6E}" RefRefusjonsgruppe="RID_2244762" RefVilkar="ID_5140"/>
<row Id="{D75083AA-426D-431A-B5F1-24C4440D2339}" RefRefusjonsgruppe="RID_2244763" RefVilkar="ID_5140"/>
<row Id="{76E5CD94-BC43-42A7-A710-CAEC8FF226A0}" RefRefusjonsgruppe="RID_2383761" RefVilkar="ID_5140"/>
<row Id="{779F78A7-CF5B-4377-80AE-88F84849E6D7}" RefRefusjonsgruppe="RID_2383762" RefVilkar="ID_5140"/>
<row Id="{EE6216EE-0486-435B-A5F3-D4E637EB0E90}" RefRefusjonsgruppe="RID_2383763" RefVilkar="ID_5140"/>
<row Id="{0C53A97E-C447-4A58-AABE-0DEE29D7A2E8}" RefRefusjonsgruppe="RID_2383764" RefVilkar="ID_5140"/>
<row Id="{5EB2FCC0-6CA6-4FC3-922E-D759B498013F}" RefRefusjonsgruppe="RID_2383765" RefVilkar="ID_5140"/>
<row Id="{D1CACDF0-4474-4D3D-9B31-995DD8625430}" RefRefusjonsgruppe="RID_2383766" RefVilkar="ID_5140"/>
<row Id="{BFF8A5D8-31AB-49D8-B2F7-D49DC059CDCC}" RefRefusjonsgruppe="RID_1422749" RefVilkar="ID_5991"/>
<row Id="{E775FCAC-6B2E-4723-8F2F-1D8D3B4D2EC0}" RefRefusjonsgruppe="RID_131179" RefVilkar="ID_6001"/>
<row Id="{BE983926-7C08-4490-A280-FCAD1F7D42DB}" RefRefusjonsgruppe="RID_131180" RefVilkar="ID_6001"/>
<row Id="{B6EC8700-B1DC-4B92-B6F2-C883E259A177}" RefRefusjonsgruppe="RID_131231" RefVilkar="ID_6001"/>
<row Id="{DC5DD4F4-AAF6-4A77-B63A-6B50369AA70F}" RefRefusjonsgruppe="RID_131232" RefVilkar="ID_6001"/>
<row Id="{233D4957-E9EF-4B32-8BF5-EB582231C4ED}" RefRefusjonsgruppe="RID_131233" RefVilkar="ID_6001"/>
<row Id="{8D2EB51C-E28D-449C-A89E-626DEC8BFC27}" RefRefusjonsgruppe="RID_131234" RefVilkar="ID_6001"/>
<row Id="{3D28CD4C-2BDC-4712-95C6-189ECDB5A49A}" RefRefusjonsgruppe="RID_131235" RefVilkar="ID_6001"/>
<row Id="{0C446DCC-B505-4018-8E22-767B4379E10B}" RefRefusjonsgruppe="RID_131236" RefVilkar="ID_6001"/>
<row Id="{73CEEBA9-4974-4233-B27D-8FD2247214AF}" RefRefusjonsgruppe="RID_131237" RefVilkar="ID_6001"/>
<row Id="{CFC8BFA3-5A8A-4952-AF28-A9F34715A009}" RefRefusjonsgruppe="RID_131238" RefVilkar="ID_6001"/>
<row Id="{4C1CE005-DE7B-4B1D-A58B-E24C6B5DDBB1}" RefRefusjonsgruppe="RID_131239" RefVilkar="ID_6001"/>
<row Id="{017DE0EE-4FAB-44CA-B89C-075FA0B00275}" RefRefusjonsgruppe="RID_131240" RefVilkar="ID_6001"/>
<row Id="{F21DCB80-606C-419D-A151-948AD09974D0}" RefRefusjonsgruppe="RID_131241" RefVilkar="ID_6001"/>
<row Id="{ACA077AA-1874-4DA0-B014-20235095CC6E}" RefRefusjonsgruppe="RID_131424" RefVilkar="ID_6001"/>
<row Id="{C79C0718-A3D6-46E1-B7B6-E408EDDF8A46}" RefRefusjonsgruppe="RID_131425" RefVilkar="ID_6001"/>
<row Id="{717C8F6A-AF33-4A89-AC9E-A9CA383D4642}" RefRefusjonsgruppe="RID_131426" RefVilkar="ID_6001"/>
<row Id="{BB4BAA7C-05CB-4947-9FE2-C7B2D5449C8A}" RefRefusjonsgruppe="RID_131427" RefVilkar="ID_6001"/>
<row Id="{ADF9B854-C7B5-4F49-841B-94F818F2CFD1}" RefRefusjonsgruppe="RID_131428" RefVilkar="ID_6001"/>
<row Id="{8A935AC2-4BC1-4764-810D-B8B45FD1822A}" RefRefusjonsgruppe="RID_131429" RefVilkar="ID_6001"/>
<row Id="{61E91199-2A96-4020-9516-146244D327D0}" RefRefusjonsgruppe="RID_131430" RefVilkar="ID_6001"/>
<row Id="{1FC43DBB-EBA5-4FCB-930B-4C0BB67EC5B6}" RefRefusjonsgruppe="RID_131431" RefVilkar="ID_6001"/>
<row Id="{425CF43F-95E8-47CA-BFC3-540B89CF85B4}" RefRefusjonsgruppe="RID_131432" RefVilkar="ID_6001"/>
<row Id="{13EA5BF1-925A-432D-921F-4321E2CD3501}" RefRefusjonsgruppe="RID_131433" RefVilkar="ID_6001"/>
<row Id="{A232D1AD-DE06-43D1-9BDB-1FE86DDD65C0}" RefRefusjonsgruppe="RID_131434" RefVilkar="ID_6001"/>
<row Id="{F3AE76F6-4137-41E4-B012-0939CBCF59C1}" RefRefusjonsgruppe="RID_131179" RefVilkar="ID_6010"/>
<row Id="{ED8EDB25-66AF-4763-A3E7-B872DB5B9A1A}" RefRefusjonsgruppe="RID_131231" RefVilkar="ID_6010"/>
<row Id="{A9191829-6357-43EE-801F-651F11D02662}" RefRefusjonsgruppe="RID_131232" RefVilkar="ID_6010"/>
<row Id="{37FFC95F-4F27-4726-BDC4-B53060EC58C2}" RefRefusjonsgruppe="RID_131233" RefVilkar="ID_6010"/>
<row Id="{4509B5DB-A3C3-431F-82DF-9DBBB5A32EB2}" RefRefusjonsgruppe="RID_131234" RefVilkar="ID_6010"/>
<row Id="{C1686982-B695-4588-B91D-613D4E96B116}" RefRefusjonsgruppe="RID_131235" RefVilkar="ID_6010"/>
<row Id="{2987E28E-C6EC-416E-A196-6DB731D06661}" RefRefusjonsgruppe="RID_131236" RefVilkar="ID_6010"/>
<row Id="{EB4A1F97-80AA-4731-BB50-6F626F7D3AC8}" RefRefusjonsgruppe="RID_131424" RefVilkar="ID_6010"/>
<row Id="{DBC35D3B-8817-4294-BA6E-BDB0A64CF9F7}" RefRefusjonsgruppe="RID_131425" RefVilkar="ID_6010"/>
<row Id="{D0BA1463-2F35-4D33-9AC0-115B7F01F785}" RefRefusjonsgruppe="RID_131426" RefVilkar="ID_6010"/>
<row Id="{7173C856-FA05-4E42-9E94-F1E60DE23C5E}" RefRefusjonsgruppe="RID_131427" RefVilkar="ID_6010"/>
<row Id="{6B41AC2B-370A-489E-92CF-104A9D0ABCC0}" RefRefusjonsgruppe="RID_131428" RefVilkar="ID_6010"/>
<row Id="{2A4EBFA6-9AEA-46F4-9E72-6B5AE51CA926}" RefRefusjonsgruppe="RID_131429" RefVilkar="ID_6010"/>
<row Id="{910E0DAE-69AB-4CB7-A6B6-E6B06A991647}" RefRefusjonsgruppe="RID_131180" RefVilkar="ID_6020"/>
<row Id="{7E4D6E33-3062-4246-99FF-A5CA037EE30B}" RefRefusjonsgruppe="RID_131237" RefVilkar="ID_6020"/>
<row Id="{30925F0B-A17E-4B76-9ACF-41C4035CEE67}" RefRefusjonsgruppe="RID_131238" RefVilkar="ID_6020"/>
<row Id="{71597E01-AFB3-494C-A382-ADBAE05E93A0}" RefRefusjonsgruppe="RID_131239" RefVilkar="ID_6020"/>
<row Id="{102C14A8-E086-4ABA-91D4-2CC5D5902093}" RefRefusjonsgruppe="RID_131240" RefVilkar="ID_6020"/>
<row Id="{466AEC16-B6A0-4613-B40C-5CFEE7F9921D}" RefRefusjonsgruppe="RID_131241" RefVilkar="ID_6020"/>
<row Id="{132C1FDB-2CCD-4341-82D0-3DD04D45FC79}" RefRefusjonsgruppe="RID_131430" RefVilkar="ID_6020"/>
<row Id="{FC592747-B222-447B-9D7A-7DA5FCA92E61}" RefRefusjonsgruppe="RID_131431" RefVilkar="ID_6020"/>
<row Id="{43ED7389-A0E6-419E-8544-1B53082F672E}" RefRefusjonsgruppe="RID_131432" RefVilkar="ID_6020"/>
<row Id="{F9D6F342-5998-4FE1-877C-6F913D5B3D21}" RefRefusjonsgruppe="RID_131433" RefVilkar="ID_6020"/>
<row Id="{8F263C08-BF64-4FA1-81C8-728E63D29BEE}" RefRefusjonsgruppe="RID_131434" RefVilkar="ID_6020"/>
<row Id="{59B3CE77-5CE4-4D39-9139-ADF82033BCBF}" RefRefusjonsgruppe="RID_131180" RefVilkar="ID_6021"/>
<row Id="{53C894F3-E3A9-4C85-9463-7091A5D0A06E}" RefRefusjonsgruppe="RID_131237" RefVilkar="ID_6021"/>
<row Id="{F9CE081B-42B2-4FB6-AB02-9CF8D66682FE}" RefRefusjonsgruppe="RID_131238" RefVilkar="ID_6021"/>
<row Id="{C45C532C-82DC-486A-AA53-48C3F9A0CC9A}" RefRefusjonsgruppe="RID_131239" RefVilkar="ID_6021"/>
<row Id="{B614C14A-32A5-4D51-8059-21B123493F62}" RefRefusjonsgruppe="RID_131240" RefVilkar="ID_6021"/>
<row Id="{1D2726D5-69F9-454A-8951-7CF965EC3290}" RefRefusjonsgruppe="RID_131241" RefVilkar="ID_6021"/>
<row Id="{DA92A0AF-55AB-40E8-A12E-A6D029C6E8A1}" RefRefusjonsgruppe="RID_131430" RefVilkar="ID_6021"/>
<row Id="{CBCC0A2D-1F29-4353-A584-4735F69555B3}" RefRefusjonsgruppe="RID_131431" RefVilkar="ID_6021"/>
<row Id="{46E95519-D24A-433E-9144-4845C059B879}" RefRefusjonsgruppe="RID_131432" RefVilkar="ID_6021"/>
<row Id="{F927D6EF-6ADC-4220-AA98-AEACB3A1CD2F}" RefRefusjonsgruppe="RID_131433" RefVilkar="ID_6021"/>
<row Id="{DAACE123-D1EC-49BC-98C6-752661E6B589}" RefRefusjonsgruppe="RID_131434" RefVilkar="ID_6021"/>
<row Id="{DA946613-515F-447B-AFF5-783B84228A60}" RefRefusjonsgruppe="RID_131181" RefVilkar="ID_6030"/>
<row Id="{B86FAC84-505E-40D9-B426-7F3DAFFE126B}" RefRefusjonsgruppe="RID_131242" RefVilkar="ID_6030"/>
<row Id="{546C2F03-73E8-47D5-AECF-8FDEFF60A3E1}" RefRefusjonsgruppe="RID_131423" RefVilkar="ID_6030"/>
<row Id="{9B2767AB-B598-4AB9-AAD9-9D09C5A89501}" RefRefusjonsgruppe="RID_136068" RefVilkar="ID_6040"/>
<row Id="{8868B7A5-7991-4729-B34A-BB257A33CF33}" RefRefusjonsgruppe="RID_136069" RefVilkar="ID_6040"/>
<row Id="{2C008046-C71D-4CEF-99C9-71819BB2F3BC}" RefRefusjonsgruppe="RID_136070" RefVilkar="ID_6040"/>
<row Id="{D3F8DA46-9EFC-4994-BDF8-92A628ABB3A7}" RefRefusjonsgruppe="RID_136071" RefVilkar="ID_6040"/>
<row Id="{3BBEED45-B6EC-4963-9805-2614C6B90737}" RefRefusjonsgruppe="RID_136072" RefVilkar="ID_6040"/>
<row Id="{1D12D84A-E258-4BBD-AA7D-DFCF312E0A1F}" RefRefusjonsgruppe="RID_136073" RefVilkar="ID_6040"/>
<row Id="{E9AFEA96-04F9-4FAD-A8A1-FC8AAE718CF8}" RefRefusjonsgruppe="RID_136074" RefVilkar="ID_6040"/>
<row Id="{9629C6F4-4755-4CE9-B514-D865F53CA6E2}" RefRefusjonsgruppe="RID_136075" RefVilkar="ID_6040"/>
<row Id="{DD3D1D0E-1871-4529-B755-E9CC23F3BE48}" RefRefusjonsgruppe="RID_136076" RefVilkar="ID_6040"/>
<row Id="{951AFA67-84CB-4FC2-BC44-F52685061337}" RefRefusjonsgruppe="RID_136077" RefVilkar="ID_6040"/>
<row Id="{AA9256C0-1E7E-4BD2-A442-81A121F92B0B}" RefRefusjonsgruppe="RID_136078" RefVilkar="ID_6040"/>
<row Id="{2812E06E-A30D-4111-BB8E-30330CCAE030}" RefRefusjonsgruppe="RID_136079" RefVilkar="ID_6040"/>
<row Id="{BF5B40F1-12CB-45B4-A3CF-10B322B54D49}" RefRefusjonsgruppe="RID_136080" RefVilkar="ID_6040"/>
</FEST.GruppeVilkar>
