<?xml version="1.0" encoding="ISO-8859-1"?>
<MetaFormCarryException>
<Row RowId="1" FormId="733" ItemId="4527" EnumVal="2" LastUpdate="2015-04-15T13:36:14.760Z"/>
<Row RowId="2" FormId="743" ItemId="4527" EnumVal="2" LastUpdate="2015-04-15T13:36:14.760Z"/>
<Row RowId="3" FormId="743" ItemId="4087" EnumVal="1" LastUpdate="2015-04-15T13:36:14.760Z"/>
<Row RowId="4" FormId="743" ItemId="4087" EnumVal="2" LastUpdate="2015-04-15T13:36:14.760Z"/>
<Row RowId="5" FormId="743" ItemId="4087" EnumVal="4" LastUpdate="2015-04-15T13:36:14.760Z"/>
<Row RowId="6" FormId="733" ItemId="4087" EnumVal="1" LastUpdate="2015-04-15T13:36:14.760Z"/>
<Row RowId="7" FormId="733" ItemId="4087" EnumVal="2" LastUpdate="2015-04-15T13:36:14.760Z"/>
<Row RowId="8" FormId="733" ItemId="4087" EnumVal="4" LastUpdate="2015-04-15T13:36:14.760Z"/>
<Row RowId="9" FormId="734" ItemId="3389" EnumVal="4" LastUpdate="2015-04-15T13:36:14.760Z"/>
<Row RowId="10" FormId="686" ItemId="3389" EnumVal="4" LastUpdate="2015-04-15T13:36:14.760Z"/>
<Row RowId="11" FormId="649" ItemId="3389" EnumVal="4" LastUpdate="2015-04-15T13:36:14.760Z"/>
<Row RowId="12" FormId="733" ItemId="3336" EnumVal="3" LastUpdate="2015-04-15T13:36:14.760Z"/>
<Row RowId="13" FormId="743" ItemId="3336" EnumVal="3" LastUpdate="2015-04-15T13:36:14.760Z"/>

</MetaFormCarryException>


