<?xml version="1.0" encoding="ISO-8859-1"?>
<DSSStudyRule>
<row StudyRuleId="1" StudyName="GBD" RuleId="1" RuleActive="0"/>
<row StudyRuleId="2" StudyName="GBD" RuleId="2" RuleActive="1"/>
<row StudyRuleId="3" StudyName="GBD" RuleId="3" RuleActive="1"/>
<row StudyRuleId="4" StudyName="GBD" RuleId="4" RuleActive="1"/>
<row StudyRuleId="5" StudyName="GBD" RuleId="5" RuleActive="1"/>
<row StudyRuleId="6" StudyName="GBD" RuleId="6" RuleActive="1"/>
<row StudyRuleId="7" StudyName="GBD" RuleId="7" RuleActive="1"/>
<row StudyRuleId="8" StudyName="GBD" RuleId="8" RuleActive="1"/>
<row StudyRuleId="9" StudyName="GBD" RuleId="9" RuleActive="1"/>
<row StudyRuleId="10" StudyName="GBD" RuleId="10" RuleActive="0"/>
<row StudyRuleId="11" StudyName="GBD" RuleId="11" RuleActive="1"/>
<row StudyRuleId="12" StudyName="GBD" RuleId="12" RuleActive="1"/>
<row StudyRuleId="13" StudyName="GBD" RuleId="13" RuleActive="1"/>
<row StudyRuleId="14" StudyName="GBD" RuleId="14" RuleActive="1"/>
<row StudyRuleId="15" StudyName="NDV" RuleId="15" RuleActive="1"/>
<row StudyRuleId="16" StudyName="NDV" RuleId="16" RuleActive="1"/>
<row StudyRuleId="17" StudyName="NDV" RuleId="17" RuleActive="1"/>
<row StudyRuleId="18" StudyName="GBD" RuleId="18" RuleActive="1"/>
<row StudyRuleId="19" StudyName="GBD" RuleId="19" RuleActive="1"/>
<row StudyRuleId="20" StudyName="NDV" RuleId="11" RuleActive="1"/>
<row StudyRuleId="21" StudyName="NDV" RuleId="20" RuleActive="1"/>
<row StudyRuleId="22" StudyName="NDV" RuleId="21" RuleActive="1"/>
<row StudyRuleId="23" StudyName="NDV" RuleId="3" RuleActive="1"/>
<row StudyRuleId="24" StudyName="ENDO" RuleId="3" RuleActive="1"/>
<row StudyRuleId="25" StudyName="ENDO" RuleId="17" RuleActive="1"/>
<row StudyRuleId="26" StudyName="ENDO" RuleId="15" RuleActive="1"/>
<row StudyRuleId="27" StudyName="ENDO" RuleId="20" RuleActive="1"/>
<row StudyRuleId="28" StudyName="ENDO" RuleId="11" RuleActive="1"/>
<row StudyRuleId="29" StudyName="ENDO" RuleId="16" RuleActive="1"/>
<row StudyRuleId="30" StudyName="GBD" RuleId="22" RuleActive="1"/>
<row StudyRuleId="31" StudyName="GBD" RuleId="23" RuleActive="1"/>

</DSSStudyRule>


