<?xml version="1.0" encoding="ISO-8859-1"?>
<MetaNomList>
<list ListId="1" ListName="ICPC" ListActive="0" ListVersion="2007" LCID="1044" DxSystem="1"/>
<list ListId="2" ListName="ICD9" ListActive="1" ListVersion="2007" LCID="1044" DxSystem="2"/>
<list ListId="3" ListName="ICD9CM" ListActive="0" ListVersion="2007" LCID="1044" DxSystem="3"/>
<list ListId="4" ListName="ICD-10" ListActive="1" ListVersion="2004" LCID="1044" DxSystem="4" OID="7110"/>
<list ListId="5" ListName="ICPC-2" ListActive="1" ListVersion="2004" LCID="1044" DxSystem="1" OID="7170"/>
<list ListId="6" ListName="KSH97P" ListActive="1" ListVersion="1997" LCID="1053" DxSystem="4"/>
<list ListId="7" ListName="KSH97" ListActive="1" ListVersion="2008" LCID="1053" DxSystem="4"/>
<list ListId="8" ListName="ICD10T3" ListActive="1" ListVersion="2009" LCID="1053" DxSystem="4"/>
<list ListId="10" ListName="UNO" ListActive="1" ListVersion="2010" LCID="1044"/>
<list ListId="11" ListName="ROAS" ListActive="1" ListVersion="2011" LCID="1044" DxSystem="0"/>
<list ListId="12" ListName="ICPC-Ref" ListActive="1" ListVersion="2010" LCID="1044" OID="7434"/>
<list ListId="13" ListName="ICD10-Ref" ListActive="1" ListVersion="2010" LCID="1044" OID="7435"/>
<list ListId="14" ListName="Administrasjonsvei" ListActive="1" ListVersion="2010" LCID="1044" OID="7477"/>
<list ListId="15" ListName="Refusjonskoder" ListActive="1" ListVersion="2010" LCID="1044" OID="7427"/>
<list ListId="16" ListName="ICD-10 Ugyldige 3-tegn" ListActive="0" ListVersion="2012" LCID="1044" DxSystem="4"/>
<list ListId="17" ListName="ICD-10 Grupper" ListActive="1" ListVersion="2012" LCID="1044"/>
<list ListId="18" ListName="Balanselaben" ListActive="1" ListVersion="2014" LCID="1044" DxSystem="4" OID="7435"/>

</MetaNomList>


